ISO-10303-21;
HEADER;
FILE_DESCRIPTION(('Designed by EasyEDA Pro'),'2;1');
FILE_NAME('Open CASCADE Shape Model','2026-09-03T21:31:56',('Author'),(
    'Open CASCADE'),'Open CASCADE STEP processor 7.8','Open CASCADE 7.8'
  ,'Unknown');
FILE_SCHEMA(('AUTOMOTIVE_DESIGN { 1 0 10303 214 1 1 1 1 }'));
ENDSEC;
DATA;

#1 = APPLICATION_PROTOCOL_DEFINITION('international standard',  'automotive_design',2000,#2);
#2 = APPLICATION_CONTEXT(  'core data for automotive mechanical design processes');
#3 = SHAPE_DEFINITION_REPRESENTATION(#4,#10);
#4 = PRODUCT_DEFINITION_SHAPE('','',#5);
#5 = PRODUCT_DEFINITION('design','',#6,#9);
#6 = PRODUCT_DEFINITION_FORMATION('','',#7);
#7 = PRODUCT('EasyEDA PCB Model~ud65','EasyEDA PCB Model~ud65','',(#8));
#8 = PRODUCT_CONTEXT('',#2,'mechanical');
#9 = PRODUCT_DEFINITION_CONTEXT('part definition',#2,'design');
#10=SHAPE_REPRESENTATION('',(#11,#15,#19,#23,#27,#31,#35,#39),#43);
#11 = AXIS2_PLACEMENT_3D('',#12,#13,#14);
#12 = CARTESIAN_POINT('',(0.,0.,0.));
#13 = DIRECTION('',(0.,0.,1.));
#14 = DIRECTION('',(1.,0.,-0.));
#15 = AXIS2_PLACEMENT_3D('',#16,#17,#18);
#16 = CARTESIAN_POINT('',(0.,0.,0.));
#17 = DIRECTION('',(0.,0.,1.));
#18 = DIRECTION('',(1.,0.,-0.));
#19 = AXIS2_PLACEMENT_3D('',#20,#21,#22);
#20 = CARTESIAN_POINT('',(0.,0.,0.));
#21 = DIRECTION('',(0.,0.,1.));
#22 = DIRECTION('',(1.,0.,-0.));
#23 = AXIS2_PLACEMENT_3D('',#24,#25,#26);
#24 = CARTESIAN_POINT('',(0.,0.,0.));
#25 = DIRECTION('',(0.,0.,1.));
#26 = DIRECTION('',(1.,0.,-0.));
#27 = AXIS2_PLACEMENT_3D('',#28,#29,#30);
#28 = CARTESIAN_POINT('',(0.,0.,0.));
#29 = DIRECTION('',(0.,0.,1.));
#30 = DIRECTION('',(1.,0.,-0.));
#31 = AXIS2_PLACEMENT_3D('',#32,#33,#34);
#32 = CARTESIAN_POINT('',(0.,0.,0.));
#33 = DIRECTION('',(0.,0.,1.));
#34 = DIRECTION('',(1.,0.,-0.));
#35 = AXIS2_PLACEMENT_3D('',#36,#37,#38);
#36 = CARTESIAN_POINT('',(0.,0.,0.));
#37 = DIRECTION('',(0.,0.,1.));
#38 = DIRECTION('',(1.,0.,-0.));
#39 = AXIS2_PLACEMENT_3D('',#40,#41,#42);
#40 = CARTESIAN_POINT('',(0.,0.,0.));
#41 = DIRECTION('',(0.,0.,1.));
#42 = DIRECTION('',(1.,0.,-0.));
#43 = ( GEOMETRIC_REPRESENTATION_CONTEXT(3) GLOBAL_UNCERTAINTY_ASSIGNED_CONTEXT((#47)) GLOBAL_UNIT_ASSIGNED_CONTEXT((#44,#45,#46)) REPRESENTATION_CONTEXT('Context #1',  '3D Context with UNIT and UNCERTAINTY') );
#44 = ( LENGTH_UNIT() NAMED_UNIT(*) SI_UNIT(.MILLI.,.METRE.) );
#45 = ( NAMED_UNIT(*) PLANE_ANGLE_UNIT() SI_UNIT($,.RADIAN.) );
#46 = ( NAMED_UNIT(*) SI_UNIT($,.STERADIAN.) SOLID_ANGLE_UNIT() );
#47 = UNCERTAINTY_MEASURE_WITH_UNIT(LENGTH_MEASURE(1.E-07),#44,  'distance_accuracy_value','confusion accuracy');
#48 = PRODUCT_RELATED_PRODUCT_CATEGORY('part',$,(#7));
#49 = SHAPE_DEFINITION_REPRESENTATION(#50,#56);
#50 = PRODUCT_DEFINITION_SHAPE('','',#51);
#51 = PRODUCT_DEFINITION('design','',#52,#55);
#52 = PRODUCT_DEFINITION_FORMATION('','',#53);
#53 = PRODUCT('Board~ud65','Board~ud65','',(#54));
#54 = PRODUCT_CONTEXT('',#2,'mechanical');
#55 = PRODUCT_DEFINITION_CONTEXT('part definition',#2,'design');
#56 = ADVANCED_BREP_SHAPE_REPRESENTATION('',(#11,#57),#8865);
#57 = MANIFOLD_SOLID_BREP('',#58);
#58 = CLOSED_SHELL('',(#59,#99,#130,#161,#183,#225,#249,#291,#315,#357,    #381,#423,#447,#489,#513,#555,#579,#621,#645,#687,#711,#753,#777,    #819,#843,#885,#909,#951,#975,#1017,#1041,#1083,#1107,#1149,#1173,    #1215,#1239,#1281,#1305,#1347,#1371,#1413,#1437,#1479,#1503,#1545,    #1569,#1611,#1635,#1677,#1701,#1743,#1767,#1809,#1833,#1875,#1899,    #1941,#1965,#2007,#2031,#2073,#2097,#2139,#2163,#2205,#2229,#2271,    #2295,#2337,#2361,#2403,#2427,#2469,#2493,#2535,#2559,#2601,#2625,    #2667,#2691,#2733,#2757,#2799,#2823,#2865,#2889,#2931,#2955,#2997,    #3021,#3063,#3087,#3129,#3153,#3195,#3219,#3261,#3285,#3327,#3351,    #3393,#3417,#3459,#3483,#3525,#3549,#3591,#3615,#3657,#3681,#3723,    #3747,#3789,#3813,#3855,#3879,#3921,#3945,#3987,#4011,#4053,#4077,    #4119,#4143,#4185,#4209,#4251,#4275,#4317,#4341,#4383,#4407,#4449,    #4473,#4515,#4539,#4581,#4605,#4647,#4671,#4713,#4737,#4779,#4803,    #4845,#4869,#4911,#4935,#4977,#5001,#5043,#5067,#5109,#5133,#5175,    #5199,#5241,#5265,#5307,#5331,#5373,#5397,#5439,#5463,#5505,#5529,    #5571,#5595,#5637,#5661,#5703,#5727,#5769,#5793,#5835,#5859,#5901,    #5925,#5967,#5991,#6033,#6057,#6099,#6123,#6165,#6189,#6231,#6255,    #6297,#6321,#6363,#6387,#6429,#6453,#6495,#6519,#6561,#6585,#6627,    #6651,#6693,#6717,#6759,#6783,#6825,#6849,#6891,#6915,#6957,#6981,    #7023,#7047,#7089,#7113,#7155,#7179,#7221,#7245,#7287,#7311,#7353,    #7377,#7419,#7443,#7485,#7509,#7551,#7575,#7617,#7641,#7683,#7707,    #7749,#7773,#7815,#7839,#7881,#7905,#8385));
#59 = ADVANCED_FACE('',(#60),#94,.T.);
#60 = FACE_BOUND('',#61,.T.);
#61 = EDGE_LOOP('',(#62,#72,#80,#88));
#62 = ORIENTED_EDGE('',*,*,#63,.T.);
#63 = EDGE_CURVE('',#64,#66,#68,.T.);
#64 = VERTEX_POINT('',#65);
#65 = CARTESIAN_POINT('',(87.998839799861,88.420168843182,0.));
#66 = VERTEX_POINT('',#67);
#67 = CARTESIAN_POINT('',(87.998839799861,88.420168843182,    9.004318008636E-02));
#68 = LINE('',#69,#70);
#69 = CARTESIAN_POINT('',(87.998839799861,88.420168843182,0.));
#70 = VECTOR('',#71,1.);
#71 = DIRECTION('',(0.,0.,1.));
#72 = ORIENTED_EDGE('',*,*,#73,.T.);
#73 = EDGE_CURVE('',#66,#74,#76,.T.);
#74 = VERTEX_POINT('',#75);
#75 = CARTESIAN_POINT('',(87.998839799861,15.445424113692,    9.004318008636E-02));
#76 = LINE('',#77,#78);
#77 = CARTESIAN_POINT('',(87.998839799861,88.420168843182,    9.004318008636E-02));
#78 = VECTOR('',#79,1.);
#79 = DIRECTION('',(0.,-1.,0.));
#80 = ORIENTED_EDGE('',*,*,#81,.F.);
#81 = EDGE_CURVE('',#82,#74,#84,.T.);
#82 = VERTEX_POINT('',#83);
#83 = CARTESIAN_POINT('',(87.998839799861,15.445424113692,0.));
#84 = LINE('',#85,#86);
#85 = CARTESIAN_POINT('',(87.998839799861,15.445424113692,0.));
#86 = VECTOR('',#87,1.);
#87 = DIRECTION('',(0.,0.,1.));
#88 = ORIENTED_EDGE('',*,*,#89,.F.);
#89 = EDGE_CURVE('',#64,#82,#90,.T.);
#90 = LINE('',#91,#92);
#91 = CARTESIAN_POINT('',(87.998839799861,88.420168843182,0.));
#92 = VECTOR('',#93,1.);
#93 = DIRECTION('',(0.,-1.,0.));
#94 = PLANE('',#95);
#95 = AXIS2_PLACEMENT_3D('',#96,#97,#98);
#96 = CARTESIAN_POINT('',(87.998839799861,88.420168843182,0.));
#97 = DIRECTION('',(1.,0.,-0.));
#98 = DIRECTION('',(0.,-1.,0.));
#99 = ADVANCED_FACE('',(#100),#125,.T.);
#100 = FACE_BOUND('',#101,.T.);
#101 = EDGE_LOOP('',(#102,#103,#111,#119));
#102 = ORIENTED_EDGE('',*,*,#81,.T.);
#103 = ORIENTED_EDGE('',*,*,#104,.T.);
#104 = EDGE_CURVE('',#74,#105,#107,.T.);
#105 = VERTEX_POINT('',#106);
#106 = CARTESIAN_POINT('',(-2.975943029705,15.445424113692,    9.004318008636E-02));
#107 = LINE('',#108,#109);
#108 = CARTESIAN_POINT('',(87.998839799861,15.445424113692,    9.004318008636E-02));
#109 = VECTOR('',#110,1.);
#110 = DIRECTION('',(-1.,3.905163132355E-17,0.));
#111 = ORIENTED_EDGE('',*,*,#112,.F.);
#112 = EDGE_CURVE('',#113,#105,#115,.T.);
#113 = VERTEX_POINT('',#114);
#114 = CARTESIAN_POINT('',(-2.975943029705,15.445424113692,0.));
#115 = LINE('',#116,#117);
#116 = CARTESIAN_POINT('',(-2.975943029705,15.445424113692,0.));
#117 = VECTOR('',#118,1.);
#118 = DIRECTION('',(0.,0.,1.));
#119 = ORIENTED_EDGE('',*,*,#120,.F.);
#120 = EDGE_CURVE('',#82,#113,#121,.T.);
#121 = LINE('',#122,#123);
#122 = CARTESIAN_POINT('',(87.998839799861,15.445424113692,0.));
#123 = VECTOR('',#124,1.);
#124 = DIRECTION('',(-1.,3.905163132355E-17,0.));
#125 = PLANE('',#126);
#126 = AXIS2_PLACEMENT_3D('',#127,#128,#129);
#127 = CARTESIAN_POINT('',(87.998839799861,15.445424113692,0.));
#128 = DIRECTION('',(-3.905163132355E-17,-1.,0.));
#129 = DIRECTION('',(-1.,3.905163132355E-17,0.));
#130 = ADVANCED_FACE('',(#131),#156,.T.);
#131 = FACE_BOUND('',#132,.T.);
#132 = EDGE_LOOP('',(#133,#134,#142,#150));
#133 = ORIENTED_EDGE('',*,*,#112,.T.);
#134 = ORIENTED_EDGE('',*,*,#135,.T.);
#135 = EDGE_CURVE('',#105,#136,#138,.T.);
#136 = VERTEX_POINT('',#137);
#137 = CARTESIAN_POINT('',(-2.975943029705,88.420168843182,    9.004318008636E-02));
#138 = LINE('',#139,#140);
#139 = CARTESIAN_POINT('',(-2.975943029705,15.445424113692,    9.004318008636E-02));
#140 = VECTOR('',#141,1.);
#141 = DIRECTION('',(-3.651311517399E-17,1.,0.));
#142 = ORIENTED_EDGE('',*,*,#143,.F.);
#143 = EDGE_CURVE('',#144,#136,#146,.T.);
#144 = VERTEX_POINT('',#145);
#145 = CARTESIAN_POINT('',(-2.975943029705,88.420168843182,0.));
#146 = LINE('',#147,#148);
#147 = CARTESIAN_POINT('',(-2.975943029705,88.420168843182,0.));
#148 = VECTOR('',#149,1.);
#149 = DIRECTION('',(0.,0.,1.));
#150 = ORIENTED_EDGE('',*,*,#151,.F.);
#151 = EDGE_CURVE('',#113,#144,#152,.T.);
#152 = LINE('',#153,#154);
#153 = CARTESIAN_POINT('',(-2.975943029705,15.445424113692,0.));
#154 = VECTOR('',#155,1.);
#155 = DIRECTION('',(-3.651311517399E-17,1.,0.));
#156 = PLANE('',#157);
#157 = AXIS2_PLACEMENT_3D('',#158,#159,#160);
#158 = CARTESIAN_POINT('',(-2.975943029705,15.445424113692,0.));
#159 = DIRECTION('',(-1.,-3.651311517399E-17,0.));
#160 = DIRECTION('',(-3.651311517399E-17,1.,0.));
#161 = ADVANCED_FACE('',(#162),#178,.T.);
#162 = FACE_BOUND('',#163,.T.);
#163 = EDGE_LOOP('',(#164,#165,#171,#172));
#164 = ORIENTED_EDGE('',*,*,#143,.T.);
#165 = ORIENTED_EDGE('',*,*,#166,.T.);
#166 = EDGE_CURVE('',#136,#66,#167,.T.);
#167 = LINE('',#168,#169);
#168 = CARTESIAN_POINT('',(-2.975943029705,88.420168843182,    9.004318008636E-02));
#169 = VECTOR('',#170,1.);
#170 = DIRECTION('',(1.,0.,0.));
#171 = ORIENTED_EDGE('',*,*,#63,.F.);
#172 = ORIENTED_EDGE('',*,*,#173,.F.);
#173 = EDGE_CURVE('',#144,#64,#174,.T.);
#174 = LINE('',#175,#176);
#175 = CARTESIAN_POINT('',(-2.975943029705,88.420168843182,0.));
#176 = VECTOR('',#177,1.);
#177 = DIRECTION('',(1.,0.,0.));
#178 = PLANE('',#179);
#179 = AXIS2_PLACEMENT_3D('',#180,#181,#182);
#180 = CARTESIAN_POINT('',(-2.975943029705,88.420168843182,0.));
#181 = DIRECTION('',(0.,1.,0.));
#182 = DIRECTION('',(1.,0.,0.));
#183 = ADVANCED_FACE('',(#184),#220,.F.);
#184 = FACE_BOUND('',#185,.T.);
#185 = EDGE_LOOP('',(#186,#196,#205,#213));
#186 = ORIENTED_EDGE('',*,*,#187,.T.);
#187 = EDGE_CURVE('',#188,#190,#192,.T.);
#188 = VERTEX_POINT('',#189);
#189 = CARTESIAN_POINT('',(2.,18.415036830074,0.));
#190 = VERTEX_POINT('',#191);
#191 = CARTESIAN_POINT('',(2.,18.415036830074,9.004318008636E-02));
#192 = LINE('',#193,#194);
#193 = CARTESIAN_POINT('',(2.,18.415036830074,0.));
#194 = VECTOR('',#195,1.);
#195 = DIRECTION('',(0.,0.,1.));
#196 = ORIENTED_EDGE('',*,*,#197,.T.);
#197 = EDGE_CURVE('',#190,#198,#200,.T.);
#198 = VERTEX_POINT('',#199);
#199 = CARTESIAN_POINT('',(-2.,18.415036830074,9.004318008636E-02));
#200 = CIRCLE('',#201,2.);
#201 = AXIS2_PLACEMENT_3D('',#202,#203,#204);
#202 = CARTESIAN_POINT('',(0.,18.415036830074,9.004318008636E-02));
#203 = DIRECTION('',(0.,0.,1.));
#204 = DIRECTION('',(1.,1.110223024625E-16,-0.));
#205 = ORIENTED_EDGE('',*,*,#206,.F.);
#206 = EDGE_CURVE('',#207,#198,#209,.T.);
#207 = VERTEX_POINT('',#208);
#208 = CARTESIAN_POINT('',(-2.,18.415036830074,0.));
#209 = LINE('',#210,#211);
#210 = CARTESIAN_POINT('',(-2.,18.415036830074,0.));
#211 = VECTOR('',#212,1.);
#212 = DIRECTION('',(0.,0.,1.));
#213 = ORIENTED_EDGE('',*,*,#214,.F.);
#214 = EDGE_CURVE('',#188,#207,#215,.T.);
#215 = CIRCLE('',#216,2.);
#216 = AXIS2_PLACEMENT_3D('',#217,#218,#219);
#217 = CARTESIAN_POINT('',(0.,18.415036830074,0.));
#218 = DIRECTION('',(0.,0.,1.));
#219 = DIRECTION('',(1.,1.110223024625E-16,-0.));
#220 = CYLINDRICAL_SURFACE('',#221,2.);
#221 = AXIS2_PLACEMENT_3D('',#222,#223,#224);
#222 = CARTESIAN_POINT('',(0.,18.415036830074,0.));
#223 = DIRECTION('',(-0.,-0.,-1.));
#224 = DIRECTION('',(1.,1.110223024625E-16,-0.));
#225 = ADVANCED_FACE('',(#226),#244,.F.);
#226 = FACE_BOUND('',#227,.T.);
#227 = EDGE_LOOP('',(#228,#229,#236,#237));
#228 = ORIENTED_EDGE('',*,*,#206,.T.);
#229 = ORIENTED_EDGE('',*,*,#230,.T.);
#230 = EDGE_CURVE('',#198,#190,#231,.T.);
#231 = CIRCLE('',#232,2.);
#232 = AXIS2_PLACEMENT_3D('',#233,#234,#235);
#233 = CARTESIAN_POINT('',(0.,18.415036830074,9.004318008636E-02));
#234 = DIRECTION('',(0.,0.,1.));
#235 = DIRECTION('',(-1.,-1.110223024625E-16,0.));
#236 = ORIENTED_EDGE('',*,*,#187,.F.);
#237 = ORIENTED_EDGE('',*,*,#238,.F.);
#238 = EDGE_CURVE('',#207,#188,#239,.T.);
#239 = CIRCLE('',#240,2.);
#240 = AXIS2_PLACEMENT_3D('',#241,#242,#243);
#241 = CARTESIAN_POINT('',(0.,18.415036830074,0.));
#242 = DIRECTION('',(0.,0.,1.));
#243 = DIRECTION('',(-1.,-1.110223024625E-16,0.));
#244 = CYLINDRICAL_SURFACE('',#245,2.);
#245 = AXIS2_PLACEMENT_3D('',#246,#247,#248);
#246 = CARTESIAN_POINT('',(0.,18.415036830074,0.));
#247 = DIRECTION('',(-0.,-0.,-1.));
#248 = DIRECTION('',(-1.,-1.110223024625E-16,0.));
#249 = ADVANCED_FACE('',(#250),#286,.F.);
#250 = FACE_BOUND('',#251,.T.);
#251 = EDGE_LOOP('',(#252,#262,#271,#279));
#252 = ORIENTED_EDGE('',*,*,#253,.T.);
#253 = EDGE_CURVE('',#254,#256,#258,.T.);
#254 = VERTEX_POINT('',#255);
#255 = CARTESIAN_POINT('',(2.,85.471170942342,0.));
#256 = VERTEX_POINT('',#257);
#257 = CARTESIAN_POINT('',(2.,85.471170942342,9.004318008636E-02));
#258 = LINE('',#259,#260);
#259 = CARTESIAN_POINT('',(2.,85.471170942342,0.));
#260 = VECTOR('',#261,1.);
#261 = DIRECTION('',(0.,0.,1.));
#262 = ORIENTED_EDGE('',*,*,#263,.T.);
#263 = EDGE_CURVE('',#256,#264,#266,.T.);
#264 = VERTEX_POINT('',#265);
#265 = CARTESIAN_POINT('',(-2.,85.471170942342,9.004318008636E-02));
#266 = CIRCLE('',#267,2.);
#267 = AXIS2_PLACEMENT_3D('',#268,#269,#270);
#268 = CARTESIAN_POINT('',(0.,85.471170942342,9.004318008636E-02));
#269 = DIRECTION('',(0.,0.,1.));
#270 = DIRECTION('',(1.,1.110223024625E-16,-0.));
#271 = ORIENTED_EDGE('',*,*,#272,.F.);
#272 = EDGE_CURVE('',#273,#264,#275,.T.);
#273 = VERTEX_POINT('',#274);
#274 = CARTESIAN_POINT('',(-2.,85.471170942342,0.));
#275 = LINE('',#276,#277);
#276 = CARTESIAN_POINT('',(-2.,85.471170942342,0.));
#277 = VECTOR('',#278,1.);
#278 = DIRECTION('',(0.,0.,1.));
#279 = ORIENTED_EDGE('',*,*,#280,.F.);
#280 = EDGE_CURVE('',#254,#273,#281,.T.);
#281 = CIRCLE('',#282,2.);
#282 = AXIS2_PLACEMENT_3D('',#283,#284,#285);
#283 = CARTESIAN_POINT('',(0.,85.471170942342,0.));
#284 = DIRECTION('',(0.,0.,1.));
#285 = DIRECTION('',(1.,1.110223024625E-16,-0.));
#286 = CYLINDRICAL_SURFACE('',#287,2.);
#287 = AXIS2_PLACEMENT_3D('',#288,#289,#290);
#288 = CARTESIAN_POINT('',(0.,85.471170942342,0.));
#289 = DIRECTION('',(-0.,-0.,-1.));
#290 = DIRECTION('',(1.,1.110223024625E-16,-0.));
#291 = ADVANCED_FACE('',(#292),#310,.F.);
#292 = FACE_BOUND('',#293,.T.);
#293 = EDGE_LOOP('',(#294,#295,#302,#303));
#294 = ORIENTED_EDGE('',*,*,#272,.T.);
#295 = ORIENTED_EDGE('',*,*,#296,.T.);
#296 = EDGE_CURVE('',#264,#256,#297,.T.);
#297 = CIRCLE('',#298,2.);
#298 = AXIS2_PLACEMENT_3D('',#299,#300,#301);
#299 = CARTESIAN_POINT('',(0.,85.471170942342,9.004318008636E-02));
#300 = DIRECTION('',(0.,0.,1.));
#301 = DIRECTION('',(-1.,-1.110223024625E-16,0.));
#302 = ORIENTED_EDGE('',*,*,#253,.F.);
#303 = ORIENTED_EDGE('',*,*,#304,.F.);
#304 = EDGE_CURVE('',#273,#254,#305,.T.);
#305 = CIRCLE('',#306,2.);
#306 = AXIS2_PLACEMENT_3D('',#307,#308,#309);
#307 = CARTESIAN_POINT('',(0.,85.471170942342,0.));
#308 = DIRECTION('',(0.,0.,1.));
#309 = DIRECTION('',(-1.,-1.110223024625E-16,0.));
#310 = CYLINDRICAL_SURFACE('',#311,2.);
#311 = AXIS2_PLACEMENT_3D('',#312,#313,#314);
#312 = CARTESIAN_POINT('',(0.,85.471170942342,0.));
#313 = DIRECTION('',(-0.,-0.,-1.));
#314 = DIRECTION('',(-1.,-1.110223024625E-16,0.));
#315 = ADVANCED_FACE('',(#316),#352,.F.);
#316 = FACE_BOUND('',#317,.T.);
#317 = EDGE_LOOP('',(#318,#328,#337,#345));
#318 = ORIENTED_EDGE('',*,*,#319,.T.);
#319 = EDGE_CURVE('',#320,#322,#324,.T.);
#320 = VERTEX_POINT('',#321);
#321 = CARTESIAN_POINT('',(5.791211582423,35.05207010414,0.));
#322 = VERTEX_POINT('',#323);
#323 = CARTESIAN_POINT('',(5.791211582423,35.05207010414,    9.004318008636E-02));
#324 = LINE('',#325,#326);
#325 = CARTESIAN_POINT('',(5.791211582423,35.05207010414,0.));
#326 = VECTOR('',#327,1.);
#327 = DIRECTION('',(0.,0.,1.));
#328 = ORIENTED_EDGE('',*,*,#329,.T.);
#329 = EDGE_CURVE('',#322,#330,#332,.T.);
#330 = VERTEX_POINT('',#331);
#331 = CARTESIAN_POINT('',(4.87680975362,35.05207010414,    9.004318008636E-02));
#332 = CIRCLE('',#333,0.457200914402);
#333 = AXIS2_PLACEMENT_3D('',#334,#335,#336);
#334 = CARTESIAN_POINT('',(5.334010668021,35.05207010414,    9.004318008636E-02));
#335 = DIRECTION('',(0.,0.,1.));
#336 = DIRECTION('',(1.,1.110223024625E-16,-0.));
#337 = ORIENTED_EDGE('',*,*,#338,.F.);
#338 = EDGE_CURVE('',#339,#330,#341,.T.);
#339 = VERTEX_POINT('',#340);
#340 = CARTESIAN_POINT('',(4.87680975362,35.05207010414,0.));
#341 = LINE('',#342,#343);
#342 = CARTESIAN_POINT('',(4.87680975362,35.05207010414,0.));
#343 = VECTOR('',#344,1.);
#344 = DIRECTION('',(0.,0.,1.));
#345 = ORIENTED_EDGE('',*,*,#346,.F.);
#346 = EDGE_CURVE('',#320,#339,#347,.T.);
#347 = CIRCLE('',#348,0.457200914402);
#348 = AXIS2_PLACEMENT_3D('',#349,#350,#351);
#349 = CARTESIAN_POINT('',(5.334010668021,35.05207010414,0.));
#350 = DIRECTION('',(0.,0.,1.));
#351 = DIRECTION('',(1.,1.110223024625E-16,-0.));
#352 = CYLINDRICAL_SURFACE('',#353,0.457200914402);
#353 = AXIS2_PLACEMENT_3D('',#354,#355,#356);
#354 = CARTESIAN_POINT('',(5.334010668021,35.05207010414,0.));
#355 = DIRECTION('',(-0.,-0.,-1.));
#356 = DIRECTION('',(1.,1.110223024625E-16,-0.));
#357 = ADVANCED_FACE('',(#358),#376,.F.);
#358 = FACE_BOUND('',#359,.T.);
#359 = EDGE_LOOP('',(#360,#361,#368,#369));
#360 = ORIENTED_EDGE('',*,*,#338,.T.);
#361 = ORIENTED_EDGE('',*,*,#362,.T.);
#362 = EDGE_CURVE('',#330,#322,#363,.T.);
#363 = CIRCLE('',#364,0.457200914402);
#364 = AXIS2_PLACEMENT_3D('',#365,#366,#367);
#365 = CARTESIAN_POINT('',(5.334010668021,35.05207010414,    9.004318008636E-02));
#366 = DIRECTION('',(0.,0.,1.));
#367 = DIRECTION('',(-1.,-1.110223024625E-16,0.));
#368 = ORIENTED_EDGE('',*,*,#319,.F.);
#369 = ORIENTED_EDGE('',*,*,#370,.F.);
#370 = EDGE_CURVE('',#339,#320,#371,.T.);
#371 = CIRCLE('',#372,0.457200914402);
#372 = AXIS2_PLACEMENT_3D('',#373,#374,#375);
#373 = CARTESIAN_POINT('',(5.334010668021,35.05207010414,0.));
#374 = DIRECTION('',(0.,0.,1.));
#375 = DIRECTION('',(-1.,-1.110223024625E-16,0.));
#376 = CYLINDRICAL_SURFACE('',#377,0.457200914402);
#377 = AXIS2_PLACEMENT_3D('',#378,#379,#380);
#378 = CARTESIAN_POINT('',(5.334010668021,35.05207010414,0.));
#379 = DIRECTION('',(-0.,-0.,-1.));
#380 = DIRECTION('',(-1.,-1.110223024625E-16,0.));
#381 = ADVANCED_FACE('',(#382),#418,.F.);
#382 = FACE_BOUND('',#383,.T.);
#383 = EDGE_LOOP('',(#384,#394,#403,#411));
#384 = ORIENTED_EDGE('',*,*,#385,.T.);
#385 = EDGE_CURVE('',#386,#388,#390,.T.);
#386 = VERTEX_POINT('',#387);
#387 = CARTESIAN_POINT('',(8.077216154432,61.976123952248,0.));
#388 = VERTEX_POINT('',#389);
#389 = CARTESIAN_POINT('',(8.077216154432,61.976123952248,    9.004318008636E-02));
#390 = LINE('',#391,#392);
#391 = CARTESIAN_POINT('',(8.077216154432,61.976123952248,0.));
#392 = VECTOR('',#393,1.);
#393 = DIRECTION('',(0.,0.,1.));
#394 = ORIENTED_EDGE('',*,*,#395,.T.);
#395 = EDGE_CURVE('',#388,#396,#398,.T.);
#396 = VERTEX_POINT('',#397);
#397 = CARTESIAN_POINT('',(7.162814325629,61.976123952248,    9.004318008636E-02));
#398 = CIRCLE('',#399,0.457200914402);
#399 = AXIS2_PLACEMENT_3D('',#400,#401,#402);
#400 = CARTESIAN_POINT('',(7.62001524003,61.976123952248,    9.004318008636E-02));
#401 = DIRECTION('',(0.,0.,1.));
#402 = DIRECTION('',(1.,1.110223024625E-16,-0.));
#403 = ORIENTED_EDGE('',*,*,#404,.F.);
#404 = EDGE_CURVE('',#405,#396,#407,.T.);
#405 = VERTEX_POINT('',#406);
#406 = CARTESIAN_POINT('',(7.162814325629,61.976123952248,0.));
#407 = LINE('',#408,#409);
#408 = CARTESIAN_POINT('',(7.162814325629,61.976123952248,0.));
#409 = VECTOR('',#410,1.);
#410 = DIRECTION('',(0.,0.,1.));
#411 = ORIENTED_EDGE('',*,*,#412,.F.);
#412 = EDGE_CURVE('',#386,#405,#413,.T.);
#413 = CIRCLE('',#414,0.457200914402);
#414 = AXIS2_PLACEMENT_3D('',#415,#416,#417);
#415 = CARTESIAN_POINT('',(7.62001524003,61.976123952248,0.));
#416 = DIRECTION('',(0.,0.,1.));
#417 = DIRECTION('',(1.,1.110223024625E-16,-0.));
#418 = CYLINDRICAL_SURFACE('',#419,0.457200914402);
#419 = AXIS2_PLACEMENT_3D('',#420,#421,#422);
#420 = CARTESIAN_POINT('',(7.62001524003,61.976123952248,0.));
#421 = DIRECTION('',(-0.,-0.,-1.));
#422 = DIRECTION('',(1.,1.110223024625E-16,-0.));
#423 = ADVANCED_FACE('',(#424),#442,.F.);
#424 = FACE_BOUND('',#425,.T.);
#425 = EDGE_LOOP('',(#426,#427,#434,#435));
#426 = ORIENTED_EDGE('',*,*,#404,.T.);
#427 = ORIENTED_EDGE('',*,*,#428,.T.);
#428 = EDGE_CURVE('',#396,#388,#429,.T.);
#429 = CIRCLE('',#430,0.457200914402);
#430 = AXIS2_PLACEMENT_3D('',#431,#432,#433);
#431 = CARTESIAN_POINT('',(7.62001524003,61.976123952248,    9.004318008636E-02));
#432 = DIRECTION('',(0.,0.,1.));
#433 = DIRECTION('',(-1.,-1.110223024625E-16,0.));
#434 = ORIENTED_EDGE('',*,*,#385,.F.);
#435 = ORIENTED_EDGE('',*,*,#436,.F.);
#436 = EDGE_CURVE('',#405,#386,#437,.T.);
#437 = CIRCLE('',#438,0.457200914402);
#438 = AXIS2_PLACEMENT_3D('',#439,#440,#441);
#439 = CARTESIAN_POINT('',(7.62001524003,61.976123952248,0.));
#440 = DIRECTION('',(0.,0.,1.));
#441 = DIRECTION('',(-1.,-1.110223024625E-16,0.));
#442 = CYLINDRICAL_SURFACE('',#443,0.457200914402);
#443 = AXIS2_PLACEMENT_3D('',#444,#445,#446);
#444 = CARTESIAN_POINT('',(7.62001524003,61.976123952248,0.));
#445 = DIRECTION('',(-0.,-0.,-1.));
#446 = DIRECTION('',(-1.,-1.110223024625E-16,0.));
#447 = ADVANCED_FACE('',(#448),#484,.F.);
#448 = FACE_BOUND('',#449,.T.);
#449 = EDGE_LOOP('',(#450,#460,#469,#477));
#450 = ORIENTED_EDGE('',*,*,#451,.T.);
#451 = EDGE_CURVE('',#452,#454,#456,.T.);
#452 = VERTEX_POINT('',#453);
#453 = CARTESIAN_POINT('',(8.331216662433,35.05207010414,0.));
#454 = VERTEX_POINT('',#455);
#455 = CARTESIAN_POINT('',(8.331216662433,35.05207010414,    9.004318008636E-02));
#456 = LINE('',#457,#458);
#457 = CARTESIAN_POINT('',(8.331216662433,35.05207010414,0.));
#458 = VECTOR('',#459,1.);
#459 = DIRECTION('',(0.,0.,1.));
#460 = ORIENTED_EDGE('',*,*,#461,.T.);
#461 = EDGE_CURVE('',#454,#462,#464,.T.);
#462 = VERTEX_POINT('',#463);
#463 = CARTESIAN_POINT('',(7.41681483363,35.05207010414,    9.004318008636E-02));
#464 = CIRCLE('',#465,0.457200914402);
#465 = AXIS2_PLACEMENT_3D('',#466,#467,#468);
#466 = CARTESIAN_POINT('',(7.874015748031,35.05207010414,    9.004318008636E-02));
#467 = DIRECTION('',(0.,0.,1.));
#468 = DIRECTION('',(1.,1.110223024625E-16,-0.));
#469 = ORIENTED_EDGE('',*,*,#470,.F.);
#470 = EDGE_CURVE('',#471,#462,#473,.T.);
#471 = VERTEX_POINT('',#472);
#472 = CARTESIAN_POINT('',(7.41681483363,35.05207010414,0.));
#473 = LINE('',#474,#475);
#474 = CARTESIAN_POINT('',(7.41681483363,35.05207010414,0.));
#475 = VECTOR('',#476,1.);
#476 = DIRECTION('',(0.,0.,1.));
#477 = ORIENTED_EDGE('',*,*,#478,.F.);
#478 = EDGE_CURVE('',#452,#471,#479,.T.);
#479 = CIRCLE('',#480,0.457200914402);
#480 = AXIS2_PLACEMENT_3D('',#481,#482,#483);
#481 = CARTESIAN_POINT('',(7.874015748031,35.05207010414,0.));
#482 = DIRECTION('',(0.,0.,1.));
#483 = DIRECTION('',(1.,1.110223024625E-16,-0.));
#484 = CYLINDRICAL_SURFACE('',#485,0.457200914402);
#485 = AXIS2_PLACEMENT_3D('',#486,#487,#488);
#486 = CARTESIAN_POINT('',(7.874015748031,35.05207010414,0.));
#487 = DIRECTION('',(-0.,-0.,-1.));
#488 = DIRECTION('',(1.,1.110223024625E-16,-0.));
#489 = ADVANCED_FACE('',(#490),#508,.F.);
#490 = FACE_BOUND('',#491,.T.);
#491 = EDGE_LOOP('',(#492,#493,#500,#501));
#492 = ORIENTED_EDGE('',*,*,#470,.T.);
#493 = ORIENTED_EDGE('',*,*,#494,.T.);
#494 = EDGE_CURVE('',#462,#454,#495,.T.);
#495 = CIRCLE('',#496,0.457200914402);
#496 = AXIS2_PLACEMENT_3D('',#497,#498,#499);
#497 = CARTESIAN_POINT('',(7.874015748031,35.05207010414,    9.004318008636E-02));
#498 = DIRECTION('',(0.,0.,1.));
#499 = DIRECTION('',(-1.,-1.110223024625E-16,0.));
#500 = ORIENTED_EDGE('',*,*,#451,.F.);
#501 = ORIENTED_EDGE('',*,*,#502,.F.);
#502 = EDGE_CURVE('',#471,#452,#503,.T.);
#503 = CIRCLE('',#504,0.457200914402);
#504 = AXIS2_PLACEMENT_3D('',#505,#506,#507);
#505 = CARTESIAN_POINT('',(7.874015748031,35.05207010414,0.));
#506 = DIRECTION('',(0.,0.,1.));
#507 = DIRECTION('',(-1.,-1.110223024625E-16,0.));
#508 = CYLINDRICAL_SURFACE('',#509,0.457200914402);
#509 = AXIS2_PLACEMENT_3D('',#510,#511,#512);
#510 = CARTESIAN_POINT('',(7.874015748031,35.05207010414,0.));
#511 = DIRECTION('',(-0.,-0.,-1.));
#512 = DIRECTION('',(-1.,-1.110223024625E-16,0.));
#513 = ADVANCED_FACE('',(#514),#550,.F.);
#514 = FACE_BOUND('',#515,.T.);
#515 = EDGE_LOOP('',(#516,#526,#535,#543));
#516 = ORIENTED_EDGE('',*,*,#517,.T.);
#517 = EDGE_CURVE('',#518,#520,#522,.T.);
#518 = VERTEX_POINT('',#519);
#519 = CARTESIAN_POINT('',(9.855219710439,26.670053340107,0.));
#520 = VERTEX_POINT('',#521);
#521 = CARTESIAN_POINT('',(9.855219710439,26.670053340107,    9.004318008636E-02));
#522 = LINE('',#523,#524);
#523 = CARTESIAN_POINT('',(9.855219710439,26.670053340107,0.));
#524 = VECTOR('',#525,1.);
#525 = DIRECTION('',(0.,0.,1.));
#526 = ORIENTED_EDGE('',*,*,#527,.T.);
#527 = EDGE_CURVE('',#520,#528,#530,.T.);
#528 = VERTEX_POINT('',#529);
#529 = CARTESIAN_POINT('',(8.940817881636,26.670053340107,    9.004318008636E-02));
#530 = CIRCLE('',#531,0.457200914402);
#531 = AXIS2_PLACEMENT_3D('',#532,#533,#534);
#532 = CARTESIAN_POINT('',(9.398018796038,26.670053340107,    9.004318008636E-02));
#533 = DIRECTION('',(0.,0.,1.));
#534 = DIRECTION('',(1.,1.110223024625E-16,-0.));
#535 = ORIENTED_EDGE('',*,*,#536,.F.);
#536 = EDGE_CURVE('',#537,#528,#539,.T.);
#537 = VERTEX_POINT('',#538);
#538 = CARTESIAN_POINT('',(8.940817881636,26.670053340107,0.));
#539 = LINE('',#540,#541);
#540 = CARTESIAN_POINT('',(8.940817881636,26.670053340107,0.));
#541 = VECTOR('',#542,1.);
#542 = DIRECTION('',(0.,0.,1.));
#543 = ORIENTED_EDGE('',*,*,#544,.F.);
#544 = EDGE_CURVE('',#518,#537,#545,.T.);
#545 = CIRCLE('',#546,0.457200914402);
#546 = AXIS2_PLACEMENT_3D('',#547,#548,#549);
#547 = CARTESIAN_POINT('',(9.398018796038,26.670053340107,0.));
#548 = DIRECTION('',(0.,0.,1.));
#549 = DIRECTION('',(1.,1.110223024625E-16,-0.));
#550 = CYLINDRICAL_SURFACE('',#551,0.457200914402);
#551 = AXIS2_PLACEMENT_3D('',#552,#553,#554);
#552 = CARTESIAN_POINT('',(9.398018796038,26.670053340107,0.));
#553 = DIRECTION('',(-0.,-0.,-1.));
#554 = DIRECTION('',(1.,1.110223024625E-16,-0.));
#555 = ADVANCED_FACE('',(#556),#574,.F.);
#556 = FACE_BOUND('',#557,.T.);
#557 = EDGE_LOOP('',(#558,#559,#566,#567));
#558 = ORIENTED_EDGE('',*,*,#536,.T.);
#559 = ORIENTED_EDGE('',*,*,#560,.T.);
#560 = EDGE_CURVE('',#528,#520,#561,.T.);
#561 = CIRCLE('',#562,0.457200914402);
#562 = AXIS2_PLACEMENT_3D('',#563,#564,#565);
#563 = CARTESIAN_POINT('',(9.398018796038,26.670053340107,    9.004318008636E-02));
#564 = DIRECTION('',(0.,0.,1.));
#565 = DIRECTION('',(-1.,-1.110223024625E-16,0.));
#566 = ORIENTED_EDGE('',*,*,#517,.F.);
#567 = ORIENTED_EDGE('',*,*,#568,.F.);
#568 = EDGE_CURVE('',#537,#518,#569,.T.);
#569 = CIRCLE('',#570,0.457200914402);
#570 = AXIS2_PLACEMENT_3D('',#571,#572,#573);
#571 = CARTESIAN_POINT('',(9.398018796038,26.670053340107,0.));
#572 = DIRECTION('',(0.,0.,1.));
#573 = DIRECTION('',(-1.,-1.110223024625E-16,0.));
#574 = CYLINDRICAL_SURFACE('',#575,0.457200914402);
#575 = AXIS2_PLACEMENT_3D('',#576,#577,#578);
#576 = CARTESIAN_POINT('',(9.398018796038,26.670053340107,0.));
#577 = DIRECTION('',(-0.,-0.,-1.));
#578 = DIRECTION('',(-1.,-1.110223024625E-16,0.));
#579 = ADVANCED_FACE('',(#580),#616,.F.);
#580 = FACE_BOUND('',#581,.T.);
#581 = EDGE_LOOP('',(#582,#592,#601,#609));
#582 = ORIENTED_EDGE('',*,*,#583,.T.);
#583 = EDGE_CURVE('',#584,#586,#588,.T.);
#584 = VERTEX_POINT('',#585);
#585 = CARTESIAN_POINT('',(9.855219710439,24.130048260097,0.));
#586 = VERTEX_POINT('',#587);
#587 = CARTESIAN_POINT('',(9.855219710439,24.130048260097,    9.004318008636E-02));
#588 = LINE('',#589,#590);
#589 = CARTESIAN_POINT('',(9.855219710439,24.130048260097,0.));
#590 = VECTOR('',#591,1.);
#591 = DIRECTION('',(0.,0.,1.));
#592 = ORIENTED_EDGE('',*,*,#593,.T.);
#593 = EDGE_CURVE('',#586,#594,#596,.T.);
#594 = VERTEX_POINT('',#595);
#595 = CARTESIAN_POINT('',(8.940817881636,24.130048260097,    9.004318008636E-02));
#596 = CIRCLE('',#597,0.457200914402);
#597 = AXIS2_PLACEMENT_3D('',#598,#599,#600);
#598 = CARTESIAN_POINT('',(9.398018796038,24.130048260097,    9.004318008636E-02));
#599 = DIRECTION('',(0.,0.,1.));
#600 = DIRECTION('',(1.,1.110223024625E-16,-0.));
#601 = ORIENTED_EDGE('',*,*,#602,.F.);
#602 = EDGE_CURVE('',#603,#594,#605,.T.);
#603 = VERTEX_POINT('',#604);
#604 = CARTESIAN_POINT('',(8.940817881636,24.130048260097,0.));
#605 = LINE('',#606,#607);
#606 = CARTESIAN_POINT('',(8.940817881636,24.130048260097,0.));
#607 = VECTOR('',#608,1.);
#608 = DIRECTION('',(0.,0.,1.));
#609 = ORIENTED_EDGE('',*,*,#610,.F.);
#610 = EDGE_CURVE('',#584,#603,#611,.T.);
#611 = CIRCLE('',#612,0.457200914402);
#612 = AXIS2_PLACEMENT_3D('',#613,#614,#615);
#613 = CARTESIAN_POINT('',(9.398018796038,24.130048260097,0.));
#614 = DIRECTION('',(0.,0.,1.));
#615 = DIRECTION('',(1.,1.110223024625E-16,-0.));
#616 = CYLINDRICAL_SURFACE('',#617,0.457200914402);
#617 = AXIS2_PLACEMENT_3D('',#618,#619,#620);
#618 = CARTESIAN_POINT('',(9.398018796038,24.130048260097,0.));
#619 = DIRECTION('',(-0.,-0.,-1.));
#620 = DIRECTION('',(1.,1.110223024625E-16,-0.));
#621 = ADVANCED_FACE('',(#622),#640,.F.);
#622 = FACE_BOUND('',#623,.T.);
#623 = EDGE_LOOP('',(#624,#625,#632,#633));
#624 = ORIENTED_EDGE('',*,*,#602,.T.);
#625 = ORIENTED_EDGE('',*,*,#626,.T.);
#626 = EDGE_CURVE('',#594,#586,#627,.T.);
#627 = CIRCLE('',#628,0.457200914402);
#628 = AXIS2_PLACEMENT_3D('',#629,#630,#631);
#629 = CARTESIAN_POINT('',(9.398018796038,24.130048260097,    9.004318008636E-02));
#630 = DIRECTION('',(0.,0.,1.));
#631 = DIRECTION('',(-1.,-1.110223024625E-16,0.));
#632 = ORIENTED_EDGE('',*,*,#583,.F.);
#633 = ORIENTED_EDGE('',*,*,#634,.F.);
#634 = EDGE_CURVE('',#603,#584,#635,.T.);
#635 = CIRCLE('',#636,0.457200914402);
#636 = AXIS2_PLACEMENT_3D('',#637,#638,#639);
#637 = CARTESIAN_POINT('',(9.398018796038,24.130048260097,0.));
#638 = DIRECTION('',(0.,0.,1.));
#639 = DIRECTION('',(-1.,-1.110223024625E-16,0.));
#640 = CYLINDRICAL_SURFACE('',#641,0.457200914402);
#641 = AXIS2_PLACEMENT_3D('',#642,#643,#644);
#642 = CARTESIAN_POINT('',(9.398018796038,24.130048260097,0.));
#643 = DIRECTION('',(-0.,-0.,-1.));
#644 = DIRECTION('',(-1.,-1.110223024625E-16,0.));
#645 = ADVANCED_FACE('',(#646),#682,.F.);
#646 = FACE_BOUND('',#647,.T.);
#647 = EDGE_LOOP('',(#648,#658,#667,#675));
#648 = ORIENTED_EDGE('',*,*,#649,.T.);
#649 = EDGE_CURVE('',#650,#652,#654,.T.);
#650 = VERTEX_POINT('',#651);
#651 = CARTESIAN_POINT('',(9.855219710439,21.590043180086,0.));
#652 = VERTEX_POINT('',#653);
#653 = CARTESIAN_POINT('',(9.855219710439,21.590043180086,    9.004318008636E-02));
#654 = LINE('',#655,#656);
#655 = CARTESIAN_POINT('',(9.855219710439,21.590043180086,0.));
#656 = VECTOR('',#657,1.);
#657 = DIRECTION('',(0.,0.,1.));
#658 = ORIENTED_EDGE('',*,*,#659,.T.);
#659 = EDGE_CURVE('',#652,#660,#662,.T.);
#660 = VERTEX_POINT('',#661);
#661 = CARTESIAN_POINT('',(8.940817881636,21.590043180086,    9.004318008636E-02));
#662 = CIRCLE('',#663,0.457200914402);
#663 = AXIS2_PLACEMENT_3D('',#664,#665,#666);
#664 = CARTESIAN_POINT('',(9.398018796038,21.590043180086,    9.004318008636E-02));
#665 = DIRECTION('',(0.,0.,1.));
#666 = DIRECTION('',(1.,1.110223024625E-16,-0.));
#667 = ORIENTED_EDGE('',*,*,#668,.F.);
#668 = EDGE_CURVE('',#669,#660,#671,.T.);
#669 = VERTEX_POINT('',#670);
#670 = CARTESIAN_POINT('',(8.940817881636,21.590043180086,0.));
#671 = LINE('',#672,#673);
#672 = CARTESIAN_POINT('',(8.940817881636,21.590043180086,0.));
#673 = VECTOR('',#674,1.);
#674 = DIRECTION('',(0.,0.,1.));
#675 = ORIENTED_EDGE('',*,*,#676,.F.);
#676 = EDGE_CURVE('',#650,#669,#677,.T.);
#677 = CIRCLE('',#678,0.457200914402);
#678 = AXIS2_PLACEMENT_3D('',#679,#680,#681);
#679 = CARTESIAN_POINT('',(9.398018796038,21.590043180086,0.));
#680 = DIRECTION('',(0.,0.,1.));
#681 = DIRECTION('',(1.,1.110223024625E-16,-0.));
#682 = CYLINDRICAL_SURFACE('',#683,0.457200914402);
#683 = AXIS2_PLACEMENT_3D('',#684,#685,#686);
#684 = CARTESIAN_POINT('',(9.398018796038,21.590043180086,0.));
#685 = DIRECTION('',(-0.,-0.,-1.));
#686 = DIRECTION('',(1.,1.110223024625E-16,-0.));
#687 = ADVANCED_FACE('',(#688),#706,.F.);
#688 = FACE_BOUND('',#689,.T.);
#689 = EDGE_LOOP('',(#690,#691,#698,#699));
#690 = ORIENTED_EDGE('',*,*,#668,.T.);
#691 = ORIENTED_EDGE('',*,*,#692,.T.);
#692 = EDGE_CURVE('',#660,#652,#693,.T.);
#693 = CIRCLE('',#694,0.457200914402);
#694 = AXIS2_PLACEMENT_3D('',#695,#696,#697);
#695 = CARTESIAN_POINT('',(9.398018796038,21.590043180086,    9.004318008636E-02));
#696 = DIRECTION('',(0.,0.,1.));
#697 = DIRECTION('',(-1.,-1.110223024625E-16,0.));
#698 = ORIENTED_EDGE('',*,*,#649,.F.);
#699 = ORIENTED_EDGE('',*,*,#700,.F.);
#700 = EDGE_CURVE('',#669,#650,#701,.T.);
#701 = CIRCLE('',#702,0.457200914402);
#702 = AXIS2_PLACEMENT_3D('',#703,#704,#705);
#703 = CARTESIAN_POINT('',(9.398018796038,21.590043180086,0.));
#704 = DIRECTION('',(0.,0.,1.));
#705 = DIRECTION('',(-1.,-1.110223024625E-16,0.));
#706 = CYLINDRICAL_SURFACE('',#707,0.457200914402);
#707 = AXIS2_PLACEMENT_3D('',#708,#709,#710);
#708 = CARTESIAN_POINT('',(9.398018796038,21.590043180086,0.));
#709 = DIRECTION('',(-0.,-0.,-1.));
#710 = DIRECTION('',(-1.,-1.110223024625E-16,0.));
#711 = ADVANCED_FACE('',(#712),#748,.F.);
#712 = FACE_BOUND('',#713,.T.);
#713 = EDGE_LOOP('',(#714,#724,#733,#741));
#714 = ORIENTED_EDGE('',*,*,#715,.T.);
#715 = EDGE_CURVE('',#716,#718,#720,.T.);
#716 = VERTEX_POINT('',#717);
#717 = CARTESIAN_POINT('',(9.855219710439,19.050038100076,0.));
#718 = VERTEX_POINT('',#719);
#719 = CARTESIAN_POINT('',(9.855219710439,19.050038100076,    9.004318008636E-02));
#720 = LINE('',#721,#722);
#721 = CARTESIAN_POINT('',(9.855219710439,19.050038100076,0.));
#722 = VECTOR('',#723,1.);
#723 = DIRECTION('',(0.,0.,1.));
#724 = ORIENTED_EDGE('',*,*,#725,.T.);
#725 = EDGE_CURVE('',#718,#726,#728,.T.);
#726 = VERTEX_POINT('',#727);
#727 = CARTESIAN_POINT('',(8.940817881636,19.050038100076,    9.004318008636E-02));
#728 = CIRCLE('',#729,0.457200914402);
#729 = AXIS2_PLACEMENT_3D('',#730,#731,#732);
#730 = CARTESIAN_POINT('',(9.398018796038,19.050038100076,    9.004318008636E-02));
#731 = DIRECTION('',(0.,0.,1.));
#732 = DIRECTION('',(1.,1.110223024625E-16,-0.));
#733 = ORIENTED_EDGE('',*,*,#734,.F.);
#734 = EDGE_CURVE('',#735,#726,#737,.T.);
#735 = VERTEX_POINT('',#736);
#736 = CARTESIAN_POINT('',(8.940817881636,19.050038100076,0.));
#737 = LINE('',#738,#739);
#738 = CARTESIAN_POINT('',(8.940817881636,19.050038100076,0.));
#739 = VECTOR('',#740,1.);
#740 = DIRECTION('',(0.,0.,1.));
#741 = ORIENTED_EDGE('',*,*,#742,.F.);
#742 = EDGE_CURVE('',#716,#735,#743,.T.);
#743 = CIRCLE('',#744,0.457200914402);
#744 = AXIS2_PLACEMENT_3D('',#745,#746,#747);
#745 = CARTESIAN_POINT('',(9.398018796038,19.050038100076,0.));
#746 = DIRECTION('',(0.,0.,1.));
#747 = DIRECTION('',(1.,1.110223024625E-16,-0.));
#748 = CYLINDRICAL_SURFACE('',#749,0.457200914402);
#749 = AXIS2_PLACEMENT_3D('',#750,#751,#752);
#750 = CARTESIAN_POINT('',(9.398018796038,19.050038100076,0.));
#751 = DIRECTION('',(-0.,-0.,-1.));
#752 = DIRECTION('',(1.,1.110223024625E-16,-0.));
#753 = ADVANCED_FACE('',(#754),#772,.F.);
#754 = FACE_BOUND('',#755,.T.);
#755 = EDGE_LOOP('',(#756,#757,#764,#765));
#756 = ORIENTED_EDGE('',*,*,#734,.T.);
#757 = ORIENTED_EDGE('',*,*,#758,.T.);
#758 = EDGE_CURVE('',#726,#718,#759,.T.);
#759 = CIRCLE('',#760,0.457200914402);
#760 = AXIS2_PLACEMENT_3D('',#761,#762,#763);
#761 = CARTESIAN_POINT('',(9.398018796038,19.050038100076,    9.004318008636E-02));
#762 = DIRECTION('',(0.,0.,1.));
#763 = DIRECTION('',(-1.,-1.110223024625E-16,0.));
#764 = ORIENTED_EDGE('',*,*,#715,.F.);
#765 = ORIENTED_EDGE('',*,*,#766,.F.);
#766 = EDGE_CURVE('',#735,#716,#767,.T.);
#767 = CIRCLE('',#768,0.457200914402);
#768 = AXIS2_PLACEMENT_3D('',#769,#770,#771);
#769 = CARTESIAN_POINT('',(9.398018796038,19.050038100076,0.));
#770 = DIRECTION('',(0.,0.,1.));
#771 = DIRECTION('',(-1.,-1.110223024625E-16,0.));
#772 = CYLINDRICAL_SURFACE('',#773,0.457200914402);
#773 = AXIS2_PLACEMENT_3D('',#774,#775,#776);
#774 = CARTESIAN_POINT('',(9.398018796038,19.050038100076,0.));
#775 = DIRECTION('',(-0.,-0.,-1.));
#776 = DIRECTION('',(-1.,-1.110223024625E-16,0.));
#777 = ADVANCED_FACE('',(#778),#814,.F.);
#778 = FACE_BOUND('',#779,.T.);
#779 = EDGE_LOOP('',(#780,#790,#799,#807));
#780 = ORIENTED_EDGE('',*,*,#781,.T.);
#781 = EDGE_CURVE('',#782,#784,#786,.T.);
#782 = VERTEX_POINT('',#783);
#783 = CARTESIAN_POINT('',(10.236220472441,85.852171704343,0.));
#784 = VERTEX_POINT('',#785);
#785 = CARTESIAN_POINT('',(10.236220472441,85.852171704343,    9.004318008636E-02));
#786 = LINE('',#787,#788);
#787 = CARTESIAN_POINT('',(10.236220472441,85.852171704343,0.));
#788 = VECTOR('',#789,1.);
#789 = DIRECTION('',(0.,0.,1.));
#790 = ORIENTED_EDGE('',*,*,#791,.T.);
#791 = EDGE_CURVE('',#784,#792,#794,.T.);
#792 = VERTEX_POINT('',#793);
#793 = CARTESIAN_POINT('',(9.321818643637,85.852171704343,    9.004318008636E-02));
#794 = CIRCLE('',#795,0.457200914402);
#795 = AXIS2_PLACEMENT_3D('',#796,#797,#798);
#796 = CARTESIAN_POINT('',(9.779019558039,85.852171704343,    9.004318008636E-02));
#797 = DIRECTION('',(0.,0.,1.));
#798 = DIRECTION('',(1.,1.110223024625E-16,-0.));
#799 = ORIENTED_EDGE('',*,*,#800,.F.);
#800 = EDGE_CURVE('',#801,#792,#803,.T.);
#801 = VERTEX_POINT('',#802);
#802 = CARTESIAN_POINT('',(9.321818643637,85.852171704343,0.));
#803 = LINE('',#804,#805);
#804 = CARTESIAN_POINT('',(9.321818643637,85.852171704343,0.));
#805 = VECTOR('',#806,1.);
#806 = DIRECTION('',(0.,0.,1.));
#807 = ORIENTED_EDGE('',*,*,#808,.F.);
#808 = EDGE_CURVE('',#782,#801,#809,.T.);
#809 = CIRCLE('',#810,0.457200914402);
#810 = AXIS2_PLACEMENT_3D('',#811,#812,#813);
#811 = CARTESIAN_POINT('',(9.779019558039,85.852171704343,0.));
#812 = DIRECTION('',(0.,0.,1.));
#813 = DIRECTION('',(1.,1.110223024625E-16,-0.));
#814 = CYLINDRICAL_SURFACE('',#815,0.457200914402);
#815 = AXIS2_PLACEMENT_3D('',#816,#817,#818);
#816 = CARTESIAN_POINT('',(9.779019558039,85.852171704343,0.));
#817 = DIRECTION('',(-0.,-0.,-1.));
#818 = DIRECTION('',(1.,1.110223024625E-16,-0.));
#819 = ADVANCED_FACE('',(#820),#838,.F.);
#820 = FACE_BOUND('',#821,.T.);
#821 = EDGE_LOOP('',(#822,#823,#830,#831));
#822 = ORIENTED_EDGE('',*,*,#800,.T.);
#823 = ORIENTED_EDGE('',*,*,#824,.T.);
#824 = EDGE_CURVE('',#792,#784,#825,.T.);
#825 = CIRCLE('',#826,0.457200914402);
#826 = AXIS2_PLACEMENT_3D('',#827,#828,#829);
#827 = CARTESIAN_POINT('',(9.779019558039,85.852171704343,    9.004318008636E-02));
#828 = DIRECTION('',(0.,0.,1.));
#829 = DIRECTION('',(-1.,-1.110223024625E-16,0.));
#830 = ORIENTED_EDGE('',*,*,#781,.F.);
#831 = ORIENTED_EDGE('',*,*,#832,.F.);
#832 = EDGE_CURVE('',#801,#782,#833,.T.);
#833 = CIRCLE('',#834,0.457200914402);
#834 = AXIS2_PLACEMENT_3D('',#835,#836,#837);
#835 = CARTESIAN_POINT('',(9.779019558039,85.852171704343,0.));
#836 = DIRECTION('',(0.,0.,1.));
#837 = DIRECTION('',(-1.,-1.110223024625E-16,0.));
#838 = CYLINDRICAL_SURFACE('',#839,0.457200914402);
#839 = AXIS2_PLACEMENT_3D('',#840,#841,#842);
#840 = CARTESIAN_POINT('',(9.779019558039,85.852171704343,0.));
#841 = DIRECTION('',(-0.,-0.,-1.));
#842 = DIRECTION('',(-1.,-1.110223024625E-16,0.));
#843 = ADVANCED_FACE('',(#844),#880,.F.);
#844 = FACE_BOUND('',#845,.T.);
#845 = EDGE_LOOP('',(#846,#856,#865,#873));
#846 = ORIENTED_EDGE('',*,*,#847,.T.);
#847 = EDGE_CURVE('',#848,#850,#852,.T.);
#848 = VERTEX_POINT('',#849);
#849 = CARTESIAN_POINT('',(10.236220472441,80.772161544323,0.));
#850 = VERTEX_POINT('',#851);
#851 = CARTESIAN_POINT('',(10.236220472441,80.772161544323,    9.004318008636E-02));
#852 = LINE('',#853,#854);
#853 = CARTESIAN_POINT('',(10.236220472441,80.772161544323,0.));
#854 = VECTOR('',#855,1.);
#855 = DIRECTION('',(0.,0.,1.));
#856 = ORIENTED_EDGE('',*,*,#857,.T.);
#857 = EDGE_CURVE('',#850,#858,#860,.T.);
#858 = VERTEX_POINT('',#859);
#859 = CARTESIAN_POINT('',(9.321818643637,80.772161544323,    9.004318008636E-02));
#860 = CIRCLE('',#861,0.457200914402);
#861 = AXIS2_PLACEMENT_3D('',#862,#863,#864);
#862 = CARTESIAN_POINT('',(9.779019558039,80.772161544323,    9.004318008636E-02));
#863 = DIRECTION('',(0.,0.,1.));
#864 = DIRECTION('',(1.,1.110223024625E-16,-0.));
#865 = ORIENTED_EDGE('',*,*,#866,.F.);
#866 = EDGE_CURVE('',#867,#858,#869,.T.);
#867 = VERTEX_POINT('',#868);
#868 = CARTESIAN_POINT('',(9.321818643637,80.772161544323,0.));
#869 = LINE('',#870,#871);
#870 = CARTESIAN_POINT('',(9.321818643637,80.772161544323,0.));
#871 = VECTOR('',#872,1.);
#872 = DIRECTION('',(0.,0.,1.));
#873 = ORIENTED_EDGE('',*,*,#874,.F.);
#874 = EDGE_CURVE('',#848,#867,#875,.T.);
#875 = CIRCLE('',#876,0.457200914402);
#876 = AXIS2_PLACEMENT_3D('',#877,#878,#879);
#877 = CARTESIAN_POINT('',(9.779019558039,80.772161544323,0.));
#878 = DIRECTION('',(0.,0.,1.));
#879 = DIRECTION('',(1.,1.110223024625E-16,-0.));
#880 = CYLINDRICAL_SURFACE('',#881,0.457200914402);
#881 = AXIS2_PLACEMENT_3D('',#882,#883,#884);
#882 = CARTESIAN_POINT('',(9.779019558039,80.772161544323,0.));
#883 = DIRECTION('',(-0.,-0.,-1.));
#884 = DIRECTION('',(1.,1.110223024625E-16,-0.));
#885 = ADVANCED_FACE('',(#886),#904,.F.);
#886 = FACE_BOUND('',#887,.T.);
#887 = EDGE_LOOP('',(#888,#889,#896,#897));
#888 = ORIENTED_EDGE('',*,*,#866,.T.);
#889 = ORIENTED_EDGE('',*,*,#890,.T.);
#890 = EDGE_CURVE('',#858,#850,#891,.T.);
#891 = CIRCLE('',#892,0.457200914402);
#892 = AXIS2_PLACEMENT_3D('',#893,#894,#895);
#893 = CARTESIAN_POINT('',(9.779019558039,80.772161544323,    9.004318008636E-02));
#894 = DIRECTION('',(0.,0.,1.));
#895 = DIRECTION('',(-1.,-1.110223024625E-16,0.));
#896 = ORIENTED_EDGE('',*,*,#847,.F.);
#897 = ORIENTED_EDGE('',*,*,#898,.F.);
#898 = EDGE_CURVE('',#867,#848,#899,.T.);
#899 = CIRCLE('',#900,0.457200914402);
#900 = AXIS2_PLACEMENT_3D('',#901,#902,#903);
#901 = CARTESIAN_POINT('',(9.779019558039,80.772161544323,0.));
#902 = DIRECTION('',(0.,0.,1.));
#903 = DIRECTION('',(-1.,-1.110223024625E-16,0.));
#904 = CYLINDRICAL_SURFACE('',#905,0.457200914402);
#905 = AXIS2_PLACEMENT_3D('',#906,#907,#908);
#906 = CARTESIAN_POINT('',(9.779019558039,80.772161544323,0.));
#907 = DIRECTION('',(-0.,-0.,-1.));
#908 = DIRECTION('',(-1.,-1.110223024625E-16,0.));
#909 = ADVANCED_FACE('',(#910),#946,.F.);
#910 = FACE_BOUND('',#911,.T.);
#911 = EDGE_LOOP('',(#912,#922,#931,#939));
#912 = ORIENTED_EDGE('',*,*,#913,.T.);
#913 = EDGE_CURVE('',#914,#916,#918,.T.);
#914 = VERTEX_POINT('',#915);
#915 = CARTESIAN_POINT('',(10.236220472441,78.232156464313,0.));
#916 = VERTEX_POINT('',#917);
#917 = CARTESIAN_POINT('',(10.236220472441,78.232156464313,    9.004318008636E-02));
#918 = LINE('',#919,#920);
#919 = CARTESIAN_POINT('',(10.236220472441,78.232156464313,0.));
#920 = VECTOR('',#921,1.);
#921 = DIRECTION('',(0.,0.,1.));
#922 = ORIENTED_EDGE('',*,*,#923,.T.);
#923 = EDGE_CURVE('',#916,#924,#926,.T.);
#924 = VERTEX_POINT('',#925);
#925 = CARTESIAN_POINT('',(9.321818643637,78.232156464313,    9.004318008636E-02));
#926 = CIRCLE('',#927,0.457200914402);
#927 = AXIS2_PLACEMENT_3D('',#928,#929,#930);
#928 = CARTESIAN_POINT('',(9.779019558039,78.232156464313,    9.004318008636E-02));
#929 = DIRECTION('',(0.,0.,1.));
#930 = DIRECTION('',(1.,1.110223024625E-16,-0.));
#931 = ORIENTED_EDGE('',*,*,#932,.F.);
#932 = EDGE_CURVE('',#933,#924,#935,.T.);
#933 = VERTEX_POINT('',#934);
#934 = CARTESIAN_POINT('',(9.321818643637,78.232156464313,0.));
#935 = LINE('',#936,#937);
#936 = CARTESIAN_POINT('',(9.321818643637,78.232156464313,0.));
#937 = VECTOR('',#938,1.);
#938 = DIRECTION('',(0.,0.,1.));
#939 = ORIENTED_EDGE('',*,*,#940,.F.);
#940 = EDGE_CURVE('',#914,#933,#941,.T.);
#941 = CIRCLE('',#942,0.457200914402);
#942 = AXIS2_PLACEMENT_3D('',#943,#944,#945);
#943 = CARTESIAN_POINT('',(9.779019558039,78.232156464313,0.));
#944 = DIRECTION('',(0.,0.,1.));
#945 = DIRECTION('',(1.,1.110223024625E-16,-0.));
#946 = CYLINDRICAL_SURFACE('',#947,0.457200914402);
#947 = AXIS2_PLACEMENT_3D('',#948,#949,#950);
#948 = CARTESIAN_POINT('',(9.779019558039,78.232156464313,0.));
#949 = DIRECTION('',(-0.,-0.,-1.));
#950 = DIRECTION('',(1.,1.110223024625E-16,-0.));
#951 = ADVANCED_FACE('',(#952),#970,.F.);
#952 = FACE_BOUND('',#953,.T.);
#953 = EDGE_LOOP('',(#954,#955,#962,#963));
#954 = ORIENTED_EDGE('',*,*,#932,.T.);
#955 = ORIENTED_EDGE('',*,*,#956,.T.);
#956 = EDGE_CURVE('',#924,#916,#957,.T.);
#957 = CIRCLE('',#958,0.457200914402);
#958 = AXIS2_PLACEMENT_3D('',#959,#960,#961);
#959 = CARTESIAN_POINT('',(9.779019558039,78.232156464313,    9.004318008636E-02));
#960 = DIRECTION('',(0.,0.,1.));
#961 = DIRECTION('',(-1.,-1.110223024625E-16,0.));
#962 = ORIENTED_EDGE('',*,*,#913,.F.);
#963 = ORIENTED_EDGE('',*,*,#964,.F.);
#964 = EDGE_CURVE('',#933,#914,#965,.T.);
#965 = CIRCLE('',#966,0.457200914402);
#966 = AXIS2_PLACEMENT_3D('',#967,#968,#969);
#967 = CARTESIAN_POINT('',(9.779019558039,78.232156464313,0.));
#968 = DIRECTION('',(0.,0.,1.));
#969 = DIRECTION('',(-1.,-1.110223024625E-16,0.));
#970 = CYLINDRICAL_SURFACE('',#971,0.457200914402);
#971 = AXIS2_PLACEMENT_3D('',#972,#973,#974);
#972 = CARTESIAN_POINT('',(9.779019558039,78.232156464313,0.));
#973 = DIRECTION('',(-0.,-0.,-1.));
#974 = DIRECTION('',(-1.,-1.110223024625E-16,0.));
#975 = ADVANCED_FACE('',(#976),#1012,.F.);
#976 = FACE_BOUND('',#977,.T.);
#977 = EDGE_LOOP('',(#978,#988,#997,#1005));
#978 = ORIENTED_EDGE('',*,*,#979,.T.);
#979 = EDGE_CURVE('',#980,#982,#984,.T.);
#980 = VERTEX_POINT('',#981);
#981 = CARTESIAN_POINT('',(10.236220472441,75.692151384303,0.));
#982 = VERTEX_POINT('',#983);
#983 = CARTESIAN_POINT('',(10.236220472441,75.692151384303,    9.004318008636E-02));
#984 = LINE('',#985,#986);
#985 = CARTESIAN_POINT('',(10.236220472441,75.692151384303,0.));
#986 = VECTOR('',#987,1.);
#987 = DIRECTION('',(0.,0.,1.));
#988 = ORIENTED_EDGE('',*,*,#989,.T.);
#989 = EDGE_CURVE('',#982,#990,#992,.T.);
#990 = VERTEX_POINT('',#991);
#991 = CARTESIAN_POINT('',(9.321818643637,75.692151384303,    9.004318008636E-02));
#992 = CIRCLE('',#993,0.457200914402);
#993 = AXIS2_PLACEMENT_3D('',#994,#995,#996);
#994 = CARTESIAN_POINT('',(9.779019558039,75.692151384303,    9.004318008636E-02));
#995 = DIRECTION('',(0.,0.,1.));
#996 = DIRECTION('',(1.,1.110223024625E-16,-0.));
#997 = ORIENTED_EDGE('',*,*,#998,.F.);
#998 = EDGE_CURVE('',#999,#990,#1001,.T.);
#999 = VERTEX_POINT('',#1000);
#1000 = CARTESIAN_POINT('',(9.321818643637,75.692151384303,0.));
#1001 = LINE('',#1002,#1003);
#1002 = CARTESIAN_POINT('',(9.321818643637,75.692151384303,0.));
#1003 = VECTOR('',#1004,1.);
#1004 = DIRECTION('',(0.,0.,1.));
#1005 = ORIENTED_EDGE('',*,*,#1006,.F.);
#1006 = EDGE_CURVE('',#980,#999,#1007,.T.);
#1007 = CIRCLE('',#1008,0.457200914402);
#1008 = AXIS2_PLACEMENT_3D('',#1009,#1010,#1011);
#1009 = CARTESIAN_POINT('',(9.779019558039,75.692151384303,0.));
#1010 = DIRECTION('',(0.,0.,1.));
#1011 = DIRECTION('',(1.,1.110223024625E-16,-0.));
#1012 = CYLINDRICAL_SURFACE('',#1013,0.457200914402);
#1013 = AXIS2_PLACEMENT_3D('',#1014,#1015,#1016);
#1014 = CARTESIAN_POINT('',(9.779019558039,75.692151384303,0.));
#1015 = DIRECTION('',(-0.,-0.,-1.));
#1016 = DIRECTION('',(1.,1.110223024625E-16,-0.));
#1017 = ADVANCED_FACE('',(#1018),#1036,.F.);
#1018 = FACE_BOUND('',#1019,.T.);
#1019 = EDGE_LOOP('',(#1020,#1021,#1028,#1029));
#1020 = ORIENTED_EDGE('',*,*,#998,.T.);
#1021 = ORIENTED_EDGE('',*,*,#1022,.T.);
#1022 = EDGE_CURVE('',#990,#982,#1023,.T.);
#1023 = CIRCLE('',#1024,0.457200914402);
#1024 = AXIS2_PLACEMENT_3D('',#1025,#1026,#1027);
#1025 = CARTESIAN_POINT('',(9.779019558039,75.692151384303,    9.004318008636E-02));
#1026 = DIRECTION('',(0.,0.,1.));
#1027 = DIRECTION('',(-1.,-1.110223024625E-16,0.));
#1028 = ORIENTED_EDGE('',*,*,#979,.F.);
#1029 = ORIENTED_EDGE('',*,*,#1030,.F.);
#1030 = EDGE_CURVE('',#999,#980,#1031,.T.);
#1031 = CIRCLE('',#1032,0.457200914402);
#1032 = AXIS2_PLACEMENT_3D('',#1033,#1034,#1035);
#1033 = CARTESIAN_POINT('',(9.779019558039,75.692151384303,0.));
#1034 = DIRECTION('',(0.,0.,1.));
#1035 = DIRECTION('',(-1.,-1.110223024625E-16,0.));
#1036 = CYLINDRICAL_SURFACE('',#1037,0.457200914402);
#1037 = AXIS2_PLACEMENT_3D('',#1038,#1039,#1040);
#1038 = CARTESIAN_POINT('',(9.779019558039,75.692151384303,0.));
#1039 = DIRECTION('',(-0.,-0.,-1.));
#1040 = DIRECTION('',(-1.,-1.110223024625E-16,0.));
#1041 = ADVANCED_FACE('',(#1042),#1078,.F.);
#1042 = FACE_BOUND('',#1043,.T.);
#1043 = EDGE_LOOP('',(#1044,#1054,#1063,#1071));
#1044 = ORIENTED_EDGE('',*,*,#1045,.T.);
#1045 = EDGE_CURVE('',#1046,#1048,#1050,.T.);
#1046 = VERTEX_POINT('',#1047);
#1047 = CARTESIAN_POINT('',(10.236220472441,83.312166624333,0.));
#1048 = VERTEX_POINT('',#1049);
#1049 = CARTESIAN_POINT('',(10.236220472441,83.312166624333,    9.004318008636E-02));
#1050 = LINE('',#1051,#1052);
#1051 = CARTESIAN_POINT('',(10.236220472441,83.312166624333,0.));
#1052 = VECTOR('',#1053,1.);
#1053 = DIRECTION('',(0.,0.,1.));
#1054 = ORIENTED_EDGE('',*,*,#1055,.T.);
#1055 = EDGE_CURVE('',#1048,#1056,#1058,.T.);
#1056 = VERTEX_POINT('',#1057);
#1057 = CARTESIAN_POINT('',(9.321818643637,83.312166624333,    9.004318008636E-02));
#1058 = CIRCLE('',#1059,0.457200914402);
#1059 = AXIS2_PLACEMENT_3D('',#1060,#1061,#1062);
#1060 = CARTESIAN_POINT('',(9.779019558039,83.312166624333,    9.004318008636E-02));
#1061 = DIRECTION('',(0.,0.,1.));
#1062 = DIRECTION('',(1.,1.110223024625E-16,-0.));
#1063 = ORIENTED_EDGE('',*,*,#1064,.F.);
#1064 = EDGE_CURVE('',#1065,#1056,#1067,.T.);
#1065 = VERTEX_POINT('',#1066);
#1066 = CARTESIAN_POINT('',(9.321818643637,83.312166624333,0.));
#1067 = LINE('',#1068,#1069);
#1068 = CARTESIAN_POINT('',(9.321818643637,83.312166624333,0.));
#1069 = VECTOR('',#1070,1.);
#1070 = DIRECTION('',(0.,0.,1.));
#1071 = ORIENTED_EDGE('',*,*,#1072,.F.);
#1072 = EDGE_CURVE('',#1046,#1065,#1073,.T.);
#1073 = CIRCLE('',#1074,0.457200914402);
#1074 = AXIS2_PLACEMENT_3D('',#1075,#1076,#1077);
#1075 = CARTESIAN_POINT('',(9.779019558039,83.312166624333,0.));
#1076 = DIRECTION('',(0.,0.,1.));
#1077 = DIRECTION('',(1.,1.110223024625E-16,-0.));
#1078 = CYLINDRICAL_SURFACE('',#1079,0.457200914402);
#1079 = AXIS2_PLACEMENT_3D('',#1080,#1081,#1082);
#1080 = CARTESIAN_POINT('',(9.779019558039,83.312166624333,0.));
#1081 = DIRECTION('',(-0.,-0.,-1.));
#1082 = DIRECTION('',(1.,1.110223024625E-16,-0.));
#1083 = ADVANCED_FACE('',(#1084),#1102,.F.);
#1084 = FACE_BOUND('',#1085,.T.);
#1085 = EDGE_LOOP('',(#1086,#1087,#1094,#1095));
#1086 = ORIENTED_EDGE('',*,*,#1064,.T.);
#1087 = ORIENTED_EDGE('',*,*,#1088,.T.);
#1088 = EDGE_CURVE('',#1056,#1048,#1089,.T.);
#1089 = CIRCLE('',#1090,0.457200914402);
#1090 = AXIS2_PLACEMENT_3D('',#1091,#1092,#1093);
#1091 = CARTESIAN_POINT('',(9.779019558039,83.312166624333,    9.004318008636E-02));
#1092 = DIRECTION('',(0.,0.,1.));
#1093 = DIRECTION('',(-1.,-1.110223024625E-16,0.));
#1094 = ORIENTED_EDGE('',*,*,#1045,.F.);
#1095 = ORIENTED_EDGE('',*,*,#1096,.F.);
#1096 = EDGE_CURVE('',#1065,#1046,#1097,.T.);
#1097 = CIRCLE('',#1098,0.457200914402);
#1098 = AXIS2_PLACEMENT_3D('',#1099,#1100,#1101);
#1099 = CARTESIAN_POINT('',(9.779019558039,83.312166624333,0.));
#1100 = DIRECTION('',(0.,0.,1.));
#1101 = DIRECTION('',(-1.,-1.110223024625E-16,0.));
#1102 = CYLINDRICAL_SURFACE('',#1103,0.457200914402);
#1103 = AXIS2_PLACEMENT_3D('',#1104,#1105,#1106);
#1104 = CARTESIAN_POINT('',(9.779019558039,83.312166624333,0.));
#1105 = DIRECTION('',(-0.,-0.,-1.));
#1106 = DIRECTION('',(-1.,-1.110223024625E-16,0.));
#1107 = ADVANCED_FACE('',(#1108),#1144,.F.);
#1108 = FACE_BOUND('',#1109,.T.);
#1109 = EDGE_LOOP('',(#1110,#1120,#1129,#1137));
#1110 = ORIENTED_EDGE('',*,*,#1111,.T.);
#1111 = EDGE_CURVE('',#1112,#1114,#1116,.T.);
#1112 = VERTEX_POINT('',#1113);
#1113 = CARTESIAN_POINT('',(10.617221234442,61.976123952248,0.));
#1114 = VERTEX_POINT('',#1115);
#1115 = CARTESIAN_POINT('',(10.617221234442,61.976123952248,    9.004318008636E-02));
#1116 = LINE('',#1117,#1118);
#1117 = CARTESIAN_POINT('',(10.617221234442,61.976123952248,0.));
#1118 = VECTOR('',#1119,1.);
#1119 = DIRECTION('',(0.,0.,1.));
#1120 = ORIENTED_EDGE('',*,*,#1121,.T.);
#1121 = EDGE_CURVE('',#1114,#1122,#1124,.T.);
#1122 = VERTEX_POINT('',#1123);
#1123 = CARTESIAN_POINT('',(9.702819405639,61.976123952248,    9.004318008636E-02));
#1124 = CIRCLE('',#1125,0.457200914402);
#1125 = AXIS2_PLACEMENT_3D('',#1126,#1127,#1128);
#1126 = CARTESIAN_POINT('',(10.160020320041,61.976123952248,    9.004318008636E-02));
#1127 = DIRECTION('',(0.,0.,1.));
#1128 = DIRECTION('',(1.,1.110223024625E-16,-0.));
#1129 = ORIENTED_EDGE('',*,*,#1130,.F.);
#1130 = EDGE_CURVE('',#1131,#1122,#1133,.T.);
#1131 = VERTEX_POINT('',#1132);
#1132 = CARTESIAN_POINT('',(9.702819405639,61.976123952248,0.));
#1133 = LINE('',#1134,#1135);
#1134 = CARTESIAN_POINT('',(9.702819405639,61.976123952248,0.));
#1135 = VECTOR('',#1136,1.);
#1136 = DIRECTION('',(0.,0.,1.));
#1137 = ORIENTED_EDGE('',*,*,#1138,.F.);
#1138 = EDGE_CURVE('',#1112,#1131,#1139,.T.);
#1139 = CIRCLE('',#1140,0.457200914402);
#1140 = AXIS2_PLACEMENT_3D('',#1141,#1142,#1143);
#1141 = CARTESIAN_POINT('',(10.160020320041,61.976123952248,0.));
#1142 = DIRECTION('',(0.,0.,1.));
#1143 = DIRECTION('',(1.,1.110223024625E-16,-0.));
#1144 = CYLINDRICAL_SURFACE('',#1145,0.457200914402);
#1145 = AXIS2_PLACEMENT_3D('',#1146,#1147,#1148);
#1146 = CARTESIAN_POINT('',(10.160020320041,61.976123952248,0.));
#1147 = DIRECTION('',(-0.,-0.,-1.));
#1148 = DIRECTION('',(1.,1.110223024625E-16,-0.));
#1149 = ADVANCED_FACE('',(#1150),#1168,.F.);
#1150 = FACE_BOUND('',#1151,.T.);
#1151 = EDGE_LOOP('',(#1152,#1153,#1160,#1161));
#1152 = ORIENTED_EDGE('',*,*,#1130,.T.);
#1153 = ORIENTED_EDGE('',*,*,#1154,.T.);
#1154 = EDGE_CURVE('',#1122,#1114,#1155,.T.);
#1155 = CIRCLE('',#1156,0.457200914402);
#1156 = AXIS2_PLACEMENT_3D('',#1157,#1158,#1159);
#1157 = CARTESIAN_POINT('',(10.160020320041,61.976123952248,    9.004318008636E-02));
#1158 = DIRECTION('',(0.,0.,1.));
#1159 = DIRECTION('',(-1.,-1.110223024625E-16,0.));
#1160 = ORIENTED_EDGE('',*,*,#1111,.F.);
#1161 = ORIENTED_EDGE('',*,*,#1162,.F.);
#1162 = EDGE_CURVE('',#1131,#1112,#1163,.T.);
#1163 = CIRCLE('',#1164,0.457200914402);
#1164 = AXIS2_PLACEMENT_3D('',#1165,#1166,#1167);
#1165 = CARTESIAN_POINT('',(10.160020320041,61.976123952248,0.));
#1166 = DIRECTION('',(0.,0.,1.));
#1167 = DIRECTION('',(-1.,-1.110223024625E-16,0.));
#1168 = CYLINDRICAL_SURFACE('',#1169,0.457200914402);
#1169 = AXIS2_PLACEMENT_3D('',#1170,#1171,#1172);
#1170 = CARTESIAN_POINT('',(10.160020320041,61.976123952248,0.));
#1171 = DIRECTION('',(-0.,-0.,-1.));
#1172 = DIRECTION('',(-1.,-1.110223024625E-16,0.));
#1173 = ADVANCED_FACE('',(#1174),#1210,.F.);
#1174 = FACE_BOUND('',#1175,.T.);
#1175 = EDGE_LOOP('',(#1176,#1186,#1195,#1203));
#1176 = ORIENTED_EDGE('',*,*,#1177,.T.);
#1177 = EDGE_CURVE('',#1178,#1180,#1182,.T.);
#1178 = VERTEX_POINT('',#1179);
#1179 = CARTESIAN_POINT('',(10.871221742443,35.05207010414,0.));
#1180 = VERTEX_POINT('',#1181);
#1181 = CARTESIAN_POINT('',(10.871221742443,35.05207010414,    9.004318008636E-02));
#1182 = LINE('',#1183,#1184);
#1183 = CARTESIAN_POINT('',(10.871221742443,35.05207010414,0.));
#1184 = VECTOR('',#1185,1.);
#1185 = DIRECTION('',(0.,0.,1.));
#1186 = ORIENTED_EDGE('',*,*,#1187,.T.);
#1187 = EDGE_CURVE('',#1180,#1188,#1190,.T.);
#1188 = VERTEX_POINT('',#1189);
#1189 = CARTESIAN_POINT('',(9.95681991364,35.05207010414,    9.004318008636E-02));
#1190 = CIRCLE('',#1191,0.457200914402);
#1191 = AXIS2_PLACEMENT_3D('',#1192,#1193,#1194);
#1192 = CARTESIAN_POINT('',(10.414020828042,35.05207010414,    9.004318008636E-02));
#1193 = DIRECTION('',(0.,0.,1.));
#1194 = DIRECTION('',(1.,1.110223024625E-16,-0.));
#1195 = ORIENTED_EDGE('',*,*,#1196,.F.);
#1196 = EDGE_CURVE('',#1197,#1188,#1199,.T.);
#1197 = VERTEX_POINT('',#1198);
#1198 = CARTESIAN_POINT('',(9.95681991364,35.05207010414,0.));
#1199 = LINE('',#1200,#1201);
#1200 = CARTESIAN_POINT('',(9.95681991364,35.05207010414,0.));
#1201 = VECTOR('',#1202,1.);
#1202 = DIRECTION('',(0.,0.,1.));
#1203 = ORIENTED_EDGE('',*,*,#1204,.F.);
#1204 = EDGE_CURVE('',#1178,#1197,#1205,.T.);
#1205 = CIRCLE('',#1206,0.457200914402);
#1206 = AXIS2_PLACEMENT_3D('',#1207,#1208,#1209);
#1207 = CARTESIAN_POINT('',(10.414020828042,35.05207010414,0.));
#1208 = DIRECTION('',(0.,0.,1.));
#1209 = DIRECTION('',(1.,1.110223024625E-16,-0.));
#1210 = CYLINDRICAL_SURFACE('',#1211,0.457200914402);
#1211 = AXIS2_PLACEMENT_3D('',#1212,#1213,#1214);
#1212 = CARTESIAN_POINT('',(10.414020828042,35.05207010414,0.));
#1213 = DIRECTION('',(-0.,-0.,-1.));
#1214 = DIRECTION('',(1.,1.110223024625E-16,-0.));
#1215 = ADVANCED_FACE('',(#1216),#1234,.F.);
#1216 = FACE_BOUND('',#1217,.T.);
#1217 = EDGE_LOOP('',(#1218,#1219,#1226,#1227));
#1218 = ORIENTED_EDGE('',*,*,#1196,.T.);
#1219 = ORIENTED_EDGE('',*,*,#1220,.T.);
#1220 = EDGE_CURVE('',#1188,#1180,#1221,.T.);
#1221 = CIRCLE('',#1222,0.457200914402);
#1222 = AXIS2_PLACEMENT_3D('',#1223,#1224,#1225);
#1223 = CARTESIAN_POINT('',(10.414020828042,35.05207010414,    9.004318008636E-02));
#1224 = DIRECTION('',(0.,0.,1.));
#1225 = DIRECTION('',(-1.,-1.110223024625E-16,0.));
#1226 = ORIENTED_EDGE('',*,*,#1177,.F.);
#1227 = ORIENTED_EDGE('',*,*,#1228,.F.);
#1228 = EDGE_CURVE('',#1197,#1178,#1229,.T.);
#1229 = CIRCLE('',#1230,0.457200914402);
#1230 = AXIS2_PLACEMENT_3D('',#1231,#1232,#1233);
#1231 = CARTESIAN_POINT('',(10.414020828042,35.05207010414,0.));
#1232 = DIRECTION('',(0.,0.,1.));
#1233 = DIRECTION('',(-1.,-1.110223024625E-16,0.));
#1234 = CYLINDRICAL_SURFACE('',#1235,0.457200914402);
#1235 = AXIS2_PLACEMENT_3D('',#1236,#1237,#1238);
#1236 = CARTESIAN_POINT('',(10.414020828042,35.05207010414,0.));
#1237 = DIRECTION('',(-0.,-0.,-1.));
#1238 = DIRECTION('',(-1.,-1.110223024625E-16,0.));
#1239 = ADVANCED_FACE('',(#1240),#1276,.F.);
#1240 = FACE_BOUND('',#1241,.T.);
#1241 = EDGE_LOOP('',(#1242,#1252,#1261,#1269));
#1242 = ORIENTED_EDGE('',*,*,#1243,.T.);
#1243 = EDGE_CURVE('',#1244,#1246,#1248,.T.);
#1244 = VERTEX_POINT('',#1245);
#1245 = CARTESIAN_POINT('',(13.157226314453,61.976123952248,0.));
#1246 = VERTEX_POINT('',#1247);
#1247 = CARTESIAN_POINT('',(13.157226314453,61.976123952248,    9.004318008636E-02));
#1248 = LINE('',#1249,#1250);
#1249 = CARTESIAN_POINT('',(13.157226314453,61.976123952248,0.));
#1250 = VECTOR('',#1251,1.);
#1251 = DIRECTION('',(0.,0.,1.));
#1252 = ORIENTED_EDGE('',*,*,#1253,.T.);
#1253 = EDGE_CURVE('',#1246,#1254,#1256,.T.);
#1254 = VERTEX_POINT('',#1255);
#1255 = CARTESIAN_POINT('',(12.242824485649,61.976123952248,    9.004318008636E-02));
#1256 = CIRCLE('',#1257,0.457200914402);
#1257 = AXIS2_PLACEMENT_3D('',#1258,#1259,#1260);
#1258 = CARTESIAN_POINT('',(12.700025400051,61.976123952248,    9.004318008636E-02));
#1259 = DIRECTION('',(0.,0.,1.));
#1260 = DIRECTION('',(1.,1.110223024625E-16,-0.));
#1261 = ORIENTED_EDGE('',*,*,#1262,.F.);
#1262 = EDGE_CURVE('',#1263,#1254,#1265,.T.);
#1263 = VERTEX_POINT('',#1264);
#1264 = CARTESIAN_POINT('',(12.242824485649,61.976123952248,0.));
#1265 = LINE('',#1266,#1267);
#1266 = CARTESIAN_POINT('',(12.242824485649,61.976123952248,0.));
#1267 = VECTOR('',#1268,1.);
#1268 = DIRECTION('',(0.,0.,1.));
#1269 = ORIENTED_EDGE('',*,*,#1270,.F.);
#1270 = EDGE_CURVE('',#1244,#1263,#1271,.T.);
#1271 = CIRCLE('',#1272,0.457200914402);
#1272 = AXIS2_PLACEMENT_3D('',#1273,#1274,#1275);
#1273 = CARTESIAN_POINT('',(12.700025400051,61.976123952248,0.));
#1274 = DIRECTION('',(0.,0.,1.));
#1275 = DIRECTION('',(1.,1.110223024625E-16,-0.));
#1276 = CYLINDRICAL_SURFACE('',#1277,0.457200914402);
#1277 = AXIS2_PLACEMENT_3D('',#1278,#1279,#1280);
#1278 = CARTESIAN_POINT('',(12.700025400051,61.976123952248,0.));
#1279 = DIRECTION('',(-0.,-0.,-1.));
#1280 = DIRECTION('',(1.,1.110223024625E-16,-0.));
#1281 = ADVANCED_FACE('',(#1282),#1300,.F.);
#1282 = FACE_BOUND('',#1283,.T.);
#1283 = EDGE_LOOP('',(#1284,#1285,#1292,#1293));
#1284 = ORIENTED_EDGE('',*,*,#1262,.T.);
#1285 = ORIENTED_EDGE('',*,*,#1286,.T.);
#1286 = EDGE_CURVE('',#1254,#1246,#1287,.T.);
#1287 = CIRCLE('',#1288,0.457200914402);
#1288 = AXIS2_PLACEMENT_3D('',#1289,#1290,#1291);
#1289 = CARTESIAN_POINT('',(12.700025400051,61.976123952248,    9.004318008636E-02));
#1290 = DIRECTION('',(0.,0.,1.));
#1291 = DIRECTION('',(-1.,-1.110223024625E-16,0.));
#1292 = ORIENTED_EDGE('',*,*,#1243,.F.);
#1293 = ORIENTED_EDGE('',*,*,#1294,.F.);
#1294 = EDGE_CURVE('',#1263,#1244,#1295,.T.);
#1295 = CIRCLE('',#1296,0.457200914402);
#1296 = AXIS2_PLACEMENT_3D('',#1297,#1298,#1299);
#1297 = CARTESIAN_POINT('',(12.700025400051,61.976123952248,0.));
#1298 = DIRECTION('',(0.,0.,1.));
#1299 = DIRECTION('',(-1.,-1.110223024625E-16,0.));
#1300 = CYLINDRICAL_SURFACE('',#1301,0.457200914402);
#1301 = AXIS2_PLACEMENT_3D('',#1302,#1303,#1304);
#1302 = CARTESIAN_POINT('',(12.700025400051,61.976123952248,0.));
#1303 = DIRECTION('',(-0.,-0.,-1.));
#1304 = DIRECTION('',(-1.,-1.110223024625E-16,0.));
#1305 = ADVANCED_FACE('',(#1306),#1342,.F.);
#1306 = FACE_BOUND('',#1307,.T.);
#1307 = EDGE_LOOP('',(#1308,#1318,#1327,#1335));
#1308 = ORIENTED_EDGE('',*,*,#1309,.T.);
#1309 = EDGE_CURVE('',#1310,#1312,#1314,.T.);
#1310 = VERTEX_POINT('',#1311);
#1311 = CARTESIAN_POINT('',(13.157226314453,52.832105664211,0.));
#1312 = VERTEX_POINT('',#1313);
#1313 = CARTESIAN_POINT('',(13.157226314453,52.832105664211,    9.004318008636E-02));
#1314 = LINE('',#1315,#1316);
#1315 = CARTESIAN_POINT('',(13.157226314453,52.832105664211,0.));
#1316 = VECTOR('',#1317,1.);
#1317 = DIRECTION('',(0.,0.,1.));
#1318 = ORIENTED_EDGE('',*,*,#1319,.T.);
#1319 = EDGE_CURVE('',#1312,#1320,#1322,.T.);
#1320 = VERTEX_POINT('',#1321);
#1321 = CARTESIAN_POINT('',(12.242824485649,52.832105664211,    9.004318008636E-02));
#1322 = CIRCLE('',#1323,0.457200914402);
#1323 = AXIS2_PLACEMENT_3D('',#1324,#1325,#1326);
#1324 = CARTESIAN_POINT('',(12.700025400051,52.832105664211,    9.004318008636E-02));
#1325 = DIRECTION('',(0.,0.,1.));
#1326 = DIRECTION('',(1.,1.110223024625E-16,-0.));
#1327 = ORIENTED_EDGE('',*,*,#1328,.F.);
#1328 = EDGE_CURVE('',#1329,#1320,#1331,.T.);
#1329 = VERTEX_POINT('',#1330);
#1330 = CARTESIAN_POINT('',(12.242824485649,52.832105664211,0.));
#1331 = LINE('',#1332,#1333);
#1332 = CARTESIAN_POINT('',(12.242824485649,52.832105664211,0.));
#1333 = VECTOR('',#1334,1.);
#1334 = DIRECTION('',(0.,0.,1.));
#1335 = ORIENTED_EDGE('',*,*,#1336,.F.);
#1336 = EDGE_CURVE('',#1310,#1329,#1337,.T.);
#1337 = CIRCLE('',#1338,0.457200914402);
#1338 = AXIS2_PLACEMENT_3D('',#1339,#1340,#1341);
#1339 = CARTESIAN_POINT('',(12.700025400051,52.832105664211,0.));
#1340 = DIRECTION('',(0.,0.,1.));
#1341 = DIRECTION('',(1.,1.110223024625E-16,-0.));
#1342 = CYLINDRICAL_SURFACE('',#1343,0.457200914402);
#1343 = AXIS2_PLACEMENT_3D('',#1344,#1345,#1346);
#1344 = CARTESIAN_POINT('',(12.700025400051,52.832105664211,0.));
#1345 = DIRECTION('',(-0.,-0.,-1.));
#1346 = DIRECTION('',(1.,1.110223024625E-16,-0.));
#1347 = ADVANCED_FACE('',(#1348),#1366,.F.);
#1348 = FACE_BOUND('',#1349,.T.);
#1349 = EDGE_LOOP('',(#1350,#1351,#1358,#1359));
#1350 = ORIENTED_EDGE('',*,*,#1328,.T.);
#1351 = ORIENTED_EDGE('',*,*,#1352,.T.);
#1352 = EDGE_CURVE('',#1320,#1312,#1353,.T.);
#1353 = CIRCLE('',#1354,0.457200914402);
#1354 = AXIS2_PLACEMENT_3D('',#1355,#1356,#1357);
#1355 = CARTESIAN_POINT('',(12.700025400051,52.832105664211,    9.004318008636E-02));
#1356 = DIRECTION('',(0.,0.,1.));
#1357 = DIRECTION('',(-1.,-1.110223024625E-16,0.));
#1358 = ORIENTED_EDGE('',*,*,#1309,.F.);
#1359 = ORIENTED_EDGE('',*,*,#1360,.F.);
#1360 = EDGE_CURVE('',#1329,#1310,#1361,.T.);
#1361 = CIRCLE('',#1362,0.457200914402);
#1362 = AXIS2_PLACEMENT_3D('',#1363,#1364,#1365);
#1363 = CARTESIAN_POINT('',(12.700025400051,52.832105664211,0.));
#1364 = DIRECTION('',(0.,0.,1.));
#1365 = DIRECTION('',(-1.,-1.110223024625E-16,0.));
#1366 = CYLINDRICAL_SURFACE('',#1367,0.457200914402);
#1367 = AXIS2_PLACEMENT_3D('',#1368,#1369,#1370);
#1368 = CARTESIAN_POINT('',(12.700025400051,52.832105664211,0.));
#1369 = DIRECTION('',(-0.,-0.,-1.));
#1370 = DIRECTION('',(-1.,-1.110223024625E-16,0.));
#1371 = ADVANCED_FACE('',(#1372),#1408,.F.);
#1372 = FACE_BOUND('',#1373,.T.);
#1373 = EDGE_LOOP('',(#1374,#1384,#1393,#1401));
#1374 = ORIENTED_EDGE('',*,*,#1375,.T.);
#1375 = EDGE_CURVE('',#1376,#1378,#1380,.T.);
#1376 = VERTEX_POINT('',#1377);
#1377 = CARTESIAN_POINT('',(13.411226822454,35.05207010414,0.));
#1378 = VERTEX_POINT('',#1379);
#1379 = CARTESIAN_POINT('',(13.411226822454,35.05207010414,    9.004318008636E-02));
#1380 = LINE('',#1381,#1382);
#1381 = CARTESIAN_POINT('',(13.411226822454,35.05207010414,0.));
#1382 = VECTOR('',#1383,1.);
#1383 = DIRECTION('',(0.,0.,1.));
#1384 = ORIENTED_EDGE('',*,*,#1385,.T.);
#1385 = EDGE_CURVE('',#1378,#1386,#1388,.T.);
#1386 = VERTEX_POINT('',#1387);
#1387 = CARTESIAN_POINT('',(12.49682499365,35.05207010414,    9.004318008636E-02));
#1388 = CIRCLE('',#1389,0.457200914402);
#1389 = AXIS2_PLACEMENT_3D('',#1390,#1391,#1392);
#1390 = CARTESIAN_POINT('',(12.954025908052,35.05207010414,    9.004318008636E-02));
#1391 = DIRECTION('',(0.,0.,1.));
#1392 = DIRECTION('',(1.,1.110223024625E-16,-0.));
#1393 = ORIENTED_EDGE('',*,*,#1394,.F.);
#1394 = EDGE_CURVE('',#1395,#1386,#1397,.T.);
#1395 = VERTEX_POINT('',#1396);
#1396 = CARTESIAN_POINT('',(12.49682499365,35.05207010414,0.));
#1397 = LINE('',#1398,#1399);
#1398 = CARTESIAN_POINT('',(12.49682499365,35.05207010414,0.));
#1399 = VECTOR('',#1400,1.);
#1400 = DIRECTION('',(0.,0.,1.));
#1401 = ORIENTED_EDGE('',*,*,#1402,.F.);
#1402 = EDGE_CURVE('',#1376,#1395,#1403,.T.);
#1403 = CIRCLE('',#1404,0.457200914402);
#1404 = AXIS2_PLACEMENT_3D('',#1405,#1406,#1407);
#1405 = CARTESIAN_POINT('',(12.954025908052,35.05207010414,0.));
#1406 = DIRECTION('',(0.,0.,1.));
#1407 = DIRECTION('',(1.,1.110223024625E-16,-0.));
#1408 = CYLINDRICAL_SURFACE('',#1409,0.457200914402);
#1409 = AXIS2_PLACEMENT_3D('',#1410,#1411,#1412);
#1410 = CARTESIAN_POINT('',(12.954025908052,35.05207010414,0.));
#1411 = DIRECTION('',(-0.,-0.,-1.));
#1412 = DIRECTION('',(1.,1.110223024625E-16,-0.));
#1413 = ADVANCED_FACE('',(#1414),#1432,.F.);
#1414 = FACE_BOUND('',#1415,.T.);
#1415 = EDGE_LOOP('',(#1416,#1417,#1424,#1425));
#1416 = ORIENTED_EDGE('',*,*,#1394,.T.);
#1417 = ORIENTED_EDGE('',*,*,#1418,.T.);
#1418 = EDGE_CURVE('',#1386,#1378,#1419,.T.);
#1419 = CIRCLE('',#1420,0.457200914402);
#1420 = AXIS2_PLACEMENT_3D('',#1421,#1422,#1423);
#1421 = CARTESIAN_POINT('',(12.954025908052,35.05207010414,    9.004318008636E-02));
#1422 = DIRECTION('',(0.,0.,1.));
#1423 = DIRECTION('',(-1.,-1.110223024625E-16,0.));
#1424 = ORIENTED_EDGE('',*,*,#1375,.F.);
#1425 = ORIENTED_EDGE('',*,*,#1426,.F.);
#1426 = EDGE_CURVE('',#1395,#1376,#1427,.T.);
#1427 = CIRCLE('',#1428,0.457200914402);
#1428 = AXIS2_PLACEMENT_3D('',#1429,#1430,#1431);
#1429 = CARTESIAN_POINT('',(12.954025908052,35.05207010414,0.));
#1430 = DIRECTION('',(0.,0.,1.));
#1431 = DIRECTION('',(-1.,-1.110223024625E-16,0.));
#1432 = CYLINDRICAL_SURFACE('',#1433,0.457200914402);
#1433 = AXIS2_PLACEMENT_3D('',#1434,#1435,#1436);
#1434 = CARTESIAN_POINT('',(12.954025908052,35.05207010414,0.));
#1435 = DIRECTION('',(-0.,-0.,-1.));
#1436 = DIRECTION('',(-1.,-1.110223024625E-16,0.));
#1437 = ADVANCED_FACE('',(#1438),#1474,.F.);
#1438 = FACE_BOUND('',#1439,.T.);
#1439 = EDGE_LOOP('',(#1440,#1450,#1459,#1467));
#1440 = ORIENTED_EDGE('',*,*,#1441,.T.);
#1441 = EDGE_CURVE('',#1442,#1444,#1446,.T.);
#1442 = VERTEX_POINT('',#1443);
#1443 = CARTESIAN_POINT('',(15.697231394463,61.976123952248,0.));
#1444 = VERTEX_POINT('',#1445);
#1445 = CARTESIAN_POINT('',(15.697231394463,61.976123952248,    9.004318008636E-02));
#1446 = LINE('',#1447,#1448);
#1447 = CARTESIAN_POINT('',(15.697231394463,61.976123952248,0.));
#1448 = VECTOR('',#1449,1.);
#1449 = DIRECTION('',(0.,0.,1.));
#1450 = ORIENTED_EDGE('',*,*,#1451,.T.);
#1451 = EDGE_CURVE('',#1444,#1452,#1454,.T.);
#1452 = VERTEX_POINT('',#1453);
#1453 = CARTESIAN_POINT('',(14.782829565659,61.976123952248,    9.004318008636E-02));
#1454 = CIRCLE('',#1455,0.457200914402);
#1455 = AXIS2_PLACEMENT_3D('',#1456,#1457,#1458);
#1456 = CARTESIAN_POINT('',(15.240030480061,61.976123952248,    9.004318008636E-02));
#1457 = DIRECTION('',(0.,0.,1.));
#1458 = DIRECTION('',(1.,1.110223024625E-16,-0.));
#1459 = ORIENTED_EDGE('',*,*,#1460,.F.);
#1460 = EDGE_CURVE('',#1461,#1452,#1463,.T.);
#1461 = VERTEX_POINT('',#1462);
#1462 = CARTESIAN_POINT('',(14.782829565659,61.976123952248,0.));
#1463 = LINE('',#1464,#1465);
#1464 = CARTESIAN_POINT('',(14.782829565659,61.976123952248,0.));
#1465 = VECTOR('',#1466,1.);
#1466 = DIRECTION('',(0.,0.,1.));
#1467 = ORIENTED_EDGE('',*,*,#1468,.F.);
#1468 = EDGE_CURVE('',#1442,#1461,#1469,.T.);
#1469 = CIRCLE('',#1470,0.457200914402);
#1470 = AXIS2_PLACEMENT_3D('',#1471,#1472,#1473);
#1471 = CARTESIAN_POINT('',(15.240030480061,61.976123952248,0.));
#1472 = DIRECTION('',(0.,0.,1.));
#1473 = DIRECTION('',(1.,1.110223024625E-16,-0.));
#1474 = CYLINDRICAL_SURFACE('',#1475,0.457200914402);
#1475 = AXIS2_PLACEMENT_3D('',#1476,#1477,#1478);
#1476 = CARTESIAN_POINT('',(15.240030480061,61.976123952248,0.));
#1477 = DIRECTION('',(-0.,-0.,-1.));
#1478 = DIRECTION('',(1.,1.110223024625E-16,-0.));
#1479 = ADVANCED_FACE('',(#1480),#1498,.F.);
#1480 = FACE_BOUND('',#1481,.T.);
#1481 = EDGE_LOOP('',(#1482,#1483,#1490,#1491));
#1482 = ORIENTED_EDGE('',*,*,#1460,.T.);
#1483 = ORIENTED_EDGE('',*,*,#1484,.T.);
#1484 = EDGE_CURVE('',#1452,#1444,#1485,.T.);
#1485 = CIRCLE('',#1486,0.457200914402);
#1486 = AXIS2_PLACEMENT_3D('',#1487,#1488,#1489);
#1487 = CARTESIAN_POINT('',(15.240030480061,61.976123952248,    9.004318008636E-02));
#1488 = DIRECTION('',(0.,0.,1.));
#1489 = DIRECTION('',(-1.,-1.110223024625E-16,0.));
#1490 = ORIENTED_EDGE('',*,*,#1441,.F.);
#1491 = ORIENTED_EDGE('',*,*,#1492,.F.);
#1492 = EDGE_CURVE('',#1461,#1442,#1493,.T.);
#1493 = CIRCLE('',#1494,0.457200914402);
#1494 = AXIS2_PLACEMENT_3D('',#1495,#1496,#1497);
#1495 = CARTESIAN_POINT('',(15.240030480061,61.976123952248,0.));
#1496 = DIRECTION('',(0.,0.,1.));
#1497 = DIRECTION('',(-1.,-1.110223024625E-16,0.));
#1498 = CYLINDRICAL_SURFACE('',#1499,0.457200914402);
#1499 = AXIS2_PLACEMENT_3D('',#1500,#1501,#1502);
#1500 = CARTESIAN_POINT('',(15.240030480061,61.976123952248,0.));
#1501 = DIRECTION('',(-0.,-0.,-1.));
#1502 = DIRECTION('',(-1.,-1.110223024625E-16,0.));
#1503 = ADVANCED_FACE('',(#1504),#1540,.F.);
#1504 = FACE_BOUND('',#1505,.T.);
#1505 = EDGE_LOOP('',(#1506,#1516,#1525,#1533));
#1506 = ORIENTED_EDGE('',*,*,#1507,.T.);
#1507 = EDGE_CURVE('',#1508,#1510,#1512,.T.);
#1508 = VERTEX_POINT('',#1509);
#1509 = CARTESIAN_POINT('',(15.697231394463,52.832105664211,0.));
#1510 = VERTEX_POINT('',#1511);
#1511 = CARTESIAN_POINT('',(15.697231394463,52.832105664211,    9.004318008636E-02));
#1512 = LINE('',#1513,#1514);
#1513 = CARTESIAN_POINT('',(15.697231394463,52.832105664211,0.));
#1514 = VECTOR('',#1515,1.);
#1515 = DIRECTION('',(0.,0.,1.));
#1516 = ORIENTED_EDGE('',*,*,#1517,.T.);
#1517 = EDGE_CURVE('',#1510,#1518,#1520,.T.);
#1518 = VERTEX_POINT('',#1519);
#1519 = CARTESIAN_POINT('',(14.782829565659,52.832105664211,    9.004318008636E-02));
#1520 = CIRCLE('',#1521,0.457200914402);
#1521 = AXIS2_PLACEMENT_3D('',#1522,#1523,#1524);
#1522 = CARTESIAN_POINT('',(15.240030480061,52.832105664211,    9.004318008636E-02));
#1523 = DIRECTION('',(0.,0.,1.));
#1524 = DIRECTION('',(1.,1.110223024625E-16,-0.));
#1525 = ORIENTED_EDGE('',*,*,#1526,.F.);
#1526 = EDGE_CURVE('',#1527,#1518,#1529,.T.);
#1527 = VERTEX_POINT('',#1528);
#1528 = CARTESIAN_POINT('',(14.782829565659,52.832105664211,0.));
#1529 = LINE('',#1530,#1531);
#1530 = CARTESIAN_POINT('',(14.782829565659,52.832105664211,0.));
#1531 = VECTOR('',#1532,1.);
#1532 = DIRECTION('',(0.,0.,1.));
#1533 = ORIENTED_EDGE('',*,*,#1534,.F.);
#1534 = EDGE_CURVE('',#1508,#1527,#1535,.T.);
#1535 = CIRCLE('',#1536,0.457200914402);
#1536 = AXIS2_PLACEMENT_3D('',#1537,#1538,#1539);
#1537 = CARTESIAN_POINT('',(15.240030480061,52.832105664211,0.));
#1538 = DIRECTION('',(0.,0.,1.));
#1539 = DIRECTION('',(1.,1.110223024625E-16,-0.));
#1540 = CYLINDRICAL_SURFACE('',#1541,0.457200914402);
#1541 = AXIS2_PLACEMENT_3D('',#1542,#1543,#1544);
#1542 = CARTESIAN_POINT('',(15.240030480061,52.832105664211,0.));
#1543 = DIRECTION('',(-0.,-0.,-1.));
#1544 = DIRECTION('',(1.,1.110223024625E-16,-0.));
#1545 = ADVANCED_FACE('',(#1546),#1564,.F.);
#1546 = FACE_BOUND('',#1547,.T.);
#1547 = EDGE_LOOP('',(#1548,#1549,#1556,#1557));
#1548 = ORIENTED_EDGE('',*,*,#1526,.T.);
#1549 = ORIENTED_EDGE('',*,*,#1550,.T.);
#1550 = EDGE_CURVE('',#1518,#1510,#1551,.T.);
#1551 = CIRCLE('',#1552,0.457200914402);
#1552 = AXIS2_PLACEMENT_3D('',#1553,#1554,#1555);
#1553 = CARTESIAN_POINT('',(15.240030480061,52.832105664211,    9.004318008636E-02));
#1554 = DIRECTION('',(0.,0.,1.));
#1555 = DIRECTION('',(-1.,-1.110223024625E-16,0.));
#1556 = ORIENTED_EDGE('',*,*,#1507,.F.);
#1557 = ORIENTED_EDGE('',*,*,#1558,.F.);
#1558 = EDGE_CURVE('',#1527,#1508,#1559,.T.);
#1559 = CIRCLE('',#1560,0.457200914402);
#1560 = AXIS2_PLACEMENT_3D('',#1561,#1562,#1563);
#1561 = CARTESIAN_POINT('',(15.240030480061,52.832105664211,0.));
#1562 = DIRECTION('',(0.,0.,1.));
#1563 = DIRECTION('',(-1.,-1.110223024625E-16,0.));
#1564 = CYLINDRICAL_SURFACE('',#1565,0.457200914402);
#1565 = AXIS2_PLACEMENT_3D('',#1566,#1567,#1568);
#1566 = CARTESIAN_POINT('',(15.240030480061,52.832105664211,0.));
#1567 = DIRECTION('',(-0.,-0.,-1.));
#1568 = DIRECTION('',(-1.,-1.110223024625E-16,0.));
#1569 = ADVANCED_FACE('',(#1570),#1606,.F.);
#1570 = FACE_BOUND('',#1571,.T.);
#1571 = EDGE_LOOP('',(#1572,#1582,#1591,#1599));
#1572 = ORIENTED_EDGE('',*,*,#1573,.T.);
#1573 = EDGE_CURVE('',#1574,#1576,#1578,.T.);
#1574 = VERTEX_POINT('',#1575);
#1575 = CARTESIAN_POINT('',(15.951231902464,35.05207010414,0.));
#1576 = VERTEX_POINT('',#1577);
#1577 = CARTESIAN_POINT('',(15.951231902464,35.05207010414,    9.004318008636E-02));
#1578 = LINE('',#1579,#1580);
#1579 = CARTESIAN_POINT('',(15.951231902464,35.05207010414,0.));
#1580 = VECTOR('',#1581,1.);
#1581 = DIRECTION('',(0.,0.,1.));
#1582 = ORIENTED_EDGE('',*,*,#1583,.T.);
#1583 = EDGE_CURVE('',#1576,#1584,#1586,.T.);
#1584 = VERTEX_POINT('',#1585);
#1585 = CARTESIAN_POINT('',(15.03683007366,35.05207010414,    9.004318008636E-02));
#1586 = CIRCLE('',#1587,0.457200914402);
#1587 = AXIS2_PLACEMENT_3D('',#1588,#1589,#1590);
#1588 = CARTESIAN_POINT('',(15.494030988062,35.05207010414,    9.004318008636E-02));
#1589 = DIRECTION('',(0.,0.,1.));
#1590 = DIRECTION('',(1.,1.110223024625E-16,-0.));
#1591 = ORIENTED_EDGE('',*,*,#1592,.F.);
#1592 = EDGE_CURVE('',#1593,#1584,#1595,.T.);
#1593 = VERTEX_POINT('',#1594);
#1594 = CARTESIAN_POINT('',(15.03683007366,35.05207010414,0.));
#1595 = LINE('',#1596,#1597);
#1596 = CARTESIAN_POINT('',(15.03683007366,35.05207010414,0.));
#1597 = VECTOR('',#1598,1.);
#1598 = DIRECTION('',(0.,0.,1.));
#1599 = ORIENTED_EDGE('',*,*,#1600,.F.);
#1600 = EDGE_CURVE('',#1574,#1593,#1601,.T.);
#1601 = CIRCLE('',#1602,0.457200914402);
#1602 = AXIS2_PLACEMENT_3D('',#1603,#1604,#1605);
#1603 = CARTESIAN_POINT('',(15.494030988062,35.05207010414,0.));
#1604 = DIRECTION('',(0.,0.,1.));
#1605 = DIRECTION('',(1.,1.110223024625E-16,-0.));
#1606 = CYLINDRICAL_SURFACE('',#1607,0.457200914402);
#1607 = AXIS2_PLACEMENT_3D('',#1608,#1609,#1610);
#1608 = CARTESIAN_POINT('',(15.494030988062,35.05207010414,0.));
#1609 = DIRECTION('',(-0.,-0.,-1.));
#1610 = DIRECTION('',(1.,1.110223024625E-16,-0.));
#1611 = ADVANCED_FACE('',(#1612),#1630,.F.);
#1612 = FACE_BOUND('',#1613,.T.);
#1613 = EDGE_LOOP('',(#1614,#1615,#1622,#1623));
#1614 = ORIENTED_EDGE('',*,*,#1592,.T.);
#1615 = ORIENTED_EDGE('',*,*,#1616,.T.);
#1616 = EDGE_CURVE('',#1584,#1576,#1617,.T.);
#1617 = CIRCLE('',#1618,0.457200914402);
#1618 = AXIS2_PLACEMENT_3D('',#1619,#1620,#1621);
#1619 = CARTESIAN_POINT('',(15.494030988062,35.05207010414,    9.004318008636E-02));
#1620 = DIRECTION('',(0.,0.,1.));
#1621 = DIRECTION('',(-1.,-1.110223024625E-16,0.));
#1622 = ORIENTED_EDGE('',*,*,#1573,.F.);
#1623 = ORIENTED_EDGE('',*,*,#1624,.F.);
#1624 = EDGE_CURVE('',#1593,#1574,#1625,.T.);
#1625 = CIRCLE('',#1626,0.457200914402);
#1626 = AXIS2_PLACEMENT_3D('',#1627,#1628,#1629);
#1627 = CARTESIAN_POINT('',(15.494030988062,35.05207010414,0.));
#1628 = DIRECTION('',(0.,0.,1.));
#1629 = DIRECTION('',(-1.,-1.110223024625E-16,0.));
#1630 = CYLINDRICAL_SURFACE('',#1631,0.457200914402);
#1631 = AXIS2_PLACEMENT_3D('',#1632,#1633,#1634);
#1632 = CARTESIAN_POINT('',(15.494030988062,35.05207010414,0.));
#1633 = DIRECTION('',(-0.,-0.,-1.));
#1634 = DIRECTION('',(-1.,-1.110223024625E-16,0.));
#1635 = ADVANCED_FACE('',(#1636),#1672,.F.);
#1636 = FACE_BOUND('',#1637,.T.);
#1637 = EDGE_LOOP('',(#1638,#1648,#1657,#1665));
#1638 = ORIENTED_EDGE('',*,*,#1639,.T.);
#1639 = EDGE_CURVE('',#1640,#1642,#1644,.T.);
#1640 = VERTEX_POINT('',#1641);
#1641 = CARTESIAN_POINT('',(18.237236474473,61.976123952248,0.));
#1642 = VERTEX_POINT('',#1643);
#1643 = CARTESIAN_POINT('',(18.237236474473,61.976123952248,    9.004318008636E-02));
#1644 = LINE('',#1645,#1646);
#1645 = CARTESIAN_POINT('',(18.237236474473,61.976123952248,0.));
#1646 = VECTOR('',#1647,1.);
#1647 = DIRECTION('',(0.,0.,1.));
#1648 = ORIENTED_EDGE('',*,*,#1649,.T.);
#1649 = EDGE_CURVE('',#1642,#1650,#1652,.T.);
#1650 = VERTEX_POINT('',#1651);
#1651 = CARTESIAN_POINT('',(17.322834645669,61.976123952248,    9.004318008636E-02));
#1652 = CIRCLE('',#1653,0.457200914402);
#1653 = AXIS2_PLACEMENT_3D('',#1654,#1655,#1656);
#1654 = CARTESIAN_POINT('',(17.780035560071,61.976123952248,    9.004318008636E-02));
#1655 = DIRECTION('',(0.,0.,1.));
#1656 = DIRECTION('',(1.,1.110223024625E-16,-0.));
#1657 = ORIENTED_EDGE('',*,*,#1658,.F.);
#1658 = EDGE_CURVE('',#1659,#1650,#1661,.T.);
#1659 = VERTEX_POINT('',#1660);
#1660 = CARTESIAN_POINT('',(17.322834645669,61.976123952248,0.));
#1661 = LINE('',#1662,#1663);
#1662 = CARTESIAN_POINT('',(17.322834645669,61.976123952248,0.));
#1663 = VECTOR('',#1664,1.);
#1664 = DIRECTION('',(0.,0.,1.));
#1665 = ORIENTED_EDGE('',*,*,#1666,.F.);
#1666 = EDGE_CURVE('',#1640,#1659,#1667,.T.);
#1667 = CIRCLE('',#1668,0.457200914402);
#1668 = AXIS2_PLACEMENT_3D('',#1669,#1670,#1671);
#1669 = CARTESIAN_POINT('',(17.780035560071,61.976123952248,0.));
#1670 = DIRECTION('',(0.,0.,1.));
#1671 = DIRECTION('',(1.,1.110223024625E-16,-0.));
#1672 = CYLINDRICAL_SURFACE('',#1673,0.457200914402);
#1673 = AXIS2_PLACEMENT_3D('',#1674,#1675,#1676);
#1674 = CARTESIAN_POINT('',(17.780035560071,61.976123952248,0.));
#1675 = DIRECTION('',(-0.,-0.,-1.));
#1676 = DIRECTION('',(1.,1.110223024625E-16,-0.));
#1677 = ADVANCED_FACE('',(#1678),#1696,.F.);
#1678 = FACE_BOUND('',#1679,.T.);
#1679 = EDGE_LOOP('',(#1680,#1681,#1688,#1689));
#1680 = ORIENTED_EDGE('',*,*,#1658,.T.);
#1681 = ORIENTED_EDGE('',*,*,#1682,.T.);
#1682 = EDGE_CURVE('',#1650,#1642,#1683,.T.);
#1683 = CIRCLE('',#1684,0.457200914402);
#1684 = AXIS2_PLACEMENT_3D('',#1685,#1686,#1687);
#1685 = CARTESIAN_POINT('',(17.780035560071,61.976123952248,    9.004318008636E-02));
#1686 = DIRECTION('',(0.,0.,1.));
#1687 = DIRECTION('',(-1.,-1.110223024625E-16,0.));
#1688 = ORIENTED_EDGE('',*,*,#1639,.F.);
#1689 = ORIENTED_EDGE('',*,*,#1690,.F.);
#1690 = EDGE_CURVE('',#1659,#1640,#1691,.T.);
#1691 = CIRCLE('',#1692,0.457200914402);
#1692 = AXIS2_PLACEMENT_3D('',#1693,#1694,#1695);
#1693 = CARTESIAN_POINT('',(17.780035560071,61.976123952248,0.));
#1694 = DIRECTION('',(0.,0.,1.));
#1695 = DIRECTION('',(-1.,-1.110223024625E-16,0.));
#1696 = CYLINDRICAL_SURFACE('',#1697,0.457200914402);
#1697 = AXIS2_PLACEMENT_3D('',#1698,#1699,#1700);
#1698 = CARTESIAN_POINT('',(17.780035560071,61.976123952248,0.));
#1699 = DIRECTION('',(-0.,-0.,-1.));
#1700 = DIRECTION('',(-1.,-1.110223024625E-16,0.));
#1701 = ADVANCED_FACE('',(#1702),#1738,.F.);
#1702 = FACE_BOUND('',#1703,.T.);
#1703 = EDGE_LOOP('',(#1704,#1714,#1723,#1731));
#1704 = ORIENTED_EDGE('',*,*,#1705,.T.);
#1705 = EDGE_CURVE('',#1706,#1708,#1710,.T.);
#1706 = VERTEX_POINT('',#1707);
#1707 = CARTESIAN_POINT('',(18.237236474473,52.832105664211,0.));
#1708 = VERTEX_POINT('',#1709);
#1709 = CARTESIAN_POINT('',(18.237236474473,52.832105664211,    9.004318008636E-02));
#1710 = LINE('',#1711,#1712);
#1711 = CARTESIAN_POINT('',(18.237236474473,52.832105664211,0.));
#1712 = VECTOR('',#1713,1.);
#1713 = DIRECTION('',(0.,0.,1.));
#1714 = ORIENTED_EDGE('',*,*,#1715,.T.);
#1715 = EDGE_CURVE('',#1708,#1716,#1718,.T.);
#1716 = VERTEX_POINT('',#1717);
#1717 = CARTESIAN_POINT('',(17.322834645669,52.832105664211,    9.004318008636E-02));
#1718 = CIRCLE('',#1719,0.457200914402);
#1719 = AXIS2_PLACEMENT_3D('',#1720,#1721,#1722);
#1720 = CARTESIAN_POINT('',(17.780035560071,52.832105664211,    9.004318008636E-02));
#1721 = DIRECTION('',(0.,0.,1.));
#1722 = DIRECTION('',(1.,1.110223024625E-16,-0.));
#1723 = ORIENTED_EDGE('',*,*,#1724,.F.);
#1724 = EDGE_CURVE('',#1725,#1716,#1727,.T.);
#1725 = VERTEX_POINT('',#1726);
#1726 = CARTESIAN_POINT('',(17.322834645669,52.832105664211,0.));
#1727 = LINE('',#1728,#1729);
#1728 = CARTESIAN_POINT('',(17.322834645669,52.832105664211,0.));
#1729 = VECTOR('',#1730,1.);
#1730 = DIRECTION('',(0.,0.,1.));
#1731 = ORIENTED_EDGE('',*,*,#1732,.F.);
#1732 = EDGE_CURVE('',#1706,#1725,#1733,.T.);
#1733 = CIRCLE('',#1734,0.457200914402);
#1734 = AXIS2_PLACEMENT_3D('',#1735,#1736,#1737);
#1735 = CARTESIAN_POINT('',(17.780035560071,52.832105664211,0.));
#1736 = DIRECTION('',(0.,0.,1.));
#1737 = DIRECTION('',(1.,1.110223024625E-16,-0.));
#1738 = CYLINDRICAL_SURFACE('',#1739,0.457200914402);
#1739 = AXIS2_PLACEMENT_3D('',#1740,#1741,#1742);
#1740 = CARTESIAN_POINT('',(17.780035560071,52.832105664211,0.));
#1741 = DIRECTION('',(-0.,-0.,-1.));
#1742 = DIRECTION('',(1.,1.110223024625E-16,-0.));
#1743 = ADVANCED_FACE('',(#1744),#1762,.F.);
#1744 = FACE_BOUND('',#1745,.T.);
#1745 = EDGE_LOOP('',(#1746,#1747,#1754,#1755));
#1746 = ORIENTED_EDGE('',*,*,#1724,.T.);
#1747 = ORIENTED_EDGE('',*,*,#1748,.T.);
#1748 = EDGE_CURVE('',#1716,#1708,#1749,.T.);
#1749 = CIRCLE('',#1750,0.457200914402);
#1750 = AXIS2_PLACEMENT_3D('',#1751,#1752,#1753);
#1751 = CARTESIAN_POINT('',(17.780035560071,52.832105664211,    9.004318008636E-02));
#1752 = DIRECTION('',(0.,0.,1.));
#1753 = DIRECTION('',(-1.,-1.110223024625E-16,0.));
#1754 = ORIENTED_EDGE('',*,*,#1705,.F.);
#1755 = ORIENTED_EDGE('',*,*,#1756,.F.);
#1756 = EDGE_CURVE('',#1725,#1706,#1757,.T.);
#1757 = CIRCLE('',#1758,0.457200914402);
#1758 = AXIS2_PLACEMENT_3D('',#1759,#1760,#1761);
#1759 = CARTESIAN_POINT('',(17.780035560071,52.832105664211,0.));
#1760 = DIRECTION('',(0.,0.,1.));
#1761 = DIRECTION('',(-1.,-1.110223024625E-16,0.));
#1762 = CYLINDRICAL_SURFACE('',#1763,0.457200914402);
#1763 = AXIS2_PLACEMENT_3D('',#1764,#1765,#1766);
#1764 = CARTESIAN_POINT('',(17.780035560071,52.832105664211,0.));
#1765 = DIRECTION('',(-0.,-0.,-1.));
#1766 = DIRECTION('',(-1.,-1.110223024625E-16,0.));
#1767 = ADVANCED_FACE('',(#1768),#1804,.F.);
#1768 = FACE_BOUND('',#1769,.T.);
#1769 = EDGE_LOOP('',(#1770,#1780,#1789,#1797));
#1770 = ORIENTED_EDGE('',*,*,#1771,.T.);
#1771 = EDGE_CURVE('',#1772,#1774,#1776,.T.);
#1772 = VERTEX_POINT('',#1773);
#1773 = CARTESIAN_POINT('',(18.491236982474,35.05207010414,0.));
#1774 = VERTEX_POINT('',#1775);
#1775 = CARTESIAN_POINT('',(18.491236982474,35.05207010414,    9.004318008636E-02));
#1776 = LINE('',#1777,#1778);
#1777 = CARTESIAN_POINT('',(18.491236982474,35.05207010414,0.));
#1778 = VECTOR('',#1779,1.);
#1779 = DIRECTION('',(0.,0.,1.));
#1780 = ORIENTED_EDGE('',*,*,#1781,.T.);
#1781 = EDGE_CURVE('',#1774,#1782,#1784,.T.);
#1782 = VERTEX_POINT('',#1783);
#1783 = CARTESIAN_POINT('',(17.57683515367,35.05207010414,    9.004318008636E-02));
#1784 = CIRCLE('',#1785,0.457200914402);
#1785 = AXIS2_PLACEMENT_3D('',#1786,#1787,#1788);
#1786 = CARTESIAN_POINT('',(18.034036068072,35.05207010414,    9.004318008636E-02));
#1787 = DIRECTION('',(0.,0.,1.));
#1788 = DIRECTION('',(1.,1.110223024625E-16,-0.));
#1789 = ORIENTED_EDGE('',*,*,#1790,.F.);
#1790 = EDGE_CURVE('',#1791,#1782,#1793,.T.);
#1791 = VERTEX_POINT('',#1792);
#1792 = CARTESIAN_POINT('',(17.57683515367,35.05207010414,0.));
#1793 = LINE('',#1794,#1795);
#1794 = CARTESIAN_POINT('',(17.57683515367,35.05207010414,0.));
#1795 = VECTOR('',#1796,1.);
#1796 = DIRECTION('',(0.,0.,1.));
#1797 = ORIENTED_EDGE('',*,*,#1798,.F.);
#1798 = EDGE_CURVE('',#1772,#1791,#1799,.T.);
#1799 = CIRCLE('',#1800,0.457200914402);
#1800 = AXIS2_PLACEMENT_3D('',#1801,#1802,#1803);
#1801 = CARTESIAN_POINT('',(18.034036068072,35.05207010414,0.));
#1802 = DIRECTION('',(0.,0.,1.));
#1803 = DIRECTION('',(1.,1.110223024625E-16,-0.));
#1804 = CYLINDRICAL_SURFACE('',#1805,0.457200914402);
#1805 = AXIS2_PLACEMENT_3D('',#1806,#1807,#1808);
#1806 = CARTESIAN_POINT('',(18.034036068072,35.05207010414,0.));
#1807 = DIRECTION('',(-0.,-0.,-1.));
#1808 = DIRECTION('',(1.,1.110223024625E-16,-0.));
#1809 = ADVANCED_FACE('',(#1810),#1828,.F.);
#1810 = FACE_BOUND('',#1811,.T.);
#1811 = EDGE_LOOP('',(#1812,#1813,#1820,#1821));
#1812 = ORIENTED_EDGE('',*,*,#1790,.T.);
#1813 = ORIENTED_EDGE('',*,*,#1814,.T.);
#1814 = EDGE_CURVE('',#1782,#1774,#1815,.T.);
#1815 = CIRCLE('',#1816,0.457200914402);
#1816 = AXIS2_PLACEMENT_3D('',#1817,#1818,#1819);
#1817 = CARTESIAN_POINT('',(18.034036068072,35.05207010414,    9.004318008636E-02));
#1818 = DIRECTION('',(0.,0.,1.));
#1819 = DIRECTION('',(-1.,-1.110223024625E-16,0.));
#1820 = ORIENTED_EDGE('',*,*,#1771,.F.);
#1821 = ORIENTED_EDGE('',*,*,#1822,.F.);
#1822 = EDGE_CURVE('',#1791,#1772,#1823,.T.);
#1823 = CIRCLE('',#1824,0.457200914402);
#1824 = AXIS2_PLACEMENT_3D('',#1825,#1826,#1827);
#1825 = CARTESIAN_POINT('',(18.034036068072,35.05207010414,0.));
#1826 = DIRECTION('',(0.,0.,1.));
#1827 = DIRECTION('',(-1.,-1.110223024625E-16,0.));
#1828 = CYLINDRICAL_SURFACE('',#1829,0.457200914402);
#1829 = AXIS2_PLACEMENT_3D('',#1830,#1831,#1832);
#1830 = CARTESIAN_POINT('',(18.034036068072,35.05207010414,0.));
#1831 = DIRECTION('',(-0.,-0.,-1.));
#1832 = DIRECTION('',(-1.,-1.110223024625E-16,0.));
#1833 = ADVANCED_FACE('',(#1834),#1870,.F.);
#1834 = FACE_BOUND('',#1835,.T.);
#1835 = EDGE_LOOP('',(#1836,#1846,#1855,#1863));
#1836 = ORIENTED_EDGE('',*,*,#1837,.T.);
#1837 = EDGE_CURVE('',#1838,#1840,#1842,.T.);
#1838 = VERTEX_POINT('',#1839);
#1839 = CARTESIAN_POINT('',(20.777241554483,61.976123952248,0.));
#1840 = VERTEX_POINT('',#1841);
#1841 = CARTESIAN_POINT('',(20.777241554483,61.976123952248,    9.004318008636E-02));
#1842 = LINE('',#1843,#1844);
#1843 = CARTESIAN_POINT('',(20.777241554483,61.976123952248,0.));
#1844 = VECTOR('',#1845,1.);
#1845 = DIRECTION('',(0.,0.,1.));
#1846 = ORIENTED_EDGE('',*,*,#1847,.T.);
#1847 = EDGE_CURVE('',#1840,#1848,#1850,.T.);
#1848 = VERTEX_POINT('',#1849);
#1849 = CARTESIAN_POINT('',(19.862839725679,61.976123952248,    9.004318008636E-02));
#1850 = CIRCLE('',#1851,0.457200914402);
#1851 = AXIS2_PLACEMENT_3D('',#1852,#1853,#1854);
#1852 = CARTESIAN_POINT('',(20.320040640081,61.976123952248,    9.004318008636E-02));
#1853 = DIRECTION('',(0.,0.,1.));
#1854 = DIRECTION('',(1.,1.110223024625E-16,-0.));
#1855 = ORIENTED_EDGE('',*,*,#1856,.F.);
#1856 = EDGE_CURVE('',#1857,#1848,#1859,.T.);
#1857 = VERTEX_POINT('',#1858);
#1858 = CARTESIAN_POINT('',(19.862839725679,61.976123952248,0.));
#1859 = LINE('',#1860,#1861);
#1860 = CARTESIAN_POINT('',(19.862839725679,61.976123952248,0.));
#1861 = VECTOR('',#1862,1.);
#1862 = DIRECTION('',(0.,0.,1.));
#1863 = ORIENTED_EDGE('',*,*,#1864,.F.);
#1864 = EDGE_CURVE('',#1838,#1857,#1865,.T.);
#1865 = CIRCLE('',#1866,0.457200914402);
#1866 = AXIS2_PLACEMENT_3D('',#1867,#1868,#1869);
#1867 = CARTESIAN_POINT('',(20.320040640081,61.976123952248,0.));
#1868 = DIRECTION('',(0.,0.,1.));
#1869 = DIRECTION('',(1.,1.110223024625E-16,-0.));
#1870 = CYLINDRICAL_SURFACE('',#1871,0.457200914402);
#1871 = AXIS2_PLACEMENT_3D('',#1872,#1873,#1874);
#1872 = CARTESIAN_POINT('',(20.320040640081,61.976123952248,0.));
#1873 = DIRECTION('',(-0.,-0.,-1.));
#1874 = DIRECTION('',(1.,1.110223024625E-16,-0.));
#1875 = ADVANCED_FACE('',(#1876),#1894,.F.);
#1876 = FACE_BOUND('',#1877,.T.);
#1877 = EDGE_LOOP('',(#1878,#1879,#1886,#1887));
#1878 = ORIENTED_EDGE('',*,*,#1856,.T.);
#1879 = ORIENTED_EDGE('',*,*,#1880,.T.);
#1880 = EDGE_CURVE('',#1848,#1840,#1881,.T.);
#1881 = CIRCLE('',#1882,0.457200914402);
#1882 = AXIS2_PLACEMENT_3D('',#1883,#1884,#1885);
#1883 = CARTESIAN_POINT('',(20.320040640081,61.976123952248,    9.004318008636E-02));
#1884 = DIRECTION('',(0.,0.,1.));
#1885 = DIRECTION('',(-1.,-1.110223024625E-16,0.));
#1886 = ORIENTED_EDGE('',*,*,#1837,.F.);
#1887 = ORIENTED_EDGE('',*,*,#1888,.F.);
#1888 = EDGE_CURVE('',#1857,#1838,#1889,.T.);
#1889 = CIRCLE('',#1890,0.457200914402);
#1890 = AXIS2_PLACEMENT_3D('',#1891,#1892,#1893);
#1891 = CARTESIAN_POINT('',(20.320040640081,61.976123952248,0.));
#1892 = DIRECTION('',(0.,0.,1.));
#1893 = DIRECTION('',(-1.,-1.110223024625E-16,0.));
#1894 = CYLINDRICAL_SURFACE('',#1895,0.457200914402);
#1895 = AXIS2_PLACEMENT_3D('',#1896,#1897,#1898);
#1896 = CARTESIAN_POINT('',(20.320040640081,61.976123952248,0.));
#1897 = DIRECTION('',(-0.,-0.,-1.));
#1898 = DIRECTION('',(-1.,-1.110223024625E-16,0.));
#1899 = ADVANCED_FACE('',(#1900),#1936,.F.);
#1900 = FACE_BOUND('',#1901,.T.);
#1901 = EDGE_LOOP('',(#1902,#1912,#1921,#1929));
#1902 = ORIENTED_EDGE('',*,*,#1903,.T.);
#1903 = EDGE_CURVE('',#1904,#1906,#1908,.T.);
#1904 = VERTEX_POINT('',#1905);
#1905 = CARTESIAN_POINT('',(20.777241554483,52.832105664211,0.));
#1906 = VERTEX_POINT('',#1907);
#1907 = CARTESIAN_POINT('',(20.777241554483,52.832105664211,    9.004318008636E-02));
#1908 = LINE('',#1909,#1910);
#1909 = CARTESIAN_POINT('',(20.777241554483,52.832105664211,0.));
#1910 = VECTOR('',#1911,1.);
#1911 = DIRECTION('',(0.,0.,1.));
#1912 = ORIENTED_EDGE('',*,*,#1913,.T.);
#1913 = EDGE_CURVE('',#1906,#1914,#1916,.T.);
#1914 = VERTEX_POINT('',#1915);
#1915 = CARTESIAN_POINT('',(19.862839725679,52.832105664211,    9.004318008636E-02));
#1916 = CIRCLE('',#1917,0.457200914402);
#1917 = AXIS2_PLACEMENT_3D('',#1918,#1919,#1920);
#1918 = CARTESIAN_POINT('',(20.320040640081,52.832105664211,    9.004318008636E-02));
#1919 = DIRECTION('',(0.,0.,1.));
#1920 = DIRECTION('',(1.,1.110223024625E-16,-0.));
#1921 = ORIENTED_EDGE('',*,*,#1922,.F.);
#1922 = EDGE_CURVE('',#1923,#1914,#1925,.T.);
#1923 = VERTEX_POINT('',#1924);
#1924 = CARTESIAN_POINT('',(19.862839725679,52.832105664211,0.));
#1925 = LINE('',#1926,#1927);
#1926 = CARTESIAN_POINT('',(19.862839725679,52.832105664211,0.));
#1927 = VECTOR('',#1928,1.);
#1928 = DIRECTION('',(0.,0.,1.));
#1929 = ORIENTED_EDGE('',*,*,#1930,.F.);
#1930 = EDGE_CURVE('',#1904,#1923,#1931,.T.);
#1931 = CIRCLE('',#1932,0.457200914402);
#1932 = AXIS2_PLACEMENT_3D('',#1933,#1934,#1935);
#1933 = CARTESIAN_POINT('',(20.320040640081,52.832105664211,0.));
#1934 = DIRECTION('',(0.,0.,1.));
#1935 = DIRECTION('',(1.,1.110223024625E-16,-0.));
#1936 = CYLINDRICAL_SURFACE('',#1937,0.457200914402);
#1937 = AXIS2_PLACEMENT_3D('',#1938,#1939,#1940);
#1938 = CARTESIAN_POINT('',(20.320040640081,52.832105664211,0.));
#1939 = DIRECTION('',(-0.,-0.,-1.));
#1940 = DIRECTION('',(1.,1.110223024625E-16,-0.));
#1941 = ADVANCED_FACE('',(#1942),#1960,.F.);
#1942 = FACE_BOUND('',#1943,.T.);
#1943 = EDGE_LOOP('',(#1944,#1945,#1952,#1953));
#1944 = ORIENTED_EDGE('',*,*,#1922,.T.);
#1945 = ORIENTED_EDGE('',*,*,#1946,.T.);
#1946 = EDGE_CURVE('',#1914,#1906,#1947,.T.);
#1947 = CIRCLE('',#1948,0.457200914402);
#1948 = AXIS2_PLACEMENT_3D('',#1949,#1950,#1951);
#1949 = CARTESIAN_POINT('',(20.320040640081,52.832105664211,    9.004318008636E-02));
#1950 = DIRECTION('',(0.,0.,1.));
#1951 = DIRECTION('',(-1.,-1.110223024625E-16,0.));
#1952 = ORIENTED_EDGE('',*,*,#1903,.F.);
#1953 = ORIENTED_EDGE('',*,*,#1954,.F.);
#1954 = EDGE_CURVE('',#1923,#1904,#1955,.T.);
#1955 = CIRCLE('',#1956,0.457200914402);
#1956 = AXIS2_PLACEMENT_3D('',#1957,#1958,#1959);
#1957 = CARTESIAN_POINT('',(20.320040640081,52.832105664211,0.));
#1958 = DIRECTION('',(0.,0.,1.));
#1959 = DIRECTION('',(-1.,-1.110223024625E-16,0.));
#1960 = CYLINDRICAL_SURFACE('',#1961,0.457200914402);
#1961 = AXIS2_PLACEMENT_3D('',#1962,#1963,#1964);
#1962 = CARTESIAN_POINT('',(20.320040640081,52.832105664211,0.));
#1963 = DIRECTION('',(-0.,-0.,-1.));
#1964 = DIRECTION('',(-1.,-1.110223024625E-16,0.));
#1965 = ADVANCED_FACE('',(#1966),#2002,.F.);
#1966 = FACE_BOUND('',#1967,.T.);
#1967 = EDGE_LOOP('',(#1968,#1978,#1987,#1995));
#1968 = ORIENTED_EDGE('',*,*,#1969,.T.);
#1969 = EDGE_CURVE('',#1970,#1972,#1974,.T.);
#1970 = VERTEX_POINT('',#1971);
#1971 = CARTESIAN_POINT('',(21.031242062484,35.05207010414,0.));
#1972 = VERTEX_POINT('',#1973);
#1973 = CARTESIAN_POINT('',(21.031242062484,35.05207010414,    9.004318008636E-02));
#1974 = LINE('',#1975,#1976);
#1975 = CARTESIAN_POINT('',(21.031242062484,35.05207010414,0.));
#1976 = VECTOR('',#1977,1.);
#1977 = DIRECTION('',(0.,0.,1.));
#1978 = ORIENTED_EDGE('',*,*,#1979,.T.);
#1979 = EDGE_CURVE('',#1972,#1980,#1982,.T.);
#1980 = VERTEX_POINT('',#1981);
#1981 = CARTESIAN_POINT('',(20.11684023368,35.05207010414,    9.004318008636E-02));
#1982 = CIRCLE('',#1983,0.457200914402);
#1983 = AXIS2_PLACEMENT_3D('',#1984,#1985,#1986);
#1984 = CARTESIAN_POINT('',(20.574041148082,35.05207010414,    9.004318008636E-02));
#1985 = DIRECTION('',(0.,0.,1.));
#1986 = DIRECTION('',(1.,1.110223024625E-16,-0.));
#1987 = ORIENTED_EDGE('',*,*,#1988,.F.);
#1988 = EDGE_CURVE('',#1989,#1980,#1991,.T.);
#1989 = VERTEX_POINT('',#1990);
#1990 = CARTESIAN_POINT('',(20.11684023368,35.05207010414,0.));
#1991 = LINE('',#1992,#1993);
#1992 = CARTESIAN_POINT('',(20.11684023368,35.05207010414,0.));
#1993 = VECTOR('',#1994,1.);
#1994 = DIRECTION('',(0.,0.,1.));
#1995 = ORIENTED_EDGE('',*,*,#1996,.F.);
#1996 = EDGE_CURVE('',#1970,#1989,#1997,.T.);
#1997 = CIRCLE('',#1998,0.457200914402);
#1998 = AXIS2_PLACEMENT_3D('',#1999,#2000,#2001);
#1999 = CARTESIAN_POINT('',(20.574041148082,35.05207010414,0.));
#2000 = DIRECTION('',(0.,0.,1.));
#2001 = DIRECTION('',(1.,1.110223024625E-16,-0.));
#2002 = CYLINDRICAL_SURFACE('',#2003,0.457200914402);
#2003 = AXIS2_PLACEMENT_3D('',#2004,#2005,#2006);
#2004 = CARTESIAN_POINT('',(20.574041148082,35.05207010414,0.));
#2005 = DIRECTION('',(-0.,-0.,-1.));
#2006 = DIRECTION('',(1.,1.110223024625E-16,-0.));
#2007 = ADVANCED_FACE('',(#2008),#2026,.F.);
#2008 = FACE_BOUND('',#2009,.T.);
#2009 = EDGE_LOOP('',(#2010,#2011,#2018,#2019));
#2010 = ORIENTED_EDGE('',*,*,#1988,.T.);
#2011 = ORIENTED_EDGE('',*,*,#2012,.T.);
#2012 = EDGE_CURVE('',#1980,#1972,#2013,.T.);
#2013 = CIRCLE('',#2014,0.457200914402);
#2014 = AXIS2_PLACEMENT_3D('',#2015,#2016,#2017);
#2015 = CARTESIAN_POINT('',(20.574041148082,35.05207010414,    9.004318008636E-02));
#2016 = DIRECTION('',(0.,0.,1.));
#2017 = DIRECTION('',(-1.,-1.110223024625E-16,0.));
#2018 = ORIENTED_EDGE('',*,*,#1969,.F.);
#2019 = ORIENTED_EDGE('',*,*,#2020,.F.);
#2020 = EDGE_CURVE('',#1989,#1970,#2021,.T.);
#2021 = CIRCLE('',#2022,0.457200914402);
#2022 = AXIS2_PLACEMENT_3D('',#2023,#2024,#2025);
#2023 = CARTESIAN_POINT('',(20.574041148082,35.05207010414,0.));
#2024 = DIRECTION('',(0.,0.,1.));
#2025 = DIRECTION('',(-1.,-1.110223024625E-16,0.));
#2026 = CYLINDRICAL_SURFACE('',#2027,0.457200914402);
#2027 = AXIS2_PLACEMENT_3D('',#2028,#2029,#2030);
#2028 = CARTESIAN_POINT('',(20.574041148082,35.05207010414,0.));
#2029 = DIRECTION('',(-0.,-0.,-1.));
#2030 = DIRECTION('',(-1.,-1.110223024625E-16,0.));
#2031 = ADVANCED_FACE('',(#2032),#2068,.F.);
#2032 = FACE_BOUND('',#2033,.T.);
#2033 = EDGE_LOOP('',(#2034,#2044,#2053,#2061));
#2034 = ORIENTED_EDGE('',*,*,#2035,.T.);
#2035 = EDGE_CURVE('',#2036,#2038,#2040,.T.);
#2036 = VERTEX_POINT('',#2037);
#2037 = CARTESIAN_POINT('',(23.571247142494,35.05207010414,0.));
#2038 = VERTEX_POINT('',#2039);
#2039 = CARTESIAN_POINT('',(23.571247142494,35.05207010414,    9.004318008636E-02));
#2040 = LINE('',#2041,#2042);
#2041 = CARTESIAN_POINT('',(23.571247142494,35.05207010414,0.));
#2042 = VECTOR('',#2043,1.);
#2043 = DIRECTION('',(0.,0.,1.));
#2044 = ORIENTED_EDGE('',*,*,#2045,.T.);
#2045 = EDGE_CURVE('',#2038,#2046,#2048,.T.);
#2046 = VERTEX_POINT('',#2047);
#2047 = CARTESIAN_POINT('',(22.656845313691,35.05207010414,    9.004318008636E-02));
#2048 = CIRCLE('',#2049,0.457200914402);
#2049 = AXIS2_PLACEMENT_3D('',#2050,#2051,#2052);
#2050 = CARTESIAN_POINT('',(23.114046228092,35.05207010414,    9.004318008636E-02));
#2051 = DIRECTION('',(0.,0.,1.));
#2052 = DIRECTION('',(1.,1.110223024625E-16,-0.));
#2053 = ORIENTED_EDGE('',*,*,#2054,.F.);
#2054 = EDGE_CURVE('',#2055,#2046,#2057,.T.);
#2055 = VERTEX_POINT('',#2056);
#2056 = CARTESIAN_POINT('',(22.656845313691,35.05207010414,0.));
#2057 = LINE('',#2058,#2059);
#2058 = CARTESIAN_POINT('',(22.656845313691,35.05207010414,0.));
#2059 = VECTOR('',#2060,1.);
#2060 = DIRECTION('',(0.,0.,1.));
#2061 = ORIENTED_EDGE('',*,*,#2062,.F.);
#2062 = EDGE_CURVE('',#2036,#2055,#2063,.T.);
#2063 = CIRCLE('',#2064,0.457200914402);
#2064 = AXIS2_PLACEMENT_3D('',#2065,#2066,#2067);
#2065 = CARTESIAN_POINT('',(23.114046228092,35.05207010414,0.));
#2066 = DIRECTION('',(0.,0.,1.));
#2067 = DIRECTION('',(1.,1.110223024625E-16,-0.));
#2068 = CYLINDRICAL_SURFACE('',#2069,0.457200914402);
#2069 = AXIS2_PLACEMENT_3D('',#2070,#2071,#2072);
#2070 = CARTESIAN_POINT('',(23.114046228092,35.05207010414,0.));
#2071 = DIRECTION('',(-0.,-0.,-1.));
#2072 = DIRECTION('',(1.,1.110223024625E-16,-0.));
#2073 = ADVANCED_FACE('',(#2074),#2092,.F.);
#2074 = FACE_BOUND('',#2075,.T.);
#2075 = EDGE_LOOP('',(#2076,#2077,#2084,#2085));
#2076 = ORIENTED_EDGE('',*,*,#2054,.T.);
#2077 = ORIENTED_EDGE('',*,*,#2078,.T.);
#2078 = EDGE_CURVE('',#2046,#2038,#2079,.T.);
#2079 = CIRCLE('',#2080,0.457200914402);
#2080 = AXIS2_PLACEMENT_3D('',#2081,#2082,#2083);
#2081 = CARTESIAN_POINT('',(23.114046228092,35.05207010414,    9.004318008636E-02));
#2082 = DIRECTION('',(0.,0.,1.));
#2083 = DIRECTION('',(-1.,-1.110223024625E-16,0.));
#2084 = ORIENTED_EDGE('',*,*,#2035,.F.);
#2085 = ORIENTED_EDGE('',*,*,#2086,.F.);
#2086 = EDGE_CURVE('',#2055,#2036,#2087,.T.);
#2087 = CIRCLE('',#2088,0.457200914402);
#2088 = AXIS2_PLACEMENT_3D('',#2089,#2090,#2091);
#2089 = CARTESIAN_POINT('',(23.114046228092,35.05207010414,0.));
#2090 = DIRECTION('',(0.,0.,1.));
#2091 = DIRECTION('',(-1.,-1.110223024625E-16,0.));
#2092 = CYLINDRICAL_SURFACE('',#2093,0.457200914402);
#2093 = AXIS2_PLACEMENT_3D('',#2094,#2095,#2096);
#2094 = CARTESIAN_POINT('',(23.114046228092,35.05207010414,0.));
#2095 = DIRECTION('',(-0.,-0.,-1.));
#2096 = DIRECTION('',(-1.,-1.110223024625E-16,0.));
#2097 = ADVANCED_FACE('',(#2098),#2134,.F.);
#2098 = FACE_BOUND('',#2099,.T.);
#2099 = EDGE_LOOP('',(#2100,#2110,#2119,#2127));
#2100 = ORIENTED_EDGE('',*,*,#2101,.T.);
#2101 = EDGE_CURVE('',#2102,#2104,#2106,.T.);
#2102 = VERTEX_POINT('',#2103);
#2103 = CARTESIAN_POINT('',(24.409448818898,22.352044704089,0.));
#2104 = VERTEX_POINT('',#2105);
#2105 = CARTESIAN_POINT('',(24.409448818898,22.352044704089,    9.004318008636E-02));
#2106 = LINE('',#2107,#2108);
#2107 = CARTESIAN_POINT('',(24.409448818898,22.352044704089,0.));
#2108 = VECTOR('',#2109,1.);
#2109 = DIRECTION('',(0.,0.,1.));
#2110 = ORIENTED_EDGE('',*,*,#2111,.T.);
#2111 = EDGE_CURVE('',#2104,#2112,#2114,.T.);
#2112 = VERTEX_POINT('',#2113);
#2113 = CARTESIAN_POINT('',(23.596647193294,22.352044704089,    9.004318008636E-02));
#2114 = CIRCLE('',#2115,0.406400812802);
#2115 = AXIS2_PLACEMENT_3D('',#2116,#2117,#2118);
#2116 = CARTESIAN_POINT('',(24.003048006096,22.352044704089,    9.004318008636E-02));
#2117 = DIRECTION('',(0.,0.,1.));
#2118 = DIRECTION('',(1.,1.110223024625E-16,-0.));
#2119 = ORIENTED_EDGE('',*,*,#2120,.F.);
#2120 = EDGE_CURVE('',#2121,#2112,#2123,.T.);
#2121 = VERTEX_POINT('',#2122);
#2122 = CARTESIAN_POINT('',(23.596647193294,22.352044704089,0.));
#2123 = LINE('',#2124,#2125);
#2124 = CARTESIAN_POINT('',(23.596647193294,22.352044704089,0.));
#2125 = VECTOR('',#2126,1.);
#2126 = DIRECTION('',(0.,0.,1.));
#2127 = ORIENTED_EDGE('',*,*,#2128,.F.);
#2128 = EDGE_CURVE('',#2102,#2121,#2129,.T.);
#2129 = CIRCLE('',#2130,0.406400812802);
#2130 = AXIS2_PLACEMENT_3D('',#2131,#2132,#2133);
#2131 = CARTESIAN_POINT('',(24.003048006096,22.352044704089,0.));
#2132 = DIRECTION('',(0.,0.,1.));
#2133 = DIRECTION('',(1.,1.110223024625E-16,-0.));
#2134 = CYLINDRICAL_SURFACE('',#2135,0.406400812802);
#2135 = AXIS2_PLACEMENT_3D('',#2136,#2137,#2138);
#2136 = CARTESIAN_POINT('',(24.003048006096,22.352044704089,0.));
#2137 = DIRECTION('',(-0.,-0.,-1.));
#2138 = DIRECTION('',(1.,1.110223024625E-16,-0.));
#2139 = ADVANCED_FACE('',(#2140),#2158,.F.);
#2140 = FACE_BOUND('',#2141,.T.);
#2141 = EDGE_LOOP('',(#2142,#2143,#2150,#2151));
#2142 = ORIENTED_EDGE('',*,*,#2120,.T.);
#2143 = ORIENTED_EDGE('',*,*,#2144,.T.);
#2144 = EDGE_CURVE('',#2112,#2104,#2145,.T.);
#2145 = CIRCLE('',#2146,0.406400812802);
#2146 = AXIS2_PLACEMENT_3D('',#2147,#2148,#2149);
#2147 = CARTESIAN_POINT('',(24.003048006096,22.352044704089,    9.004318008636E-02));
#2148 = DIRECTION('',(0.,0.,1.));
#2149 = DIRECTION('',(-1.,-1.110223024625E-16,0.));
#2150 = ORIENTED_EDGE('',*,*,#2101,.F.);
#2151 = ORIENTED_EDGE('',*,*,#2152,.F.);
#2152 = EDGE_CURVE('',#2121,#2102,#2153,.T.);
#2153 = CIRCLE('',#2154,0.406400812802);
#2154 = AXIS2_PLACEMENT_3D('',#2155,#2156,#2157);
#2155 = CARTESIAN_POINT('',(24.003048006096,22.352044704089,0.));
#2156 = DIRECTION('',(0.,0.,1.));
#2157 = DIRECTION('',(-1.,-1.110223024625E-16,0.));
#2158 = CYLINDRICAL_SURFACE('',#2159,0.406400812802);
#2159 = AXIS2_PLACEMENT_3D('',#2160,#2161,#2162);
#2160 = CARTESIAN_POINT('',(24.003048006096,22.352044704089,0.));
#2161 = DIRECTION('',(-0.,-0.,-1.));
#2162 = DIRECTION('',(-1.,-1.110223024625E-16,0.));
#2163 = ADVANCED_FACE('',(#2164),#2200,.F.);
#2164 = FACE_BOUND('',#2165,.T.);
#2165 = EDGE_LOOP('',(#2166,#2176,#2185,#2193));
#2166 = ORIENTED_EDGE('',*,*,#2167,.T.);
#2167 = EDGE_CURVE('',#2168,#2170,#2172,.T.);
#2168 = VERTEX_POINT('',#2169);
#2169 = CARTESIAN_POINT('',(24.409448818898,25.908051816104,0.));
#2170 = VERTEX_POINT('',#2171);
#2171 = CARTESIAN_POINT('',(24.409448818898,25.908051816104,    9.004318008636E-02));
#2172 = LINE('',#2173,#2174);
#2173 = CARTESIAN_POINT('',(24.409448818898,25.908051816104,0.));
#2174 = VECTOR('',#2175,1.);
#2175 = DIRECTION('',(0.,0.,1.));
#2176 = ORIENTED_EDGE('',*,*,#2177,.T.);
#2177 = EDGE_CURVE('',#2170,#2178,#2180,.T.);
#2178 = VERTEX_POINT('',#2179);
#2179 = CARTESIAN_POINT('',(23.596647193294,25.908051816104,    9.004318008636E-02));
#2180 = CIRCLE('',#2181,0.406400812802);
#2181 = AXIS2_PLACEMENT_3D('',#2182,#2183,#2184);
#2182 = CARTESIAN_POINT('',(24.003048006096,25.908051816104,    9.004318008636E-02));
#2183 = DIRECTION('',(0.,0.,1.));
#2184 = DIRECTION('',(1.,1.110223024625E-16,-0.));
#2185 = ORIENTED_EDGE('',*,*,#2186,.F.);
#2186 = EDGE_CURVE('',#2187,#2178,#2189,.T.);
#2187 = VERTEX_POINT('',#2188);
#2188 = CARTESIAN_POINT('',(23.596647193294,25.908051816104,0.));
#2189 = LINE('',#2190,#2191);
#2190 = CARTESIAN_POINT('',(23.596647193294,25.908051816104,0.));
#2191 = VECTOR('',#2192,1.);
#2192 = DIRECTION('',(0.,0.,1.));
#2193 = ORIENTED_EDGE('',*,*,#2194,.F.);
#2194 = EDGE_CURVE('',#2168,#2187,#2195,.T.);
#2195 = CIRCLE('',#2196,0.406400812802);
#2196 = AXIS2_PLACEMENT_3D('',#2197,#2198,#2199);
#2197 = CARTESIAN_POINT('',(24.003048006096,25.908051816104,0.));
#2198 = DIRECTION('',(0.,0.,1.));
#2199 = DIRECTION('',(1.,1.110223024625E-16,-0.));
#2200 = CYLINDRICAL_SURFACE('',#2201,0.406400812802);
#2201 = AXIS2_PLACEMENT_3D('',#2202,#2203,#2204);
#2202 = CARTESIAN_POINT('',(24.003048006096,25.908051816104,0.));
#2203 = DIRECTION('',(-0.,-0.,-1.));
#2204 = DIRECTION('',(1.,1.110223024625E-16,-0.));
#2205 = ADVANCED_FACE('',(#2206),#2224,.F.);
#2206 = FACE_BOUND('',#2207,.T.);
#2207 = EDGE_LOOP('',(#2208,#2209,#2216,#2217));
#2208 = ORIENTED_EDGE('',*,*,#2186,.T.);
#2209 = ORIENTED_EDGE('',*,*,#2210,.T.);
#2210 = EDGE_CURVE('',#2178,#2170,#2211,.T.);
#2211 = CIRCLE('',#2212,0.406400812802);
#2212 = AXIS2_PLACEMENT_3D('',#2213,#2214,#2215);
#2213 = CARTESIAN_POINT('',(24.003048006096,25.908051816104,    9.004318008636E-02));
#2214 = DIRECTION('',(0.,0.,1.));
#2215 = DIRECTION('',(-1.,-1.110223024625E-16,0.));
#2216 = ORIENTED_EDGE('',*,*,#2167,.F.);
#2217 = ORIENTED_EDGE('',*,*,#2218,.F.);
#2218 = EDGE_CURVE('',#2187,#2168,#2219,.T.);
#2219 = CIRCLE('',#2220,0.406400812802);
#2220 = AXIS2_PLACEMENT_3D('',#2221,#2222,#2223);
#2221 = CARTESIAN_POINT('',(24.003048006096,25.908051816104,0.));
#2222 = DIRECTION('',(0.,0.,1.));
#2223 = DIRECTION('',(-1.,-1.110223024625E-16,0.));
#2224 = CYLINDRICAL_SURFACE('',#2225,0.406400812802);
#2225 = AXIS2_PLACEMENT_3D('',#2226,#2227,#2228);
#2226 = CARTESIAN_POINT('',(24.003048006096,25.908051816104,0.));
#2227 = DIRECTION('',(-0.,-0.,-1.));
#2228 = DIRECTION('',(-1.,-1.110223024625E-16,0.));
#2229 = ADVANCED_FACE('',(#2230),#2266,.F.);
#2230 = FACE_BOUND('',#2231,.T.);
#2231 = EDGE_LOOP('',(#2232,#2242,#2251,#2259));
#2232 = ORIENTED_EDGE('',*,*,#2233,.T.);
#2233 = EDGE_CURVE('',#2234,#2236,#2238,.T.);
#2234 = VERTEX_POINT('',#2235);
#2235 = CARTESIAN_POINT('',(26.111252222504,35.05207010414,0.));
#2236 = VERTEX_POINT('',#2237);
#2237 = CARTESIAN_POINT('',(26.111252222504,35.05207010414,    9.004318008636E-02));
#2238 = LINE('',#2239,#2240);
#2239 = CARTESIAN_POINT('',(26.111252222504,35.05207010414,0.));
#2240 = VECTOR('',#2241,1.);
#2241 = DIRECTION('',(0.,0.,1.));
#2242 = ORIENTED_EDGE('',*,*,#2243,.T.);
#2243 = EDGE_CURVE('',#2236,#2244,#2246,.T.);
#2244 = VERTEX_POINT('',#2245);
#2245 = CARTESIAN_POINT('',(25.196850393701,35.05207010414,    9.004318008636E-02));
#2246 = CIRCLE('',#2247,0.457200914402);
#2247 = AXIS2_PLACEMENT_3D('',#2248,#2249,#2250);
#2248 = CARTESIAN_POINT('',(25.654051308103,35.05207010414,    9.004318008636E-02));
#2249 = DIRECTION('',(0.,0.,1.));
#2250 = DIRECTION('',(1.,1.110223024625E-16,-0.));
#2251 = ORIENTED_EDGE('',*,*,#2252,.F.);
#2252 = EDGE_CURVE('',#2253,#2244,#2255,.T.);
#2253 = VERTEX_POINT('',#2254);
#2254 = CARTESIAN_POINT('',(25.196850393701,35.05207010414,0.));
#2255 = LINE('',#2256,#2257);
#2256 = CARTESIAN_POINT('',(25.196850393701,35.05207010414,0.));
#2257 = VECTOR('',#2258,1.);
#2258 = DIRECTION('',(0.,0.,1.));
#2259 = ORIENTED_EDGE('',*,*,#2260,.F.);
#2260 = EDGE_CURVE('',#2234,#2253,#2261,.T.);
#2261 = CIRCLE('',#2262,0.457200914402);
#2262 = AXIS2_PLACEMENT_3D('',#2263,#2264,#2265);
#2263 = CARTESIAN_POINT('',(25.654051308103,35.05207010414,0.));
#2264 = DIRECTION('',(0.,0.,1.));
#2265 = DIRECTION('',(1.,1.110223024625E-16,-0.));
#2266 = CYLINDRICAL_SURFACE('',#2267,0.457200914402);
#2267 = AXIS2_PLACEMENT_3D('',#2268,#2269,#2270);
#2268 = CARTESIAN_POINT('',(25.654051308103,35.05207010414,0.));
#2269 = DIRECTION('',(-0.,-0.,-1.));
#2270 = DIRECTION('',(1.,1.110223024625E-16,-0.));
#2271 = ADVANCED_FACE('',(#2272),#2290,.F.);
#2272 = FACE_BOUND('',#2273,.T.);
#2273 = EDGE_LOOP('',(#2274,#2275,#2282,#2283));
#2274 = ORIENTED_EDGE('',*,*,#2252,.T.);
#2275 = ORIENTED_EDGE('',*,*,#2276,.T.);
#2276 = EDGE_CURVE('',#2244,#2236,#2277,.T.);
#2277 = CIRCLE('',#2278,0.457200914402);
#2278 = AXIS2_PLACEMENT_3D('',#2279,#2280,#2281);
#2279 = CARTESIAN_POINT('',(25.654051308103,35.05207010414,    9.004318008636E-02));
#2280 = DIRECTION('',(0.,0.,1.));
#2281 = DIRECTION('',(-1.,-1.110223024625E-16,0.));
#2282 = ORIENTED_EDGE('',*,*,#2233,.F.);
#2283 = ORIENTED_EDGE('',*,*,#2284,.F.);
#2284 = EDGE_CURVE('',#2253,#2234,#2285,.T.);
#2285 = CIRCLE('',#2286,0.457200914402);
#2286 = AXIS2_PLACEMENT_3D('',#2287,#2288,#2289);
#2287 = CARTESIAN_POINT('',(25.654051308103,35.05207010414,0.));
#2288 = DIRECTION('',(0.,0.,1.));
#2289 = DIRECTION('',(-1.,-1.110223024625E-16,0.));
#2290 = CYLINDRICAL_SURFACE('',#2291,0.457200914402);
#2291 = AXIS2_PLACEMENT_3D('',#2292,#2293,#2294);
#2292 = CARTESIAN_POINT('',(25.654051308103,35.05207010414,0.));
#2293 = DIRECTION('',(-0.,-0.,-1.));
#2294 = DIRECTION('',(-1.,-1.110223024625E-16,0.));
#2295 = ADVANCED_FACE('',(#2296),#2332,.F.);
#2296 = FACE_BOUND('',#2297,.T.);
#2297 = EDGE_LOOP('',(#2298,#2308,#2317,#2325));
#2298 = ORIENTED_EDGE('',*,*,#2299,.T.);
#2299 = EDGE_CURVE('',#2300,#2302,#2304,.T.);
#2300 = VERTEX_POINT('',#2301);
#2301 = CARTESIAN_POINT('',(28.651257302515,35.05207010414,0.));
#2302 = VERTEX_POINT('',#2303);
#2303 = CARTESIAN_POINT('',(28.651257302515,35.05207010414,    9.004318008636E-02));
#2304 = LINE('',#2305,#2306);
#2305 = CARTESIAN_POINT('',(28.651257302515,35.05207010414,0.));
#2306 = VECTOR('',#2307,1.);
#2307 = DIRECTION('',(0.,0.,1.));
#2308 = ORIENTED_EDGE('',*,*,#2309,.T.);
#2309 = EDGE_CURVE('',#2302,#2310,#2312,.T.);
#2310 = VERTEX_POINT('',#2311);
#2311 = CARTESIAN_POINT('',(27.736855473711,35.05207010414,    9.004318008636E-02));
#2312 = CIRCLE('',#2313,0.457200914402);
#2313 = AXIS2_PLACEMENT_3D('',#2314,#2315,#2316);
#2314 = CARTESIAN_POINT('',(28.194056388113,35.05207010414,    9.004318008636E-02));
#2315 = DIRECTION('',(0.,0.,1.));
#2316 = DIRECTION('',(1.,1.110223024625E-16,-0.));
#2317 = ORIENTED_EDGE('',*,*,#2318,.F.);
#2318 = EDGE_CURVE('',#2319,#2310,#2321,.T.);
#2319 = VERTEX_POINT('',#2320);
#2320 = CARTESIAN_POINT('',(27.736855473711,35.05207010414,0.));
#2321 = LINE('',#2322,#2323);
#2322 = CARTESIAN_POINT('',(27.736855473711,35.05207010414,0.));
#2323 = VECTOR('',#2324,1.);
#2324 = DIRECTION('',(0.,0.,1.));
#2325 = ORIENTED_EDGE('',*,*,#2326,.F.);
#2326 = EDGE_CURVE('',#2300,#2319,#2327,.T.);
#2327 = CIRCLE('',#2328,0.457200914402);
#2328 = AXIS2_PLACEMENT_3D('',#2329,#2330,#2331);
#2329 = CARTESIAN_POINT('',(28.194056388113,35.05207010414,0.));
#2330 = DIRECTION('',(0.,0.,1.));
#2331 = DIRECTION('',(1.,1.110223024625E-16,-0.));
#2332 = CYLINDRICAL_SURFACE('',#2333,0.457200914402);
#2333 = AXIS2_PLACEMENT_3D('',#2334,#2335,#2336);
#2334 = CARTESIAN_POINT('',(28.194056388113,35.05207010414,0.));
#2335 = DIRECTION('',(-0.,-0.,-1.));
#2336 = DIRECTION('',(1.,1.110223024625E-16,-0.));
#2337 = ADVANCED_FACE('',(#2338),#2356,.F.);
#2338 = FACE_BOUND('',#2339,.T.);
#2339 = EDGE_LOOP('',(#2340,#2341,#2348,#2349));
#2340 = ORIENTED_EDGE('',*,*,#2318,.T.);
#2341 = ORIENTED_EDGE('',*,*,#2342,.T.);
#2342 = EDGE_CURVE('',#2310,#2302,#2343,.T.);
#2343 = CIRCLE('',#2344,0.457200914402);
#2344 = AXIS2_PLACEMENT_3D('',#2345,#2346,#2347);
#2345 = CARTESIAN_POINT('',(28.194056388113,35.05207010414,    9.004318008636E-02));
#2346 = DIRECTION('',(0.,0.,1.));
#2347 = DIRECTION('',(-1.,-1.110223024625E-16,0.));
#2348 = ORIENTED_EDGE('',*,*,#2299,.F.);
#2349 = ORIENTED_EDGE('',*,*,#2350,.F.);
#2350 = EDGE_CURVE('',#2319,#2300,#2351,.T.);
#2351 = CIRCLE('',#2352,0.457200914402);
#2352 = AXIS2_PLACEMENT_3D('',#2353,#2354,#2355);
#2353 = CARTESIAN_POINT('',(28.194056388113,35.05207010414,0.));
#2354 = DIRECTION('',(0.,0.,1.));
#2355 = DIRECTION('',(-1.,-1.110223024625E-16,0.));
#2356 = CYLINDRICAL_SURFACE('',#2357,0.457200914402);
#2357 = AXIS2_PLACEMENT_3D('',#2358,#2359,#2360);
#2358 = CARTESIAN_POINT('',(28.194056388113,35.05207010414,0.));
#2359 = DIRECTION('',(-0.,-0.,-1.));
#2360 = DIRECTION('',(-1.,-1.110223024625E-16,0.));
#2361 = ADVANCED_FACE('',(#2362),#2398,.F.);
#2362 = FACE_BOUND('',#2363,.T.);
#2363 = EDGE_LOOP('',(#2364,#2374,#2383,#2391));
#2364 = ORIENTED_EDGE('',*,*,#2365,.T.);
#2365 = EDGE_CURVE('',#2366,#2368,#2370,.T.);
#2366 = VERTEX_POINT('',#2367);
#2367 = CARTESIAN_POINT('',(36.652273304547,72.263144526289,0.));
#2368 = VERTEX_POINT('',#2369);
#2369 = CARTESIAN_POINT('',(36.652273304547,72.263144526289,    9.004318008636E-02));
#2370 = LINE('',#2371,#2372);
#2371 = CARTESIAN_POINT('',(36.652273304547,72.263144526289,0.));
#2372 = VECTOR('',#2373,1.);
#2373 = DIRECTION('',(0.,0.,1.));
#2374 = ORIENTED_EDGE('',*,*,#2375,.T.);
#2375 = EDGE_CURVE('',#2368,#2376,#2378,.T.);
#2376 = VERTEX_POINT('',#2377);
#2377 = CARTESIAN_POINT('',(35.737871475743,72.263144526289,    9.004318008636E-02));
#2378 = CIRCLE('',#2379,0.457200914402);
#2379 = AXIS2_PLACEMENT_3D('',#2380,#2381,#2382);
#2380 = CARTESIAN_POINT('',(36.195072390145,72.263144526289,    9.004318008636E-02));
#2381 = DIRECTION('',(0.,0.,1.));
#2382 = DIRECTION('',(1.,1.110223024625E-16,-0.));
#2383 = ORIENTED_EDGE('',*,*,#2384,.F.);
#2384 = EDGE_CURVE('',#2385,#2376,#2387,.T.);
#2385 = VERTEX_POINT('',#2386);
#2386 = CARTESIAN_POINT('',(35.737871475743,72.263144526289,0.));
#2387 = LINE('',#2388,#2389);
#2388 = CARTESIAN_POINT('',(35.737871475743,72.263144526289,0.));
#2389 = VECTOR('',#2390,1.);
#2390 = DIRECTION('',(0.,0.,1.));
#2391 = ORIENTED_EDGE('',*,*,#2392,.F.);
#2392 = EDGE_CURVE('',#2366,#2385,#2393,.T.);
#2393 = CIRCLE('',#2394,0.457200914402);
#2394 = AXIS2_PLACEMENT_3D('',#2395,#2396,#2397);
#2395 = CARTESIAN_POINT('',(36.195072390145,72.263144526289,0.));
#2396 = DIRECTION('',(0.,0.,1.));
#2397 = DIRECTION('',(1.,1.110223024625E-16,-0.));
#2398 = CYLINDRICAL_SURFACE('',#2399,0.457200914402);
#2399 = AXIS2_PLACEMENT_3D('',#2400,#2401,#2402);
#2400 = CARTESIAN_POINT('',(36.195072390145,72.263144526289,0.));
#2401 = DIRECTION('',(-0.,-0.,-1.));
#2402 = DIRECTION('',(1.,1.110223024625E-16,-0.));
#2403 = ADVANCED_FACE('',(#2404),#2422,.F.);
#2404 = FACE_BOUND('',#2405,.T.);
#2405 = EDGE_LOOP('',(#2406,#2407,#2414,#2415));
#2406 = ORIENTED_EDGE('',*,*,#2384,.T.);
#2407 = ORIENTED_EDGE('',*,*,#2408,.T.);
#2408 = EDGE_CURVE('',#2376,#2368,#2409,.T.);
#2409 = CIRCLE('',#2410,0.457200914402);
#2410 = AXIS2_PLACEMENT_3D('',#2411,#2412,#2413);
#2411 = CARTESIAN_POINT('',(36.195072390145,72.263144526289,    9.004318008636E-02));
#2412 = DIRECTION('',(0.,0.,1.));
#2413 = DIRECTION('',(-1.,-1.110223024625E-16,0.));
#2414 = ORIENTED_EDGE('',*,*,#2365,.F.);
#2415 = ORIENTED_EDGE('',*,*,#2416,.F.);
#2416 = EDGE_CURVE('',#2385,#2366,#2417,.T.);
#2417 = CIRCLE('',#2418,0.457200914402);
#2418 = AXIS2_PLACEMENT_3D('',#2419,#2420,#2421);
#2419 = CARTESIAN_POINT('',(36.195072390145,72.263144526289,0.));
#2420 = DIRECTION('',(0.,0.,1.));
#2421 = DIRECTION('',(-1.,-1.110223024625E-16,0.));
#2422 = CYLINDRICAL_SURFACE('',#2423,0.457200914402);
#2423 = AXIS2_PLACEMENT_3D('',#2424,#2425,#2426);
#2424 = CARTESIAN_POINT('',(36.195072390145,72.263144526289,0.));
#2425 = DIRECTION('',(-0.,-0.,-1.));
#2426 = DIRECTION('',(-1.,-1.110223024625E-16,0.));
#2427 = ADVANCED_FACE('',(#2428),#2464,.F.);
#2428 = FACE_BOUND('',#2429,.T.);
#2429 = EDGE_LOOP('',(#2430,#2440,#2449,#2457));
#2430 = ORIENTED_EDGE('',*,*,#2431,.T.);
#2431 = EDGE_CURVE('',#2432,#2434,#2436,.T.);
#2432 = VERTEX_POINT('',#2433);
#2433 = CARTESIAN_POINT('',(36.652273304547,74.803149606299,0.));
#2434 = VERTEX_POINT('',#2435);
#2435 = CARTESIAN_POINT('',(36.652273304547,74.803149606299,    9.004318008636E-02));
#2436 = LINE('',#2437,#2438);
#2437 = CARTESIAN_POINT('',(36.652273304547,74.803149606299,0.));
#2438 = VECTOR('',#2439,1.);
#2439 = DIRECTION('',(0.,0.,1.));
#2440 = ORIENTED_EDGE('',*,*,#2441,.T.);
#2441 = EDGE_CURVE('',#2434,#2442,#2444,.T.);
#2442 = VERTEX_POINT('',#2443);
#2443 = CARTESIAN_POINT('',(35.737871475743,74.803149606299,    9.004318008636E-02));
#2444 = CIRCLE('',#2445,0.457200914402);
#2445 = AXIS2_PLACEMENT_3D('',#2446,#2447,#2448);
#2446 = CARTESIAN_POINT('',(36.195072390145,74.803149606299,    9.004318008636E-02));
#2447 = DIRECTION('',(0.,0.,1.));
#2448 = DIRECTION('',(1.,1.110223024625E-16,-0.));
#2449 = ORIENTED_EDGE('',*,*,#2450,.F.);
#2450 = EDGE_CURVE('',#2451,#2442,#2453,.T.);
#2451 = VERTEX_POINT('',#2452);
#2452 = CARTESIAN_POINT('',(35.737871475743,74.803149606299,0.));
#2453 = LINE('',#2454,#2455);
#2454 = CARTESIAN_POINT('',(35.737871475743,74.803149606299,0.));
#2455 = VECTOR('',#2456,1.);
#2456 = DIRECTION('',(0.,0.,1.));
#2457 = ORIENTED_EDGE('',*,*,#2458,.F.);
#2458 = EDGE_CURVE('',#2432,#2451,#2459,.T.);
#2459 = CIRCLE('',#2460,0.457200914402);
#2460 = AXIS2_PLACEMENT_3D('',#2461,#2462,#2463);
#2461 = CARTESIAN_POINT('',(36.195072390145,74.803149606299,0.));
#2462 = DIRECTION('',(0.,0.,1.));
#2463 = DIRECTION('',(1.,1.110223024625E-16,-0.));
#2464 = CYLINDRICAL_SURFACE('',#2465,0.457200914402);
#2465 = AXIS2_PLACEMENT_3D('',#2466,#2467,#2468);
#2466 = CARTESIAN_POINT('',(36.195072390145,74.803149606299,0.));
#2467 = DIRECTION('',(-0.,-0.,-1.));
#2468 = DIRECTION('',(1.,1.110223024625E-16,-0.));
#2469 = ADVANCED_FACE('',(#2470),#2488,.F.);
#2470 = FACE_BOUND('',#2471,.T.);
#2471 = EDGE_LOOP('',(#2472,#2473,#2480,#2481));
#2472 = ORIENTED_EDGE('',*,*,#2450,.T.);
#2473 = ORIENTED_EDGE('',*,*,#2474,.T.);
#2474 = EDGE_CURVE('',#2442,#2434,#2475,.T.);
#2475 = CIRCLE('',#2476,0.457200914402);
#2476 = AXIS2_PLACEMENT_3D('',#2477,#2478,#2479);
#2477 = CARTESIAN_POINT('',(36.195072390145,74.803149606299,    9.004318008636E-02));
#2478 = DIRECTION('',(0.,0.,1.));
#2479 = DIRECTION('',(-1.,-1.110223024625E-16,0.));
#2480 = ORIENTED_EDGE('',*,*,#2431,.F.);
#2481 = ORIENTED_EDGE('',*,*,#2482,.F.);
#2482 = EDGE_CURVE('',#2451,#2432,#2483,.T.);
#2483 = CIRCLE('',#2484,0.457200914402);
#2484 = AXIS2_PLACEMENT_3D('',#2485,#2486,#2487);
#2485 = CARTESIAN_POINT('',(36.195072390145,74.803149606299,0.));
#2486 = DIRECTION('',(0.,0.,1.));
#2487 = DIRECTION('',(-1.,-1.110223024625E-16,0.));
#2488 = CYLINDRICAL_SURFACE('',#2489,0.457200914402);
#2489 = AXIS2_PLACEMENT_3D('',#2490,#2491,#2492);
#2490 = CARTESIAN_POINT('',(36.195072390145,74.803149606299,0.));
#2491 = DIRECTION('',(-0.,-0.,-1.));
#2492 = DIRECTION('',(-1.,-1.110223024625E-16,0.));
#2493 = ADVANCED_FACE('',(#2494),#2530,.F.);
#2494 = FACE_BOUND('',#2495,.T.);
#2495 = EDGE_LOOP('',(#2496,#2506,#2515,#2523));
#2496 = ORIENTED_EDGE('',*,*,#2497,.T.);
#2497 = EDGE_CURVE('',#2498,#2500,#2502,.T.);
#2498 = VERTEX_POINT('',#2499);
#2499 = CARTESIAN_POINT('',(36.652273304547,77.343154686309,0.));
#2500 = VERTEX_POINT('',#2501);
#2501 = CARTESIAN_POINT('',(36.652273304547,77.343154686309,    9.004318008636E-02));
#2502 = LINE('',#2503,#2504);
#2503 = CARTESIAN_POINT('',(36.652273304547,77.343154686309,0.));
#2504 = VECTOR('',#2505,1.);
#2505 = DIRECTION('',(0.,0.,1.));
#2506 = ORIENTED_EDGE('',*,*,#2507,.T.);
#2507 = EDGE_CURVE('',#2500,#2508,#2510,.T.);
#2508 = VERTEX_POINT('',#2509);
#2509 = CARTESIAN_POINT('',(35.737871475743,77.343154686309,    9.004318008636E-02));
#2510 = CIRCLE('',#2511,0.457200914402);
#2511 = AXIS2_PLACEMENT_3D('',#2512,#2513,#2514);
#2512 = CARTESIAN_POINT('',(36.195072390145,77.343154686309,    9.004318008636E-02));
#2513 = DIRECTION('',(0.,0.,1.));
#2514 = DIRECTION('',(1.,1.110223024625E-16,-0.));
#2515 = ORIENTED_EDGE('',*,*,#2516,.F.);
#2516 = EDGE_CURVE('',#2517,#2508,#2519,.T.);
#2517 = VERTEX_POINT('',#2518);
#2518 = CARTESIAN_POINT('',(35.737871475743,77.343154686309,0.));
#2519 = LINE('',#2520,#2521);
#2520 = CARTESIAN_POINT('',(35.737871475743,77.343154686309,0.));
#2521 = VECTOR('',#2522,1.);
#2522 = DIRECTION('',(0.,0.,1.));
#2523 = ORIENTED_EDGE('',*,*,#2524,.F.);
#2524 = EDGE_CURVE('',#2498,#2517,#2525,.T.);
#2525 = CIRCLE('',#2526,0.457200914402);
#2526 = AXIS2_PLACEMENT_3D('',#2527,#2528,#2529);
#2527 = CARTESIAN_POINT('',(36.195072390145,77.343154686309,0.));
#2528 = DIRECTION('',(0.,0.,1.));
#2529 = DIRECTION('',(1.,1.110223024625E-16,-0.));
#2530 = CYLINDRICAL_SURFACE('',#2531,0.457200914402);
#2531 = AXIS2_PLACEMENT_3D('',#2532,#2533,#2534);
#2532 = CARTESIAN_POINT('',(36.195072390145,77.343154686309,0.));
#2533 = DIRECTION('',(-0.,-0.,-1.));
#2534 = DIRECTION('',(1.,1.110223024625E-16,-0.));
#2535 = ADVANCED_FACE('',(#2536),#2554,.F.);
#2536 = FACE_BOUND('',#2537,.T.);
#2537 = EDGE_LOOP('',(#2538,#2539,#2546,#2547));
#2538 = ORIENTED_EDGE('',*,*,#2516,.T.);
#2539 = ORIENTED_EDGE('',*,*,#2540,.T.);
#2540 = EDGE_CURVE('',#2508,#2500,#2541,.T.);
#2541 = CIRCLE('',#2542,0.457200914402);
#2542 = AXIS2_PLACEMENT_3D('',#2543,#2544,#2545);
#2543 = CARTESIAN_POINT('',(36.195072390145,77.343154686309,    9.004318008636E-02));
#2544 = DIRECTION('',(0.,0.,1.));
#2545 = DIRECTION('',(-1.,-1.110223024625E-16,0.));
#2546 = ORIENTED_EDGE('',*,*,#2497,.F.);
#2547 = ORIENTED_EDGE('',*,*,#2548,.F.);
#2548 = EDGE_CURVE('',#2517,#2498,#2549,.T.);
#2549 = CIRCLE('',#2550,0.457200914402);
#2550 = AXIS2_PLACEMENT_3D('',#2551,#2552,#2553);
#2551 = CARTESIAN_POINT('',(36.195072390145,77.343154686309,0.));
#2552 = DIRECTION('',(0.,0.,1.));
#2553 = DIRECTION('',(-1.,-1.110223024625E-16,0.));
#2554 = CYLINDRICAL_SURFACE('',#2555,0.457200914402);
#2555 = AXIS2_PLACEMENT_3D('',#2556,#2557,#2558);
#2556 = CARTESIAN_POINT('',(36.195072390145,77.343154686309,0.));
#2557 = DIRECTION('',(-0.,-0.,-1.));
#2558 = DIRECTION('',(-1.,-1.110223024625E-16,0.));
#2559 = ADVANCED_FACE('',(#2560),#2596,.F.);
#2560 = FACE_BOUND('',#2561,.T.);
#2561 = EDGE_LOOP('',(#2562,#2572,#2581,#2589));
#2562 = ORIENTED_EDGE('',*,*,#2563,.T.);
#2563 = EDGE_CURVE('',#2564,#2566,#2568,.T.);
#2564 = VERTEX_POINT('',#2565);
#2565 = CARTESIAN_POINT('',(36.652273304547,69.723139446279,0.));
#2566 = VERTEX_POINT('',#2567);
#2567 = CARTESIAN_POINT('',(36.652273304547,69.723139446279,    9.004318008636E-02));
#2568 = LINE('',#2569,#2570);
#2569 = CARTESIAN_POINT('',(36.652273304547,69.723139446279,0.));
#2570 = VECTOR('',#2571,1.);
#2571 = DIRECTION('',(0.,0.,1.));
#2572 = ORIENTED_EDGE('',*,*,#2573,.T.);
#2573 = EDGE_CURVE('',#2566,#2574,#2576,.T.);
#2574 = VERTEX_POINT('',#2575);
#2575 = CARTESIAN_POINT('',(35.737871475743,69.723139446279,    9.004318008636E-02));
#2576 = CIRCLE('',#2577,0.457200914402);
#2577 = AXIS2_PLACEMENT_3D('',#2578,#2579,#2580);
#2578 = CARTESIAN_POINT('',(36.195072390145,69.723139446279,    9.004318008636E-02));
#2579 = DIRECTION('',(0.,0.,1.));
#2580 = DIRECTION('',(1.,1.110223024625E-16,-0.));
#2581 = ORIENTED_EDGE('',*,*,#2582,.F.);
#2582 = EDGE_CURVE('',#2583,#2574,#2585,.T.);
#2583 = VERTEX_POINT('',#2584);
#2584 = CARTESIAN_POINT('',(35.737871475743,69.723139446279,0.));
#2585 = LINE('',#2586,#2587);
#2586 = CARTESIAN_POINT('',(35.737871475743,69.723139446279,0.));
#2587 = VECTOR('',#2588,1.);
#2588 = DIRECTION('',(0.,0.,1.));
#2589 = ORIENTED_EDGE('',*,*,#2590,.F.);
#2590 = EDGE_CURVE('',#2564,#2583,#2591,.T.);
#2591 = CIRCLE('',#2592,0.457200914402);
#2592 = AXIS2_PLACEMENT_3D('',#2593,#2594,#2595);
#2593 = CARTESIAN_POINT('',(36.195072390145,69.723139446279,0.));
#2594 = DIRECTION('',(0.,0.,1.));
#2595 = DIRECTION('',(1.,1.110223024625E-16,-0.));
#2596 = CYLINDRICAL_SURFACE('',#2597,0.457200914402);
#2597 = AXIS2_PLACEMENT_3D('',#2598,#2599,#2600);
#2598 = CARTESIAN_POINT('',(36.195072390145,69.723139446279,0.));
#2599 = DIRECTION('',(-0.,-0.,-1.));
#2600 = DIRECTION('',(1.,1.110223024625E-16,-0.));
#2601 = ADVANCED_FACE('',(#2602),#2620,.F.);
#2602 = FACE_BOUND('',#2603,.T.);
#2603 = EDGE_LOOP('',(#2604,#2605,#2612,#2613));
#2604 = ORIENTED_EDGE('',*,*,#2582,.T.);
#2605 = ORIENTED_EDGE('',*,*,#2606,.T.);
#2606 = EDGE_CURVE('',#2574,#2566,#2607,.T.);
#2607 = CIRCLE('',#2608,0.457200914402);
#2608 = AXIS2_PLACEMENT_3D('',#2609,#2610,#2611);
#2609 = CARTESIAN_POINT('',(36.195072390145,69.723139446279,    9.004318008636E-02));
#2610 = DIRECTION('',(0.,0.,1.));
#2611 = DIRECTION('',(-1.,-1.110223024625E-16,0.));
#2612 = ORIENTED_EDGE('',*,*,#2563,.F.);
#2613 = ORIENTED_EDGE('',*,*,#2614,.F.);
#2614 = EDGE_CURVE('',#2583,#2564,#2615,.T.);
#2615 = CIRCLE('',#2616,0.457200914402);
#2616 = AXIS2_PLACEMENT_3D('',#2617,#2618,#2619);
#2617 = CARTESIAN_POINT('',(36.195072390145,69.723139446279,0.));
#2618 = DIRECTION('',(0.,0.,1.));
#2619 = DIRECTION('',(-1.,-1.110223024625E-16,0.));
#2620 = CYLINDRICAL_SURFACE('',#2621,0.457200914402);
#2621 = AXIS2_PLACEMENT_3D('',#2622,#2623,#2624);
#2622 = CARTESIAN_POINT('',(36.195072390145,69.723139446279,0.));
#2623 = DIRECTION('',(-0.,-0.,-1.));
#2624 = DIRECTION('',(-1.,-1.110223024625E-16,0.));
#2625 = ADVANCED_FACE('',(#2626),#2662,.F.);
#2626 = FACE_BOUND('',#2627,.T.);
#2627 = EDGE_LOOP('',(#2628,#2638,#2647,#2655));
#2628 = ORIENTED_EDGE('',*,*,#2629,.T.);
#2629 = EDGE_CURVE('',#2630,#2632,#2634,.T.);
#2630 = VERTEX_POINT('',#2631);
#2631 = CARTESIAN_POINT('',(37.667487934976,49.530632461265,0.));
#2632 = VERTEX_POINT('',#2633);
#2633 = CARTESIAN_POINT('',(37.667487934976,49.530632461265,    9.004318008636E-02));
#2634 = LINE('',#2635,#2636);
#2635 = CARTESIAN_POINT('',(37.667487934976,49.530632461265,0.));
#2636 = VECTOR('',#2637,1.);
#2637 = DIRECTION('',(0.,0.,1.));
#2638 = ORIENTED_EDGE('',*,*,#2639,.T.);
#2639 = EDGE_CURVE('',#2632,#2640,#2642,.T.);
#2640 = VERTEX_POINT('',#2641);
#2641 = CARTESIAN_POINT('',(36.753086106172,49.530632461265,    9.004318008636E-02));
#2642 = CIRCLE('',#2643,0.457200914402);
#2643 = AXIS2_PLACEMENT_3D('',#2644,#2645,#2646);
#2644 = CARTESIAN_POINT('',(37.210287020574,49.530632461265,    9.004318008636E-02));
#2645 = DIRECTION('',(0.,0.,1.));
#2646 = DIRECTION('',(1.,1.110223024625E-16,-0.));
#2647 = ORIENTED_EDGE('',*,*,#2648,.F.);
#2648 = EDGE_CURVE('',#2649,#2640,#2651,.T.);
#2649 = VERTEX_POINT('',#2650);
#2650 = CARTESIAN_POINT('',(36.753086106172,49.530632461265,0.));
#2651 = LINE('',#2652,#2653);
#2652 = CARTESIAN_POINT('',(36.753086106172,49.530632461265,0.));
#2653 = VECTOR('',#2654,1.);
#2654 = DIRECTION('',(0.,0.,1.));
#2655 = ORIENTED_EDGE('',*,*,#2656,.F.);
#2656 = EDGE_CURVE('',#2630,#2649,#2657,.T.);
#2657 = CIRCLE('',#2658,0.457200914402);
#2658 = AXIS2_PLACEMENT_3D('',#2659,#2660,#2661);
#2659 = CARTESIAN_POINT('',(37.210287020574,49.530632461265,0.));
#2660 = DIRECTION('',(0.,0.,1.));
#2661 = DIRECTION('',(1.,1.110223024625E-16,-0.));
#2662 = CYLINDRICAL_SURFACE('',#2663,0.457200914402);
#2663 = AXIS2_PLACEMENT_3D('',#2664,#2665,#2666);
#2664 = CARTESIAN_POINT('',(37.210287020574,49.530632461265,0.));
#2665 = DIRECTION('',(-0.,-0.,-1.));
#2666 = DIRECTION('',(1.,1.110223024625E-16,-0.));
#2667 = ADVANCED_FACE('',(#2668),#2686,.F.);
#2668 = FACE_BOUND('',#2669,.T.);
#2669 = EDGE_LOOP('',(#2670,#2671,#2678,#2679));
#2670 = ORIENTED_EDGE('',*,*,#2648,.T.);
#2671 = ORIENTED_EDGE('',*,*,#2672,.T.);
#2672 = EDGE_CURVE('',#2640,#2632,#2673,.T.);
#2673 = CIRCLE('',#2674,0.457200914402);
#2674 = AXIS2_PLACEMENT_3D('',#2675,#2676,#2677);
#2675 = CARTESIAN_POINT('',(37.210287020574,49.530632461265,    9.004318008636E-02));
#2676 = DIRECTION('',(0.,0.,1.));
#2677 = DIRECTION('',(-1.,-1.110223024625E-16,0.));
#2678 = ORIENTED_EDGE('',*,*,#2629,.F.);
#2679 = ORIENTED_EDGE('',*,*,#2680,.F.);
#2680 = EDGE_CURVE('',#2649,#2630,#2681,.T.);
#2681 = CIRCLE('',#2682,0.457200914402);
#2682 = AXIS2_PLACEMENT_3D('',#2683,#2684,#2685);
#2683 = CARTESIAN_POINT('',(37.210287020574,49.530632461265,0.));
#2684 = DIRECTION('',(0.,0.,1.));
#2685 = DIRECTION('',(-1.,-1.110223024625E-16,0.));
#2686 = CYLINDRICAL_SURFACE('',#2687,0.457200914402);
#2687 = AXIS2_PLACEMENT_3D('',#2688,#2689,#2690);
#2688 = CARTESIAN_POINT('',(37.210287020574,49.530632461265,0.));
#2689 = DIRECTION('',(-0.,-0.,-1.));
#2690 = DIRECTION('',(-1.,-1.110223024625E-16,0.));
#2691 = ADVANCED_FACE('',(#2692),#2728,.F.);
#2692 = FACE_BOUND('',#2693,.T.);
#2693 = EDGE_LOOP('',(#2694,#2704,#2713,#2721));
#2694 = ORIENTED_EDGE('',*,*,#2695,.T.);
#2695 = EDGE_CURVE('',#2696,#2698,#2700,.T.);
#2696 = VERTEX_POINT('',#2697);
#2697 = CARTESIAN_POINT('',(37.667487934976,46.990627381255,0.));
#2698 = VERTEX_POINT('',#2699);
#2699 = CARTESIAN_POINT('',(37.667487934976,46.990627381255,    9.004318008636E-02));
#2700 = LINE('',#2701,#2702);
#2701 = CARTESIAN_POINT('',(37.667487934976,46.990627381255,0.));
#2702 = VECTOR('',#2703,1.);
#2703 = DIRECTION('',(0.,0.,1.));
#2704 = ORIENTED_EDGE('',*,*,#2705,.T.);
#2705 = EDGE_CURVE('',#2698,#2706,#2708,.T.);
#2706 = VERTEX_POINT('',#2707);
#2707 = CARTESIAN_POINT('',(36.753086106172,46.990627381255,    9.004318008636E-02));
#2708 = CIRCLE('',#2709,0.457200914402);
#2709 = AXIS2_PLACEMENT_3D('',#2710,#2711,#2712);
#2710 = CARTESIAN_POINT('',(37.210287020574,46.990627381255,    9.004318008636E-02));
#2711 = DIRECTION('',(0.,0.,1.));
#2712 = DIRECTION('',(1.,1.110223024625E-16,-0.));
#2713 = ORIENTED_EDGE('',*,*,#2714,.F.);
#2714 = EDGE_CURVE('',#2715,#2706,#2717,.T.);
#2715 = VERTEX_POINT('',#2716);
#2716 = CARTESIAN_POINT('',(36.753086106172,46.990627381255,0.));
#2717 = LINE('',#2718,#2719);
#2718 = CARTESIAN_POINT('',(36.753086106172,46.990627381255,0.));
#2719 = VECTOR('',#2720,1.);
#2720 = DIRECTION('',(0.,0.,1.));
#2721 = ORIENTED_EDGE('',*,*,#2722,.F.);
#2722 = EDGE_CURVE('',#2696,#2715,#2723,.T.);
#2723 = CIRCLE('',#2724,0.457200914402);
#2724 = AXIS2_PLACEMENT_3D('',#2725,#2726,#2727);
#2725 = CARTESIAN_POINT('',(37.210287020574,46.990627381255,0.));
#2726 = DIRECTION('',(0.,0.,1.));
#2727 = DIRECTION('',(1.,1.110223024625E-16,-0.));
#2728 = CYLINDRICAL_SURFACE('',#2729,0.457200914402);
#2729 = AXIS2_PLACEMENT_3D('',#2730,#2731,#2732);
#2730 = CARTESIAN_POINT('',(37.210287020574,46.990627381255,0.));
#2731 = DIRECTION('',(-0.,-0.,-1.));
#2732 = DIRECTION('',(1.,1.110223024625E-16,-0.));
#2733 = ADVANCED_FACE('',(#2734),#2752,.F.);
#2734 = FACE_BOUND('',#2735,.T.);
#2735 = EDGE_LOOP('',(#2736,#2737,#2744,#2745));
#2736 = ORIENTED_EDGE('',*,*,#2714,.T.);
#2737 = ORIENTED_EDGE('',*,*,#2738,.T.);
#2738 = EDGE_CURVE('',#2706,#2698,#2739,.T.);
#2739 = CIRCLE('',#2740,0.457200914402);
#2740 = AXIS2_PLACEMENT_3D('',#2741,#2742,#2743);
#2741 = CARTESIAN_POINT('',(37.210287020574,46.990627381255,    9.004318008636E-02));
#2742 = DIRECTION('',(0.,0.,1.));
#2743 = DIRECTION('',(-1.,-1.110223024625E-16,0.));
#2744 = ORIENTED_EDGE('',*,*,#2695,.F.);
#2745 = ORIENTED_EDGE('',*,*,#2746,.F.);
#2746 = EDGE_CURVE('',#2715,#2696,#2747,.T.);
#2747 = CIRCLE('',#2748,0.457200914402);
#2748 = AXIS2_PLACEMENT_3D('',#2749,#2750,#2751);
#2749 = CARTESIAN_POINT('',(37.210287020574,46.990627381255,0.));
#2750 = DIRECTION('',(0.,0.,1.));
#2751 = DIRECTION('',(-1.,-1.110223024625E-16,0.));
#2752 = CYLINDRICAL_SURFACE('',#2753,0.457200914402);
#2753 = AXIS2_PLACEMENT_3D('',#2754,#2755,#2756);
#2754 = CARTESIAN_POINT('',(37.210287020574,46.990627381255,0.));
#2755 = DIRECTION('',(-0.,-0.,-1.));
#2756 = DIRECTION('',(-1.,-1.110223024625E-16,0.));
#2757 = ADVANCED_FACE('',(#2758),#2794,.F.);
#2758 = FACE_BOUND('',#2759,.T.);
#2759 = EDGE_LOOP('',(#2760,#2770,#2779,#2787));
#2760 = ORIENTED_EDGE('',*,*,#2761,.T.);
#2761 = EDGE_CURVE('',#2762,#2764,#2766,.T.);
#2762 = VERTEX_POINT('',#2763);
#2763 = CARTESIAN_POINT('',(37.667487934976,39.370612141224,0.));
#2764 = VERTEX_POINT('',#2765);
#2765 = CARTESIAN_POINT('',(37.667487934976,39.370612141224,    9.004318008636E-02));
#2766 = LINE('',#2767,#2768);
#2767 = CARTESIAN_POINT('',(37.667487934976,39.370612141224,0.));
#2768 = VECTOR('',#2769,1.);
#2769 = DIRECTION('',(0.,0.,1.));
#2770 = ORIENTED_EDGE('',*,*,#2771,.T.);
#2771 = EDGE_CURVE('',#2764,#2772,#2774,.T.);
#2772 = VERTEX_POINT('',#2773);
#2773 = CARTESIAN_POINT('',(36.753086106172,39.370612141224,    9.004318008636E-02));
#2774 = CIRCLE('',#2775,0.457200914402);
#2775 = AXIS2_PLACEMENT_3D('',#2776,#2777,#2778);
#2776 = CARTESIAN_POINT('',(37.210287020574,39.370612141224,    9.004318008636E-02));
#2777 = DIRECTION('',(0.,0.,1.));
#2778 = DIRECTION('',(1.,1.110223024625E-16,-0.));
#2779 = ORIENTED_EDGE('',*,*,#2780,.F.);
#2780 = EDGE_CURVE('',#2781,#2772,#2783,.T.);
#2781 = VERTEX_POINT('',#2782);
#2782 = CARTESIAN_POINT('',(36.753086106172,39.370612141224,0.));
#2783 = LINE('',#2784,#2785);
#2784 = CARTESIAN_POINT('',(36.753086106172,39.370612141224,0.));
#2785 = VECTOR('',#2786,1.);
#2786 = DIRECTION('',(0.,0.,1.));
#2787 = ORIENTED_EDGE('',*,*,#2788,.F.);
#2788 = EDGE_CURVE('',#2762,#2781,#2789,.T.);
#2789 = CIRCLE('',#2790,0.457200914402);
#2790 = AXIS2_PLACEMENT_3D('',#2791,#2792,#2793);
#2791 = CARTESIAN_POINT('',(37.210287020574,39.370612141224,0.));
#2792 = DIRECTION('',(0.,0.,1.));
#2793 = DIRECTION('',(1.,1.110223024625E-16,-0.));
#2794 = CYLINDRICAL_SURFACE('',#2795,0.457200914402);
#2795 = AXIS2_PLACEMENT_3D('',#2796,#2797,#2798);
#2796 = CARTESIAN_POINT('',(37.210287020574,39.370612141224,0.));
#2797 = DIRECTION('',(-0.,-0.,-1.));
#2798 = DIRECTION('',(1.,1.110223024625E-16,-0.));
#2799 = ADVANCED_FACE('',(#2800),#2818,.F.);
#2800 = FACE_BOUND('',#2801,.T.);
#2801 = EDGE_LOOP('',(#2802,#2803,#2810,#2811));
#2802 = ORIENTED_EDGE('',*,*,#2780,.T.);
#2803 = ORIENTED_EDGE('',*,*,#2804,.T.);
#2804 = EDGE_CURVE('',#2772,#2764,#2805,.T.);
#2805 = CIRCLE('',#2806,0.457200914402);
#2806 = AXIS2_PLACEMENT_3D('',#2807,#2808,#2809);
#2807 = CARTESIAN_POINT('',(37.210287020574,39.370612141224,    9.004318008636E-02));
#2808 = DIRECTION('',(0.,0.,1.));
#2809 = DIRECTION('',(-1.,-1.110223024625E-16,0.));
#2810 = ORIENTED_EDGE('',*,*,#2761,.F.);
#2811 = ORIENTED_EDGE('',*,*,#2812,.F.);
#2812 = EDGE_CURVE('',#2781,#2762,#2813,.T.);
#2813 = CIRCLE('',#2814,0.457200914402);
#2814 = AXIS2_PLACEMENT_3D('',#2815,#2816,#2817);
#2815 = CARTESIAN_POINT('',(37.210287020574,39.370612141224,0.));
#2816 = DIRECTION('',(0.,0.,1.));
#2817 = DIRECTION('',(-1.,-1.110223024625E-16,0.));
#2818 = CYLINDRICAL_SURFACE('',#2819,0.457200914402);
#2819 = AXIS2_PLACEMENT_3D('',#2820,#2821,#2822);
#2820 = CARTESIAN_POINT('',(37.210287020574,39.370612141224,0.));
#2821 = DIRECTION('',(-0.,-0.,-1.));
#2822 = DIRECTION('',(-1.,-1.110223024625E-16,0.));
#2823 = ADVANCED_FACE('',(#2824),#2860,.F.);
#2824 = FACE_BOUND('',#2825,.T.);
#2825 = EDGE_LOOP('',(#2826,#2836,#2845,#2853));
#2826 = ORIENTED_EDGE('',*,*,#2827,.T.);
#2827 = EDGE_CURVE('',#2828,#2830,#2832,.T.);
#2828 = VERTEX_POINT('',#2829);
#2829 = CARTESIAN_POINT('',(37.667487934976,41.910617221234,0.));
#2830 = VERTEX_POINT('',#2831);
#2831 = CARTESIAN_POINT('',(37.667487934976,41.910617221234,    9.004318008636E-02));
#2832 = LINE('',#2833,#2834);
#2833 = CARTESIAN_POINT('',(37.667487934976,41.910617221234,0.));
#2834 = VECTOR('',#2835,1.);
#2835 = DIRECTION('',(0.,0.,1.));
#2836 = ORIENTED_EDGE('',*,*,#2837,.T.);
#2837 = EDGE_CURVE('',#2830,#2838,#2840,.T.);
#2838 = VERTEX_POINT('',#2839);
#2839 = CARTESIAN_POINT('',(36.753086106172,41.910617221234,    9.004318008636E-02));
#2840 = CIRCLE('',#2841,0.457200914402);
#2841 = AXIS2_PLACEMENT_3D('',#2842,#2843,#2844);
#2842 = CARTESIAN_POINT('',(37.210287020574,41.910617221234,    9.004318008636E-02));
#2843 = DIRECTION('',(0.,0.,1.));
#2844 = DIRECTION('',(1.,1.110223024625E-16,-0.));
#2845 = ORIENTED_EDGE('',*,*,#2846,.F.);
#2846 = EDGE_CURVE('',#2847,#2838,#2849,.T.);
#2847 = VERTEX_POINT('',#2848);
#2848 = CARTESIAN_POINT('',(36.753086106172,41.910617221234,0.));
#2849 = LINE('',#2850,#2851);
#2850 = CARTESIAN_POINT('',(36.753086106172,41.910617221234,0.));
#2851 = VECTOR('',#2852,1.);
#2852 = DIRECTION('',(0.,0.,1.));
#2853 = ORIENTED_EDGE('',*,*,#2854,.F.);
#2854 = EDGE_CURVE('',#2828,#2847,#2855,.T.);
#2855 = CIRCLE('',#2856,0.457200914402);
#2856 = AXIS2_PLACEMENT_3D('',#2857,#2858,#2859);
#2857 = CARTESIAN_POINT('',(37.210287020574,41.910617221234,0.));
#2858 = DIRECTION('',(0.,0.,1.));
#2859 = DIRECTION('',(1.,1.110223024625E-16,-0.));
#2860 = CYLINDRICAL_SURFACE('',#2861,0.457200914402);
#2861 = AXIS2_PLACEMENT_3D('',#2862,#2863,#2864);
#2862 = CARTESIAN_POINT('',(37.210287020574,41.910617221234,0.));
#2863 = DIRECTION('',(-0.,-0.,-1.));
#2864 = DIRECTION('',(1.,1.110223024625E-16,-0.));
#2865 = ADVANCED_FACE('',(#2866),#2884,.F.);
#2866 = FACE_BOUND('',#2867,.T.);
#2867 = EDGE_LOOP('',(#2868,#2869,#2876,#2877));
#2868 = ORIENTED_EDGE('',*,*,#2846,.T.);
#2869 = ORIENTED_EDGE('',*,*,#2870,.T.);
#2870 = EDGE_CURVE('',#2838,#2830,#2871,.T.);
#2871 = CIRCLE('',#2872,0.457200914402);
#2872 = AXIS2_PLACEMENT_3D('',#2873,#2874,#2875);
#2873 = CARTESIAN_POINT('',(37.210287020574,41.910617221234,    9.004318008636E-02));
#2874 = DIRECTION('',(0.,0.,1.));
#2875 = DIRECTION('',(-1.,-1.110223024625E-16,0.));
#2876 = ORIENTED_EDGE('',*,*,#2827,.F.);
#2877 = ORIENTED_EDGE('',*,*,#2878,.F.);
#2878 = EDGE_CURVE('',#2847,#2828,#2879,.T.);
#2879 = CIRCLE('',#2880,0.457200914402);
#2880 = AXIS2_PLACEMENT_3D('',#2881,#2882,#2883);
#2881 = CARTESIAN_POINT('',(37.210287020574,41.910617221234,0.));
#2882 = DIRECTION('',(0.,0.,1.));
#2883 = DIRECTION('',(-1.,-1.110223024625E-16,0.));
#2884 = CYLINDRICAL_SURFACE('',#2885,0.457200914402);
#2885 = AXIS2_PLACEMENT_3D('',#2886,#2887,#2888);
#2886 = CARTESIAN_POINT('',(37.210287020574,41.910617221234,0.));
#2887 = DIRECTION('',(-0.,-0.,-1.));
#2888 = DIRECTION('',(-1.,-1.110223024625E-16,0.));
#2889 = ADVANCED_FACE('',(#2890),#2926,.F.);
#2890 = FACE_BOUND('',#2891,.T.);
#2891 = EDGE_LOOP('',(#2892,#2902,#2911,#2919));
#2892 = ORIENTED_EDGE('',*,*,#2893,.T.);
#2893 = EDGE_CURVE('',#2894,#2896,#2898,.T.);
#2894 = VERTEX_POINT('',#2895);
#2895 = CARTESIAN_POINT('',(37.667487934976,34.290627381255,0.));
#2896 = VERTEX_POINT('',#2897);
#2897 = CARTESIAN_POINT('',(37.667487934976,34.290627381255,    9.004318008636E-02));
#2898 = LINE('',#2899,#2900);
#2899 = CARTESIAN_POINT('',(37.667487934976,34.290627381255,0.));
#2900 = VECTOR('',#2901,1.);
#2901 = DIRECTION('',(0.,0.,1.));
#2902 = ORIENTED_EDGE('',*,*,#2903,.T.);
#2903 = EDGE_CURVE('',#2896,#2904,#2906,.T.);
#2904 = VERTEX_POINT('',#2905);
#2905 = CARTESIAN_POINT('',(36.753086106172,34.290627381255,    9.004318008636E-02));
#2906 = CIRCLE('',#2907,0.457200914402);
#2907 = AXIS2_PLACEMENT_3D('',#2908,#2909,#2910);
#2908 = CARTESIAN_POINT('',(37.210287020574,34.290627381255,    9.004318008636E-02));
#2909 = DIRECTION('',(0.,0.,1.));
#2910 = DIRECTION('',(1.,1.110223024625E-16,-0.));
#2911 = ORIENTED_EDGE('',*,*,#2912,.F.);
#2912 = EDGE_CURVE('',#2913,#2904,#2915,.T.);
#2913 = VERTEX_POINT('',#2914);
#2914 = CARTESIAN_POINT('',(36.753086106172,34.290627381255,0.));
#2915 = LINE('',#2916,#2917);
#2916 = CARTESIAN_POINT('',(36.753086106172,34.290627381255,0.));
#2917 = VECTOR('',#2918,1.);
#2918 = DIRECTION('',(0.,0.,1.));
#2919 = ORIENTED_EDGE('',*,*,#2920,.F.);
#2920 = EDGE_CURVE('',#2894,#2913,#2921,.T.);
#2921 = CIRCLE('',#2922,0.457200914402);
#2922 = AXIS2_PLACEMENT_3D('',#2923,#2924,#2925);
#2923 = CARTESIAN_POINT('',(37.210287020574,34.290627381255,0.));
#2924 = DIRECTION('',(0.,0.,1.));
#2925 = DIRECTION('',(1.,1.110223024625E-16,-0.));
#2926 = CYLINDRICAL_SURFACE('',#2927,0.457200914402);
#2927 = AXIS2_PLACEMENT_3D('',#2928,#2929,#2930);
#2928 = CARTESIAN_POINT('',(37.210287020574,34.290627381255,0.));
#2929 = DIRECTION('',(-0.,-0.,-1.));
#2930 = DIRECTION('',(1.,1.110223024625E-16,-0.));
#2931 = ADVANCED_FACE('',(#2932),#2950,.F.);
#2932 = FACE_BOUND('',#2933,.T.);
#2933 = EDGE_LOOP('',(#2934,#2935,#2942,#2943));
#2934 = ORIENTED_EDGE('',*,*,#2912,.T.);
#2935 = ORIENTED_EDGE('',*,*,#2936,.T.);
#2936 = EDGE_CURVE('',#2904,#2896,#2937,.T.);
#2937 = CIRCLE('',#2938,0.457200914402);
#2938 = AXIS2_PLACEMENT_3D('',#2939,#2940,#2941);
#2939 = CARTESIAN_POINT('',(37.210287020574,34.290627381255,    9.004318008636E-02));
#2940 = DIRECTION('',(0.,0.,1.));
#2941 = DIRECTION('',(-1.,-1.110223024625E-16,0.));
#2942 = ORIENTED_EDGE('',*,*,#2893,.F.);
#2943 = ORIENTED_EDGE('',*,*,#2944,.F.);
#2944 = EDGE_CURVE('',#2913,#2894,#2945,.T.);
#2945 = CIRCLE('',#2946,0.457200914402);
#2946 = AXIS2_PLACEMENT_3D('',#2947,#2948,#2949);
#2947 = CARTESIAN_POINT('',(37.210287020574,34.290627381255,0.));
#2948 = DIRECTION('',(0.,0.,1.));
#2949 = DIRECTION('',(-1.,-1.110223024625E-16,0.));
#2950 = CYLINDRICAL_SURFACE('',#2951,0.457200914402);
#2951 = AXIS2_PLACEMENT_3D('',#2952,#2953,#2954);
#2952 = CARTESIAN_POINT('',(37.210287020574,34.290627381255,0.));
#2953 = DIRECTION('',(-0.,-0.,-1.));
#2954 = DIRECTION('',(-1.,-1.110223024625E-16,0.));
#2955 = ADVANCED_FACE('',(#2956),#2992,.F.);
#2956 = FACE_BOUND('',#2957,.T.);
#2957 = EDGE_LOOP('',(#2958,#2968,#2977,#2985));
#2958 = ORIENTED_EDGE('',*,*,#2959,.T.);
#2959 = EDGE_CURVE('',#2960,#2962,#2964,.T.);
#2960 = VERTEX_POINT('',#2961);
#2961 = CARTESIAN_POINT('',(37.667487934976,36.830632461265,0.));
#2962 = VERTEX_POINT('',#2963);
#2963 = CARTESIAN_POINT('',(37.667487934976,36.830632461265,    9.004318008636E-02));
#2964 = LINE('',#2965,#2966);
#2965 = CARTESIAN_POINT('',(37.667487934976,36.830632461265,0.));
#2966 = VECTOR('',#2967,1.);
#2967 = DIRECTION('',(0.,0.,1.));
#2968 = ORIENTED_EDGE('',*,*,#2969,.T.);
#2969 = EDGE_CURVE('',#2962,#2970,#2972,.T.);
#2970 = VERTEX_POINT('',#2971);
#2971 = CARTESIAN_POINT('',(36.753086106172,36.830632461265,    9.004318008636E-02));
#2972 = CIRCLE('',#2973,0.457200914402);
#2973 = AXIS2_PLACEMENT_3D('',#2974,#2975,#2976);
#2974 = CARTESIAN_POINT('',(37.210287020574,36.830632461265,    9.004318008636E-02));
#2975 = DIRECTION('',(0.,0.,1.));
#2976 = DIRECTION('',(1.,1.110223024625E-16,-0.));
#2977 = ORIENTED_EDGE('',*,*,#2978,.F.);
#2978 = EDGE_CURVE('',#2979,#2970,#2981,.T.);
#2979 = VERTEX_POINT('',#2980);
#2980 = CARTESIAN_POINT('',(36.753086106172,36.830632461265,0.));
#2981 = LINE('',#2982,#2983);
#2982 = CARTESIAN_POINT('',(36.753086106172,36.830632461265,0.));
#2983 = VECTOR('',#2984,1.);
#2984 = DIRECTION('',(0.,0.,1.));
#2985 = ORIENTED_EDGE('',*,*,#2986,.F.);
#2986 = EDGE_CURVE('',#2960,#2979,#2987,.T.);
#2987 = CIRCLE('',#2988,0.457200914402);
#2988 = AXIS2_PLACEMENT_3D('',#2989,#2990,#2991);
#2989 = CARTESIAN_POINT('',(37.210287020574,36.830632461265,0.));
#2990 = DIRECTION('',(0.,0.,1.));
#2991 = DIRECTION('',(1.,1.110223024625E-16,-0.));
#2992 = CYLINDRICAL_SURFACE('',#2993,0.457200914402);
#2993 = AXIS2_PLACEMENT_3D('',#2994,#2995,#2996);
#2994 = CARTESIAN_POINT('',(37.210287020574,36.830632461265,0.));
#2995 = DIRECTION('',(-0.,-0.,-1.));
#2996 = DIRECTION('',(1.,1.110223024625E-16,-0.));
#2997 = ADVANCED_FACE('',(#2998),#3016,.F.);
#2998 = FACE_BOUND('',#2999,.T.);
#2999 = EDGE_LOOP('',(#3000,#3001,#3008,#3009));
#3000 = ORIENTED_EDGE('',*,*,#2978,.T.);
#3001 = ORIENTED_EDGE('',*,*,#3002,.T.);
#3002 = EDGE_CURVE('',#2970,#2962,#3003,.T.);
#3003 = CIRCLE('',#3004,0.457200914402);
#3004 = AXIS2_PLACEMENT_3D('',#3005,#3006,#3007);
#3005 = CARTESIAN_POINT('',(37.210287020574,36.830632461265,    9.004318008636E-02));
#3006 = DIRECTION('',(0.,0.,1.));
#3007 = DIRECTION('',(-1.,-1.110223024625E-16,0.));
#3008 = ORIENTED_EDGE('',*,*,#2959,.F.);
#3009 = ORIENTED_EDGE('',*,*,#3010,.F.);
#3010 = EDGE_CURVE('',#2979,#2960,#3011,.T.);
#3011 = CIRCLE('',#3012,0.457200914402);
#3012 = AXIS2_PLACEMENT_3D('',#3013,#3014,#3015);
#3013 = CARTESIAN_POINT('',(37.210287020574,36.830632461265,0.));
#3014 = DIRECTION('',(0.,0.,1.));
#3015 = DIRECTION('',(-1.,-1.110223024625E-16,0.));
#3016 = CYLINDRICAL_SURFACE('',#3017,0.457200914402);
#3017 = AXIS2_PLACEMENT_3D('',#3018,#3019,#3020);
#3018 = CARTESIAN_POINT('',(37.210287020574,36.830632461265,0.));
#3019 = DIRECTION('',(-0.,-0.,-1.));
#3020 = DIRECTION('',(-1.,-1.110223024625E-16,0.));
#3021 = ADVANCED_FACE('',(#3022),#3058,.F.);
#3022 = FACE_BOUND('',#3023,.T.);
#3023 = EDGE_LOOP('',(#3024,#3034,#3043,#3051));
#3024 = ORIENTED_EDGE('',*,*,#3025,.T.);
#3025 = EDGE_CURVE('',#3026,#3028,#3030,.T.);
#3026 = VERTEX_POINT('',#3027);
#3027 = CARTESIAN_POINT('',(37.667487934976,29.210617221234,0.));
#3028 = VERTEX_POINT('',#3029);
#3029 = CARTESIAN_POINT('',(37.667487934976,29.210617221234,    9.004318008636E-02));
#3030 = LINE('',#3031,#3032);
#3031 = CARTESIAN_POINT('',(37.667487934976,29.210617221234,0.));
#3032 = VECTOR('',#3033,1.);
#3033 = DIRECTION('',(0.,0.,1.));
#3034 = ORIENTED_EDGE('',*,*,#3035,.T.);
#3035 = EDGE_CURVE('',#3028,#3036,#3038,.T.);
#3036 = VERTEX_POINT('',#3037);
#3037 = CARTESIAN_POINT('',(36.753086106172,29.210617221234,    9.004318008636E-02));
#3038 = CIRCLE('',#3039,0.457200914402);
#3039 = AXIS2_PLACEMENT_3D('',#3040,#3041,#3042);
#3040 = CARTESIAN_POINT('',(37.210287020574,29.210617221234,    9.004318008636E-02));
#3041 = DIRECTION('',(0.,0.,1.));
#3042 = DIRECTION('',(1.,1.110223024625E-16,-0.));
#3043 = ORIENTED_EDGE('',*,*,#3044,.F.);
#3044 = EDGE_CURVE('',#3045,#3036,#3047,.T.);
#3045 = VERTEX_POINT('',#3046);
#3046 = CARTESIAN_POINT('',(36.753086106172,29.210617221234,0.));
#3047 = LINE('',#3048,#3049);
#3048 = CARTESIAN_POINT('',(36.753086106172,29.210617221234,0.));
#3049 = VECTOR('',#3050,1.);
#3050 = DIRECTION('',(0.,0.,1.));
#3051 = ORIENTED_EDGE('',*,*,#3052,.F.);
#3052 = EDGE_CURVE('',#3026,#3045,#3053,.T.);
#3053 = CIRCLE('',#3054,0.457200914402);
#3054 = AXIS2_PLACEMENT_3D('',#3055,#3056,#3057);
#3055 = CARTESIAN_POINT('',(37.210287020574,29.210617221234,0.));
#3056 = DIRECTION('',(0.,0.,1.));
#3057 = DIRECTION('',(1.,1.110223024625E-16,-0.));
#3058 = CYLINDRICAL_SURFACE('',#3059,0.457200914402);
#3059 = AXIS2_PLACEMENT_3D('',#3060,#3061,#3062);
#3060 = CARTESIAN_POINT('',(37.210287020574,29.210617221234,0.));
#3061 = DIRECTION('',(-0.,-0.,-1.));
#3062 = DIRECTION('',(1.,1.110223024625E-16,-0.));
#3063 = ADVANCED_FACE('',(#3064),#3082,.F.);
#3064 = FACE_BOUND('',#3065,.T.);
#3065 = EDGE_LOOP('',(#3066,#3067,#3074,#3075));
#3066 = ORIENTED_EDGE('',*,*,#3044,.T.);
#3067 = ORIENTED_EDGE('',*,*,#3068,.T.);
#3068 = EDGE_CURVE('',#3036,#3028,#3069,.T.);
#3069 = CIRCLE('',#3070,0.457200914402);
#3070 = AXIS2_PLACEMENT_3D('',#3071,#3072,#3073);
#3071 = CARTESIAN_POINT('',(37.210287020574,29.210617221234,    9.004318008636E-02));
#3072 = DIRECTION('',(0.,0.,1.));
#3073 = DIRECTION('',(-1.,-1.110223024625E-16,0.));
#3074 = ORIENTED_EDGE('',*,*,#3025,.F.);
#3075 = ORIENTED_EDGE('',*,*,#3076,.F.);
#3076 = EDGE_CURVE('',#3045,#3026,#3077,.T.);
#3077 = CIRCLE('',#3078,0.457200914402);
#3078 = AXIS2_PLACEMENT_3D('',#3079,#3080,#3081);
#3079 = CARTESIAN_POINT('',(37.210287020574,29.210617221234,0.));
#3080 = DIRECTION('',(0.,0.,1.));
#3081 = DIRECTION('',(-1.,-1.110223024625E-16,0.));
#3082 = CYLINDRICAL_SURFACE('',#3083,0.457200914402);
#3083 = AXIS2_PLACEMENT_3D('',#3084,#3085,#3086);
#3084 = CARTESIAN_POINT('',(37.210287020574,29.210617221234,0.));
#3085 = DIRECTION('',(-0.,-0.,-1.));
#3086 = DIRECTION('',(-1.,-1.110223024625E-16,0.));
#3087 = ADVANCED_FACE('',(#3088),#3124,.F.);
#3088 = FACE_BOUND('',#3089,.T.);
#3089 = EDGE_LOOP('',(#3090,#3100,#3109,#3117));
#3090 = ORIENTED_EDGE('',*,*,#3091,.T.);
#3091 = EDGE_CURVE('',#3092,#3094,#3096,.T.);
#3092 = VERTEX_POINT('',#3093);
#3093 = CARTESIAN_POINT('',(37.667487934976,31.750622301245,0.));
#3094 = VERTEX_POINT('',#3095);
#3095 = CARTESIAN_POINT('',(37.667487934976,31.750622301245,    9.004318008636E-02));
#3096 = LINE('',#3097,#3098);
#3097 = CARTESIAN_POINT('',(37.667487934976,31.750622301245,0.));
#3098 = VECTOR('',#3099,1.);
#3099 = DIRECTION('',(0.,0.,1.));
#3100 = ORIENTED_EDGE('',*,*,#3101,.T.);
#3101 = EDGE_CURVE('',#3094,#3102,#3104,.T.);
#3102 = VERTEX_POINT('',#3103);
#3103 = CARTESIAN_POINT('',(36.753086106172,31.750622301245,    9.004318008636E-02));
#3104 = CIRCLE('',#3105,0.457200914402);
#3105 = AXIS2_PLACEMENT_3D('',#3106,#3107,#3108);
#3106 = CARTESIAN_POINT('',(37.210287020574,31.750622301245,    9.004318008636E-02));
#3107 = DIRECTION('',(0.,0.,1.));
#3108 = DIRECTION('',(1.,1.110223024625E-16,-0.));
#3109 = ORIENTED_EDGE('',*,*,#3110,.F.);
#3110 = EDGE_CURVE('',#3111,#3102,#3113,.T.);
#3111 = VERTEX_POINT('',#3112);
#3112 = CARTESIAN_POINT('',(36.753086106172,31.750622301245,0.));
#3113 = LINE('',#3114,#3115);
#3114 = CARTESIAN_POINT('',(36.753086106172,31.750622301245,0.));
#3115 = VECTOR('',#3116,1.);
#3116 = DIRECTION('',(0.,0.,1.));
#3117 = ORIENTED_EDGE('',*,*,#3118,.F.);
#3118 = EDGE_CURVE('',#3092,#3111,#3119,.T.);
#3119 = CIRCLE('',#3120,0.457200914402);
#3120 = AXIS2_PLACEMENT_3D('',#3121,#3122,#3123);
#3121 = CARTESIAN_POINT('',(37.210287020574,31.750622301245,0.));
#3122 = DIRECTION('',(0.,0.,1.));
#3123 = DIRECTION('',(1.,1.110223024625E-16,-0.));
#3124 = CYLINDRICAL_SURFACE('',#3125,0.457200914402);
#3125 = AXIS2_PLACEMENT_3D('',#3126,#3127,#3128);
#3126 = CARTESIAN_POINT('',(37.210287020574,31.750622301245,0.));
#3127 = DIRECTION('',(-0.,-0.,-1.));
#3128 = DIRECTION('',(1.,1.110223024625E-16,-0.));
#3129 = ADVANCED_FACE('',(#3130),#3148,.F.);
#3130 = FACE_BOUND('',#3131,.T.);
#3131 = EDGE_LOOP('',(#3132,#3133,#3140,#3141));
#3132 = ORIENTED_EDGE('',*,*,#3110,.T.);
#3133 = ORIENTED_EDGE('',*,*,#3134,.T.);
#3134 = EDGE_CURVE('',#3102,#3094,#3135,.T.);
#3135 = CIRCLE('',#3136,0.457200914402);
#3136 = AXIS2_PLACEMENT_3D('',#3137,#3138,#3139);
#3137 = CARTESIAN_POINT('',(37.210287020574,31.750622301245,    9.004318008636E-02));
#3138 = DIRECTION('',(0.,0.,1.));
#3139 = DIRECTION('',(-1.,-1.110223024625E-16,0.));
#3140 = ORIENTED_EDGE('',*,*,#3091,.F.);
#3141 = ORIENTED_EDGE('',*,*,#3142,.F.);
#3142 = EDGE_CURVE('',#3111,#3092,#3143,.T.);
#3143 = CIRCLE('',#3144,0.457200914402);
#3144 = AXIS2_PLACEMENT_3D('',#3145,#3146,#3147);
#3145 = CARTESIAN_POINT('',(37.210287020574,31.750622301245,0.));
#3146 = DIRECTION('',(0.,0.,1.));
#3147 = DIRECTION('',(-1.,-1.110223024625E-16,0.));
#3148 = CYLINDRICAL_SURFACE('',#3149,0.457200914402);
#3149 = AXIS2_PLACEMENT_3D('',#3150,#3151,#3152);
#3150 = CARTESIAN_POINT('',(37.210287020574,31.750622301245,0.));
#3151 = DIRECTION('',(-0.,-0.,-1.));
#3152 = DIRECTION('',(-1.,-1.110223024625E-16,0.));
#3153 = ADVANCED_FACE('',(#3154),#3190,.F.);
#3154 = FACE_BOUND('',#3155,.T.);
#3155 = EDGE_LOOP('',(#3156,#3166,#3175,#3183));
#3156 = ORIENTED_EDGE('',*,*,#3157,.T.);
#3157 = EDGE_CURVE('',#3158,#3160,#3162,.T.);
#3158 = VERTEX_POINT('',#3159);
#3159 = CARTESIAN_POINT('',(37.667487934976,19.050622301245,0.));
#3160 = VERTEX_POINT('',#3161);
#3161 = CARTESIAN_POINT('',(37.667487934976,19.050622301245,    9.004318008636E-02));
#3162 = LINE('',#3163,#3164);
#3163 = CARTESIAN_POINT('',(37.667487934976,19.050622301245,0.));
#3164 = VECTOR('',#3165,1.);
#3165 = DIRECTION('',(0.,0.,1.));
#3166 = ORIENTED_EDGE('',*,*,#3167,.T.);
#3167 = EDGE_CURVE('',#3160,#3168,#3170,.T.);
#3168 = VERTEX_POINT('',#3169);
#3169 = CARTESIAN_POINT('',(36.753086106172,19.050622301245,    9.004318008636E-02));
#3170 = CIRCLE('',#3171,0.457200914402);
#3171 = AXIS2_PLACEMENT_3D('',#3172,#3173,#3174);
#3172 = CARTESIAN_POINT('',(37.210287020574,19.050622301245,    9.004318008636E-02));
#3173 = DIRECTION('',(0.,0.,1.));
#3174 = DIRECTION('',(1.,1.110223024625E-16,-0.));
#3175 = ORIENTED_EDGE('',*,*,#3176,.F.);
#3176 = EDGE_CURVE('',#3177,#3168,#3179,.T.);
#3177 = VERTEX_POINT('',#3178);
#3178 = CARTESIAN_POINT('',(36.753086106172,19.050622301245,0.));
#3179 = LINE('',#3180,#3181);
#3180 = CARTESIAN_POINT('',(36.753086106172,19.050622301245,0.));
#3181 = VECTOR('',#3182,1.);
#3182 = DIRECTION('',(0.,0.,1.));
#3183 = ORIENTED_EDGE('',*,*,#3184,.F.);
#3184 = EDGE_CURVE('',#3158,#3177,#3185,.T.);
#3185 = CIRCLE('',#3186,0.457200914402);
#3186 = AXIS2_PLACEMENT_3D('',#3187,#3188,#3189);
#3187 = CARTESIAN_POINT('',(37.210287020574,19.050622301245,0.));
#3188 = DIRECTION('',(0.,0.,1.));
#3189 = DIRECTION('',(1.,1.110223024625E-16,-0.));
#3190 = CYLINDRICAL_SURFACE('',#3191,0.457200914402);
#3191 = AXIS2_PLACEMENT_3D('',#3192,#3193,#3194);
#3192 = CARTESIAN_POINT('',(37.210287020574,19.050622301245,0.));
#3193 = DIRECTION('',(-0.,-0.,-1.));
#3194 = DIRECTION('',(1.,1.110223024625E-16,-0.));
#3195 = ADVANCED_FACE('',(#3196),#3214,.F.);
#3196 = FACE_BOUND('',#3197,.T.);
#3197 = EDGE_LOOP('',(#3198,#3199,#3206,#3207));
#3198 = ORIENTED_EDGE('',*,*,#3176,.T.);
#3199 = ORIENTED_EDGE('',*,*,#3200,.T.);
#3200 = EDGE_CURVE('',#3168,#3160,#3201,.T.);
#3201 = CIRCLE('',#3202,0.457200914402);
#3202 = AXIS2_PLACEMENT_3D('',#3203,#3204,#3205);
#3203 = CARTESIAN_POINT('',(37.210287020574,19.050622301245,    9.004318008636E-02));
#3204 = DIRECTION('',(0.,0.,1.));
#3205 = DIRECTION('',(-1.,-1.110223024625E-16,0.));
#3206 = ORIENTED_EDGE('',*,*,#3157,.F.);
#3207 = ORIENTED_EDGE('',*,*,#3208,.F.);
#3208 = EDGE_CURVE('',#3177,#3158,#3209,.T.);
#3209 = CIRCLE('',#3210,0.457200914402);
#3210 = AXIS2_PLACEMENT_3D('',#3211,#3212,#3213);
#3211 = CARTESIAN_POINT('',(37.210287020574,19.050622301245,0.));
#3212 = DIRECTION('',(0.,0.,1.));
#3213 = DIRECTION('',(-1.,-1.110223024625E-16,0.));
#3214 = CYLINDRICAL_SURFACE('',#3215,0.457200914402);
#3215 = AXIS2_PLACEMENT_3D('',#3216,#3217,#3218);
#3216 = CARTESIAN_POINT('',(37.210287020574,19.050622301245,0.));
#3217 = DIRECTION('',(-0.,-0.,-1.));
#3218 = DIRECTION('',(-1.,-1.110223024625E-16,0.));
#3219 = ADVANCED_FACE('',(#3220),#3256,.F.);
#3220 = FACE_BOUND('',#3221,.T.);
#3221 = EDGE_LOOP('',(#3222,#3232,#3241,#3249));
#3222 = ORIENTED_EDGE('',*,*,#3223,.T.);
#3223 = EDGE_CURVE('',#3224,#3226,#3228,.T.);
#3224 = VERTEX_POINT('',#3225);
#3225 = CARTESIAN_POINT('',(37.667487934976,21.590627381255,0.));
#3226 = VERTEX_POINT('',#3227);
#3227 = CARTESIAN_POINT('',(37.667487934976,21.590627381255,    9.004318008636E-02));
#3228 = LINE('',#3229,#3230);
#3229 = CARTESIAN_POINT('',(37.667487934976,21.590627381255,0.));
#3230 = VECTOR('',#3231,1.);
#3231 = DIRECTION('',(0.,0.,1.));
#3232 = ORIENTED_EDGE('',*,*,#3233,.T.);
#3233 = EDGE_CURVE('',#3226,#3234,#3236,.T.);
#3234 = VERTEX_POINT('',#3235);
#3235 = CARTESIAN_POINT('',(36.753086106172,21.590627381255,    9.004318008636E-02));
#3236 = CIRCLE('',#3237,0.457200914402);
#3237 = AXIS2_PLACEMENT_3D('',#3238,#3239,#3240);
#3238 = CARTESIAN_POINT('',(37.210287020574,21.590627381255,    9.004318008636E-02));
#3239 = DIRECTION('',(0.,0.,1.));
#3240 = DIRECTION('',(1.,1.110223024625E-16,-0.));
#3241 = ORIENTED_EDGE('',*,*,#3242,.F.);
#3242 = EDGE_CURVE('',#3243,#3234,#3245,.T.);
#3243 = VERTEX_POINT('',#3244);
#3244 = CARTESIAN_POINT('',(36.753086106172,21.590627381255,0.));
#3245 = LINE('',#3246,#3247);
#3246 = CARTESIAN_POINT('',(36.753086106172,21.590627381255,0.));
#3247 = VECTOR('',#3248,1.);
#3248 = DIRECTION('',(0.,0.,1.));
#3249 = ORIENTED_EDGE('',*,*,#3250,.F.);
#3250 = EDGE_CURVE('',#3224,#3243,#3251,.T.);
#3251 = CIRCLE('',#3252,0.457200914402);
#3252 = AXIS2_PLACEMENT_3D('',#3253,#3254,#3255);
#3253 = CARTESIAN_POINT('',(37.210287020574,21.590627381255,0.));
#3254 = DIRECTION('',(0.,0.,1.));
#3255 = DIRECTION('',(1.,1.110223024625E-16,-0.));
#3256 = CYLINDRICAL_SURFACE('',#3257,0.457200914402);
#3257 = AXIS2_PLACEMENT_3D('',#3258,#3259,#3260);
#3258 = CARTESIAN_POINT('',(37.210287020574,21.590627381255,0.));
#3259 = DIRECTION('',(-0.,-0.,-1.));
#3260 = DIRECTION('',(1.,1.110223024625E-16,-0.));
#3261 = ADVANCED_FACE('',(#3262),#3280,.F.);
#3262 = FACE_BOUND('',#3263,.T.);
#3263 = EDGE_LOOP('',(#3264,#3265,#3272,#3273));
#3264 = ORIENTED_EDGE('',*,*,#3242,.T.);
#3265 = ORIENTED_EDGE('',*,*,#3266,.T.);
#3266 = EDGE_CURVE('',#3234,#3226,#3267,.T.);
#3267 = CIRCLE('',#3268,0.457200914402);
#3268 = AXIS2_PLACEMENT_3D('',#3269,#3270,#3271);
#3269 = CARTESIAN_POINT('',(37.210287020574,21.590627381255,    9.004318008636E-02));
#3270 = DIRECTION('',(0.,0.,1.));
#3271 = DIRECTION('',(-1.,-1.110223024625E-16,0.));
#3272 = ORIENTED_EDGE('',*,*,#3223,.F.);
#3273 = ORIENTED_EDGE('',*,*,#3274,.F.);
#3274 = EDGE_CURVE('',#3243,#3224,#3275,.T.);
#3275 = CIRCLE('',#3276,0.457200914402);
#3276 = AXIS2_PLACEMENT_3D('',#3277,#3278,#3279);
#3277 = CARTESIAN_POINT('',(37.210287020574,21.590627381255,0.));
#3278 = DIRECTION('',(0.,0.,1.));
#3279 = DIRECTION('',(-1.,-1.110223024625E-16,0.));
#3280 = CYLINDRICAL_SURFACE('',#3281,0.457200914402);
#3281 = AXIS2_PLACEMENT_3D('',#3282,#3283,#3284);
#3282 = CARTESIAN_POINT('',(37.210287020574,21.590627381255,0.));
#3283 = DIRECTION('',(-0.,-0.,-1.));
#3284 = DIRECTION('',(-1.,-1.110223024625E-16,0.));
#3285 = ADVANCED_FACE('',(#3286),#3322,.F.);
#3286 = FACE_BOUND('',#3287,.T.);
#3287 = EDGE_LOOP('',(#3288,#3298,#3307,#3315));
#3288 = ORIENTED_EDGE('',*,*,#3289,.T.);
#3289 = EDGE_CURVE('',#3290,#3292,#3294,.T.);
#3290 = VERTEX_POINT('',#3291);
#3291 = CARTESIAN_POINT('',(37.667487934976,24.130632461265,0.));
#3292 = VERTEX_POINT('',#3293);
#3293 = CARTESIAN_POINT('',(37.667487934976,24.130632461265,    9.004318008636E-02));
#3294 = LINE('',#3295,#3296);
#3295 = CARTESIAN_POINT('',(37.667487934976,24.130632461265,0.));
#3296 = VECTOR('',#3297,1.);
#3297 = DIRECTION('',(0.,0.,1.));
#3298 = ORIENTED_EDGE('',*,*,#3299,.T.);
#3299 = EDGE_CURVE('',#3292,#3300,#3302,.T.);
#3300 = VERTEX_POINT('',#3301);
#3301 = CARTESIAN_POINT('',(36.753086106172,24.130632461265,    9.004318008636E-02));
#3302 = CIRCLE('',#3303,0.457200914402);
#3303 = AXIS2_PLACEMENT_3D('',#3304,#3305,#3306);
#3304 = CARTESIAN_POINT('',(37.210287020574,24.130632461265,    9.004318008636E-02));
#3305 = DIRECTION('',(0.,0.,1.));
#3306 = DIRECTION('',(1.,1.110223024625E-16,-0.));
#3307 = ORIENTED_EDGE('',*,*,#3308,.F.);
#3308 = EDGE_CURVE('',#3309,#3300,#3311,.T.);
#3309 = VERTEX_POINT('',#3310);
#3310 = CARTESIAN_POINT('',(36.753086106172,24.130632461265,0.));
#3311 = LINE('',#3312,#3313);
#3312 = CARTESIAN_POINT('',(36.753086106172,24.130632461265,0.));
#3313 = VECTOR('',#3314,1.);
#3314 = DIRECTION('',(0.,0.,1.));
#3315 = ORIENTED_EDGE('',*,*,#3316,.F.);
#3316 = EDGE_CURVE('',#3290,#3309,#3317,.T.);
#3317 = CIRCLE('',#3318,0.457200914402);
#3318 = AXIS2_PLACEMENT_3D('',#3319,#3320,#3321);
#3319 = CARTESIAN_POINT('',(37.210287020574,24.130632461265,0.));
#3320 = DIRECTION('',(0.,0.,1.));
#3321 = DIRECTION('',(1.,1.110223024625E-16,-0.));
#3322 = CYLINDRICAL_SURFACE('',#3323,0.457200914402);
#3323 = AXIS2_PLACEMENT_3D('',#3324,#3325,#3326);
#3324 = CARTESIAN_POINT('',(37.210287020574,24.130632461265,0.));
#3325 = DIRECTION('',(-0.,-0.,-1.));
#3326 = DIRECTION('',(1.,1.110223024625E-16,-0.));
#3327 = ADVANCED_FACE('',(#3328),#3346,.F.);
#3328 = FACE_BOUND('',#3329,.T.);
#3329 = EDGE_LOOP('',(#3330,#3331,#3338,#3339));
#3330 = ORIENTED_EDGE('',*,*,#3308,.T.);
#3331 = ORIENTED_EDGE('',*,*,#3332,.T.);
#3332 = EDGE_CURVE('',#3300,#3292,#3333,.T.);
#3333 = CIRCLE('',#3334,0.457200914402);
#3334 = AXIS2_PLACEMENT_3D('',#3335,#3336,#3337);
#3335 = CARTESIAN_POINT('',(37.210287020574,24.130632461265,    9.004318008636E-02));
#3336 = DIRECTION('',(0.,0.,1.));
#3337 = DIRECTION('',(-1.,-1.110223024625E-16,0.));
#3338 = ORIENTED_EDGE('',*,*,#3289,.F.);
#3339 = ORIENTED_EDGE('',*,*,#3340,.F.);
#3340 = EDGE_CURVE('',#3309,#3290,#3341,.T.);
#3341 = CIRCLE('',#3342,0.457200914402);
#3342 = AXIS2_PLACEMENT_3D('',#3343,#3344,#3345);
#3343 = CARTESIAN_POINT('',(37.210287020574,24.130632461265,0.));
#3344 = DIRECTION('',(0.,0.,1.));
#3345 = DIRECTION('',(-1.,-1.110223024625E-16,0.));
#3346 = CYLINDRICAL_SURFACE('',#3347,0.457200914402);
#3347 = AXIS2_PLACEMENT_3D('',#3348,#3349,#3350);
#3348 = CARTESIAN_POINT('',(37.210287020574,24.130632461265,0.));
#3349 = DIRECTION('',(-0.,-0.,-1.));
#3350 = DIRECTION('',(-1.,-1.110223024625E-16,0.));
#3351 = ADVANCED_FACE('',(#3352),#3388,.F.);
#3352 = FACE_BOUND('',#3353,.T.);
#3353 = EDGE_LOOP('',(#3354,#3364,#3373,#3381));
#3354 = ORIENTED_EDGE('',*,*,#3355,.T.);
#3355 = EDGE_CURVE('',#3356,#3358,#3360,.T.);
#3356 = VERTEX_POINT('',#3357);
#3357 = CARTESIAN_POINT('',(37.667487934976,26.670612141224,0.));
#3358 = VERTEX_POINT('',#3359);
#3359 = CARTESIAN_POINT('',(37.667487934976,26.670612141224,    9.004318008636E-02));
#3360 = LINE('',#3361,#3362);
#3361 = CARTESIAN_POINT('',(37.667487934976,26.670612141224,0.));
#3362 = VECTOR('',#3363,1.);
#3363 = DIRECTION('',(0.,0.,1.));
#3364 = ORIENTED_EDGE('',*,*,#3365,.T.);
#3365 = EDGE_CURVE('',#3358,#3366,#3368,.T.);
#3366 = VERTEX_POINT('',#3367);
#3367 = CARTESIAN_POINT('',(36.753086106172,26.670612141224,    9.004318008636E-02));
#3368 = CIRCLE('',#3369,0.457200914402);
#3369 = AXIS2_PLACEMENT_3D('',#3370,#3371,#3372);
#3370 = CARTESIAN_POINT('',(37.210287020574,26.670612141224,    9.004318008636E-02));
#3371 = DIRECTION('',(0.,0.,1.));
#3372 = DIRECTION('',(1.,1.110223024625E-16,-0.));
#3373 = ORIENTED_EDGE('',*,*,#3374,.F.);
#3374 = EDGE_CURVE('',#3375,#3366,#3377,.T.);
#3375 = VERTEX_POINT('',#3376);
#3376 = CARTESIAN_POINT('',(36.753086106172,26.670612141224,0.));
#3377 = LINE('',#3378,#3379);
#3378 = CARTESIAN_POINT('',(36.753086106172,26.670612141224,0.));
#3379 = VECTOR('',#3380,1.);
#3380 = DIRECTION('',(0.,0.,1.));
#3381 = ORIENTED_EDGE('',*,*,#3382,.F.);
#3382 = EDGE_CURVE('',#3356,#3375,#3383,.T.);
#3383 = CIRCLE('',#3384,0.457200914402);
#3384 = AXIS2_PLACEMENT_3D('',#3385,#3386,#3387);
#3385 = CARTESIAN_POINT('',(37.210287020574,26.670612141224,0.));
#3386 = DIRECTION('',(0.,0.,1.));
#3387 = DIRECTION('',(1.,1.110223024625E-16,-0.));
#3388 = CYLINDRICAL_SURFACE('',#3389,0.457200914402);
#3389 = AXIS2_PLACEMENT_3D('',#3390,#3391,#3392);
#3390 = CARTESIAN_POINT('',(37.210287020574,26.670612141224,0.));
#3391 = DIRECTION('',(-0.,-0.,-1.));
#3392 = DIRECTION('',(1.,1.110223024625E-16,-0.));
#3393 = ADVANCED_FACE('',(#3394),#3412,.F.);
#3394 = FACE_BOUND('',#3395,.T.);
#3395 = EDGE_LOOP('',(#3396,#3397,#3404,#3405));
#3396 = ORIENTED_EDGE('',*,*,#3374,.T.);
#3397 = ORIENTED_EDGE('',*,*,#3398,.T.);
#3398 = EDGE_CURVE('',#3366,#3358,#3399,.T.);
#3399 = CIRCLE('',#3400,0.457200914402);
#3400 = AXIS2_PLACEMENT_3D('',#3401,#3402,#3403);
#3401 = CARTESIAN_POINT('',(37.210287020574,26.670612141224,    9.004318008636E-02));
#3402 = DIRECTION('',(0.,0.,1.));
#3403 = DIRECTION('',(-1.,-1.110223024625E-16,0.));
#3404 = ORIENTED_EDGE('',*,*,#3355,.F.);
#3405 = ORIENTED_EDGE('',*,*,#3406,.F.);
#3406 = EDGE_CURVE('',#3375,#3356,#3407,.T.);
#3407 = CIRCLE('',#3408,0.457200914402);
#3408 = AXIS2_PLACEMENT_3D('',#3409,#3410,#3411);
#3409 = CARTESIAN_POINT('',(37.210287020574,26.670612141224,0.));
#3410 = DIRECTION('',(0.,0.,1.));
#3411 = DIRECTION('',(-1.,-1.110223024625E-16,0.));
#3412 = CYLINDRICAL_SURFACE('',#3413,0.457200914402);
#3413 = AXIS2_PLACEMENT_3D('',#3414,#3415,#3416);
#3414 = CARTESIAN_POINT('',(37.210287020574,26.670612141224,0.));
#3415 = DIRECTION('',(-0.,-0.,-1.));
#3416 = DIRECTION('',(-1.,-1.110223024625E-16,0.));
#3417 = ADVANCED_FACE('',(#3418),#3454,.F.);
#3418 = FACE_BOUND('',#3419,.T.);
#3419 = EDGE_LOOP('',(#3420,#3430,#3439,#3447));
#3420 = ORIENTED_EDGE('',*,*,#3421,.T.);
#3421 = EDGE_CURVE('',#3422,#3424,#3426,.T.);
#3422 = VERTEX_POINT('',#3423);
#3423 = CARTESIAN_POINT('',(37.667487934976,57.150622301245,0.));
#3424 = VERTEX_POINT('',#3425);
#3425 = CARTESIAN_POINT('',(37.667487934976,57.150622301245,    9.004318008636E-02));
#3426 = LINE('',#3427,#3428);
#3427 = CARTESIAN_POINT('',(37.667487934976,57.150622301245,0.));
#3428 = VECTOR('',#3429,1.);
#3429 = DIRECTION('',(0.,0.,1.));
#3430 = ORIENTED_EDGE('',*,*,#3431,.T.);
#3431 = EDGE_CURVE('',#3424,#3432,#3434,.T.);
#3432 = VERTEX_POINT('',#3433);
#3433 = CARTESIAN_POINT('',(36.753086106172,57.150622301245,    9.004318008636E-02));
#3434 = CIRCLE('',#3435,0.457200914402);
#3435 = AXIS2_PLACEMENT_3D('',#3436,#3437,#3438);
#3436 = CARTESIAN_POINT('',(37.210287020574,57.150622301245,    9.004318008636E-02));
#3437 = DIRECTION('',(0.,0.,1.));
#3438 = DIRECTION('',(1.,1.110223024625E-16,-0.));
#3439 = ORIENTED_EDGE('',*,*,#3440,.F.);
#3440 = EDGE_CURVE('',#3441,#3432,#3443,.T.);
#3441 = VERTEX_POINT('',#3442);
#3442 = CARTESIAN_POINT('',(36.753086106172,57.150622301245,0.));
#3443 = LINE('',#3444,#3445);
#3444 = CARTESIAN_POINT('',(36.753086106172,57.150622301245,0.));
#3445 = VECTOR('',#3446,1.);
#3446 = DIRECTION('',(0.,0.,1.));
#3447 = ORIENTED_EDGE('',*,*,#3448,.F.);
#3448 = EDGE_CURVE('',#3422,#3441,#3449,.T.);
#3449 = CIRCLE('',#3450,0.457200914402);
#3450 = AXIS2_PLACEMENT_3D('',#3451,#3452,#3453);
#3451 = CARTESIAN_POINT('',(37.210287020574,57.150622301245,0.));
#3452 = DIRECTION('',(0.,0.,1.));
#3453 = DIRECTION('',(1.,1.110223024625E-16,-0.));
#3454 = CYLINDRICAL_SURFACE('',#3455,0.457200914402);
#3455 = AXIS2_PLACEMENT_3D('',#3456,#3457,#3458);
#3456 = CARTESIAN_POINT('',(37.210287020574,57.150622301245,0.));
#3457 = DIRECTION('',(-0.,-0.,-1.));
#3458 = DIRECTION('',(1.,1.110223024625E-16,-0.));
#3459 = ADVANCED_FACE('',(#3460),#3478,.F.);
#3460 = FACE_BOUND('',#3461,.T.);
#3461 = EDGE_LOOP('',(#3462,#3463,#3470,#3471));
#3462 = ORIENTED_EDGE('',*,*,#3440,.T.);
#3463 = ORIENTED_EDGE('',*,*,#3464,.T.);
#3464 = EDGE_CURVE('',#3432,#3424,#3465,.T.);
#3465 = CIRCLE('',#3466,0.457200914402);
#3466 = AXIS2_PLACEMENT_3D('',#3467,#3468,#3469);
#3467 = CARTESIAN_POINT('',(37.210287020574,57.150622301245,    9.004318008636E-02));
#3468 = DIRECTION('',(0.,0.,1.));
#3469 = DIRECTION('',(-1.,-1.110223024625E-16,0.));
#3470 = ORIENTED_EDGE('',*,*,#3421,.F.);
#3471 = ORIENTED_EDGE('',*,*,#3472,.F.);
#3472 = EDGE_CURVE('',#3441,#3422,#3473,.T.);
#3473 = CIRCLE('',#3474,0.457200914402);
#3474 = AXIS2_PLACEMENT_3D('',#3475,#3476,#3477);
#3475 = CARTESIAN_POINT('',(37.210287020574,57.150622301245,0.));
#3476 = DIRECTION('',(0.,0.,1.));
#3477 = DIRECTION('',(-1.,-1.110223024625E-16,0.));
#3478 = CYLINDRICAL_SURFACE('',#3479,0.457200914402);
#3479 = AXIS2_PLACEMENT_3D('',#3480,#3481,#3482);
#3480 = CARTESIAN_POINT('',(37.210287020574,57.150622301245,0.));
#3481 = DIRECTION('',(-0.,-0.,-1.));
#3482 = DIRECTION('',(-1.,-1.110223024625E-16,0.));
#3483 = ADVANCED_FACE('',(#3484),#3520,.F.);
#3484 = FACE_BOUND('',#3485,.T.);
#3485 = EDGE_LOOP('',(#3486,#3496,#3505,#3513));
#3486 = ORIENTED_EDGE('',*,*,#3487,.T.);
#3487 = EDGE_CURVE('',#3488,#3490,#3492,.T.);
#3488 = VERTEX_POINT('',#3489);
#3489 = CARTESIAN_POINT('',(37.667487934976,52.070612141224,0.));
#3490 = VERTEX_POINT('',#3491);
#3491 = CARTESIAN_POINT('',(37.667487934976,52.070612141224,    9.004318008636E-02));
#3492 = LINE('',#3493,#3494);
#3493 = CARTESIAN_POINT('',(37.667487934976,52.070612141224,0.));
#3494 = VECTOR('',#3495,1.);
#3495 = DIRECTION('',(0.,0.,1.));
#3496 = ORIENTED_EDGE('',*,*,#3497,.T.);
#3497 = EDGE_CURVE('',#3490,#3498,#3500,.T.);
#3498 = VERTEX_POINT('',#3499);
#3499 = CARTESIAN_POINT('',(36.753086106172,52.070612141224,    9.004318008636E-02));
#3500 = CIRCLE('',#3501,0.457200914402);
#3501 = AXIS2_PLACEMENT_3D('',#3502,#3503,#3504);
#3502 = CARTESIAN_POINT('',(37.210287020574,52.070612141224,    9.004318008636E-02));
#3503 = DIRECTION('',(0.,0.,1.));
#3504 = DIRECTION('',(1.,1.110223024625E-16,-0.));
#3505 = ORIENTED_EDGE('',*,*,#3506,.F.);
#3506 = EDGE_CURVE('',#3507,#3498,#3509,.T.);
#3507 = VERTEX_POINT('',#3508);
#3508 = CARTESIAN_POINT('',(36.753086106172,52.070612141224,0.));
#3509 = LINE('',#3510,#3511);
#3510 = CARTESIAN_POINT('',(36.753086106172,52.070612141224,0.));
#3511 = VECTOR('',#3512,1.);
#3512 = DIRECTION('',(0.,0.,1.));
#3513 = ORIENTED_EDGE('',*,*,#3514,.F.);
#3514 = EDGE_CURVE('',#3488,#3507,#3515,.T.);
#3515 = CIRCLE('',#3516,0.457200914402);
#3516 = AXIS2_PLACEMENT_3D('',#3517,#3518,#3519);
#3517 = CARTESIAN_POINT('',(37.210287020574,52.070612141224,0.));
#3518 = DIRECTION('',(0.,0.,1.));
#3519 = DIRECTION('',(1.,1.110223024625E-16,-0.));
#3520 = CYLINDRICAL_SURFACE('',#3521,0.457200914402);
#3521 = AXIS2_PLACEMENT_3D('',#3522,#3523,#3524);
#3522 = CARTESIAN_POINT('',(37.210287020574,52.070612141224,0.));
#3523 = DIRECTION('',(-0.,-0.,-1.));
#3524 = DIRECTION('',(1.,1.110223024625E-16,-0.));
#3525 = ADVANCED_FACE('',(#3526),#3544,.F.);
#3526 = FACE_BOUND('',#3527,.T.);
#3527 = EDGE_LOOP('',(#3528,#3529,#3536,#3537));
#3528 = ORIENTED_EDGE('',*,*,#3506,.T.);
#3529 = ORIENTED_EDGE('',*,*,#3530,.T.);
#3530 = EDGE_CURVE('',#3498,#3490,#3531,.T.);
#3531 = CIRCLE('',#3532,0.457200914402);
#3532 = AXIS2_PLACEMENT_3D('',#3533,#3534,#3535);
#3533 = CARTESIAN_POINT('',(37.210287020574,52.070612141224,    9.004318008636E-02));
#3534 = DIRECTION('',(0.,0.,1.));
#3535 = DIRECTION('',(-1.,-1.110223024625E-16,0.));
#3536 = ORIENTED_EDGE('',*,*,#3487,.F.);
#3537 = ORIENTED_EDGE('',*,*,#3538,.F.);
#3538 = EDGE_CURVE('',#3507,#3488,#3539,.T.);
#3539 = CIRCLE('',#3540,0.457200914402);
#3540 = AXIS2_PLACEMENT_3D('',#3541,#3542,#3543);
#3541 = CARTESIAN_POINT('',(37.210287020574,52.070612141224,0.));
#3542 = DIRECTION('',(0.,0.,1.));
#3543 = DIRECTION('',(-1.,-1.110223024625E-16,0.));
#3544 = CYLINDRICAL_SURFACE('',#3545,0.457200914402);
#3545 = AXIS2_PLACEMENT_3D('',#3546,#3547,#3548);
#3546 = CARTESIAN_POINT('',(37.210287020574,52.070612141224,0.));
#3547 = DIRECTION('',(-0.,-0.,-1.));
#3548 = DIRECTION('',(-1.,-1.110223024625E-16,0.));
#3549 = ADVANCED_FACE('',(#3550),#3586,.F.);
#3550 = FACE_BOUND('',#3551,.T.);
#3551 = EDGE_LOOP('',(#3552,#3562,#3571,#3579));
#3552 = ORIENTED_EDGE('',*,*,#3553,.T.);
#3553 = EDGE_CURVE('',#3554,#3556,#3558,.T.);
#3554 = VERTEX_POINT('',#3555);
#3555 = CARTESIAN_POINT('',(37.667487934976,54.610617221234,0.));
#3556 = VERTEX_POINT('',#3557);
#3557 = CARTESIAN_POINT('',(37.667487934976,54.610617221234,    9.004318008636E-02));
#3558 = LINE('',#3559,#3560);
#3559 = CARTESIAN_POINT('',(37.667487934976,54.610617221234,0.));
#3560 = VECTOR('',#3561,1.);
#3561 = DIRECTION('',(0.,0.,1.));
#3562 = ORIENTED_EDGE('',*,*,#3563,.T.);
#3563 = EDGE_CURVE('',#3556,#3564,#3566,.T.);
#3564 = VERTEX_POINT('',#3565);
#3565 = CARTESIAN_POINT('',(36.753086106172,54.610617221234,    9.004318008636E-02));
#3566 = CIRCLE('',#3567,0.457200914402);
#3567 = AXIS2_PLACEMENT_3D('',#3568,#3569,#3570);
#3568 = CARTESIAN_POINT('',(37.210287020574,54.610617221234,    9.004318008636E-02));
#3569 = DIRECTION('',(0.,0.,1.));
#3570 = DIRECTION('',(1.,1.110223024625E-16,-0.));
#3571 = ORIENTED_EDGE('',*,*,#3572,.F.);
#3572 = EDGE_CURVE('',#3573,#3564,#3575,.T.);
#3573 = VERTEX_POINT('',#3574);
#3574 = CARTESIAN_POINT('',(36.753086106172,54.610617221234,0.));
#3575 = LINE('',#3576,#3577);
#3576 = CARTESIAN_POINT('',(36.753086106172,54.610617221234,0.));
#3577 = VECTOR('',#3578,1.);
#3578 = DIRECTION('',(0.,0.,1.));
#3579 = ORIENTED_EDGE('',*,*,#3580,.F.);
#3580 = EDGE_CURVE('',#3554,#3573,#3581,.T.);
#3581 = CIRCLE('',#3582,0.457200914402);
#3582 = AXIS2_PLACEMENT_3D('',#3583,#3584,#3585);
#3583 = CARTESIAN_POINT('',(37.210287020574,54.610617221234,0.));
#3584 = DIRECTION('',(0.,0.,1.));
#3585 = DIRECTION('',(1.,1.110223024625E-16,-0.));
#3586 = CYLINDRICAL_SURFACE('',#3587,0.457200914402);
#3587 = AXIS2_PLACEMENT_3D('',#3588,#3589,#3590);
#3588 = CARTESIAN_POINT('',(37.210287020574,54.610617221234,0.));
#3589 = DIRECTION('',(-0.,-0.,-1.));
#3590 = DIRECTION('',(1.,1.110223024625E-16,-0.));
#3591 = ADVANCED_FACE('',(#3592),#3610,.F.);
#3592 = FACE_BOUND('',#3593,.T.);
#3593 = EDGE_LOOP('',(#3594,#3595,#3602,#3603));
#3594 = ORIENTED_EDGE('',*,*,#3572,.T.);
#3595 = ORIENTED_EDGE('',*,*,#3596,.T.);
#3596 = EDGE_CURVE('',#3564,#3556,#3597,.T.);
#3597 = CIRCLE('',#3598,0.457200914402);
#3598 = AXIS2_PLACEMENT_3D('',#3599,#3600,#3601);
#3599 = CARTESIAN_POINT('',(37.210287020574,54.610617221234,    9.004318008636E-02));
#3600 = DIRECTION('',(0.,0.,1.));
#3601 = DIRECTION('',(-1.,-1.110223024625E-16,0.));
#3602 = ORIENTED_EDGE('',*,*,#3553,.F.);
#3603 = ORIENTED_EDGE('',*,*,#3604,.F.);
#3604 = EDGE_CURVE('',#3573,#3554,#3605,.T.);
#3605 = CIRCLE('',#3606,0.457200914402);
#3606 = AXIS2_PLACEMENT_3D('',#3607,#3608,#3609);
#3607 = CARTESIAN_POINT('',(37.210287020574,54.610617221234,0.));
#3608 = DIRECTION('',(0.,0.,1.));
#3609 = DIRECTION('',(-1.,-1.110223024625E-16,0.));
#3610 = CYLINDRICAL_SURFACE('',#3611,0.457200914402);
#3611 = AXIS2_PLACEMENT_3D('',#3612,#3613,#3614);
#3612 = CARTESIAN_POINT('',(37.210287020574,54.610617221234,0.));
#3613 = DIRECTION('',(-0.,-0.,-1.));
#3614 = DIRECTION('',(-1.,-1.110223024625E-16,0.));
#3615 = ADVANCED_FACE('',(#3616),#3652,.F.);
#3616 = FACE_BOUND('',#3617,.T.);
#3617 = EDGE_LOOP('',(#3618,#3628,#3637,#3645));
#3618 = ORIENTED_EDGE('',*,*,#3619,.T.);
#3619 = EDGE_CURVE('',#3620,#3622,#3624,.T.);
#3620 = VERTEX_POINT('',#3621);
#3621 = CARTESIAN_POINT('',(37.668961137922,44.450622301245,0.));
#3622 = VERTEX_POINT('',#3623);
#3623 = CARTESIAN_POINT('',(37.668961137922,44.450622301245,    9.004318008636E-02));
#3624 = LINE('',#3625,#3626);
#3625 = CARTESIAN_POINT('',(37.668961137922,44.450622301245,0.));
#3626 = VECTOR('',#3627,1.);
#3627 = DIRECTION('',(0.,0.,1.));
#3628 = ORIENTED_EDGE('',*,*,#3629,.T.);
#3629 = EDGE_CURVE('',#3622,#3630,#3632,.T.);
#3630 = VERTEX_POINT('',#3631);
#3631 = CARTESIAN_POINT('',(36.754559309119,44.450622301245,    9.004318008636E-02));
#3632 = CIRCLE('',#3633,0.457200914402);
#3633 = AXIS2_PLACEMENT_3D('',#3634,#3635,#3636);
#3634 = CARTESIAN_POINT('',(37.21176022352,44.450622301245,    9.004318008636E-02));
#3635 = DIRECTION('',(0.,0.,1.));
#3636 = DIRECTION('',(1.,1.110223024625E-16,-0.));
#3637 = ORIENTED_EDGE('',*,*,#3638,.F.);
#3638 = EDGE_CURVE('',#3639,#3630,#3641,.T.);
#3639 = VERTEX_POINT('',#3640);
#3640 = CARTESIAN_POINT('',(36.754559309119,44.450622301245,0.));
#3641 = LINE('',#3642,#3643);
#3642 = CARTESIAN_POINT('',(36.754559309119,44.450622301245,0.));
#3643 = VECTOR('',#3644,1.);
#3644 = DIRECTION('',(0.,0.,1.));
#3645 = ORIENTED_EDGE('',*,*,#3646,.F.);
#3646 = EDGE_CURVE('',#3620,#3639,#3647,.T.);
#3647 = CIRCLE('',#3648,0.457200914402);
#3648 = AXIS2_PLACEMENT_3D('',#3649,#3650,#3651);
#3649 = CARTESIAN_POINT('',(37.21176022352,44.450622301245,0.));
#3650 = DIRECTION('',(0.,0.,1.));
#3651 = DIRECTION('',(1.,1.110223024625E-16,-0.));
#3652 = CYLINDRICAL_SURFACE('',#3653,0.457200914402);
#3653 = AXIS2_PLACEMENT_3D('',#3654,#3655,#3656);
#3654 = CARTESIAN_POINT('',(37.21176022352,44.450622301245,0.));
#3655 = DIRECTION('',(-0.,-0.,-1.));
#3656 = DIRECTION('',(1.,1.110223024625E-16,-0.));
#3657 = ADVANCED_FACE('',(#3658),#3676,.F.);
#3658 = FACE_BOUND('',#3659,.T.);
#3659 = EDGE_LOOP('',(#3660,#3661,#3668,#3669));
#3660 = ORIENTED_EDGE('',*,*,#3638,.T.);
#3661 = ORIENTED_EDGE('',*,*,#3662,.T.);
#3662 = EDGE_CURVE('',#3630,#3622,#3663,.T.);
#3663 = CIRCLE('',#3664,0.457200914402);
#3664 = AXIS2_PLACEMENT_3D('',#3665,#3666,#3667);
#3665 = CARTESIAN_POINT('',(37.21176022352,44.450622301245,    9.004318008636E-02));
#3666 = DIRECTION('',(0.,0.,1.));
#3667 = DIRECTION('',(-1.,-1.110223024625E-16,0.));
#3668 = ORIENTED_EDGE('',*,*,#3619,.F.);
#3669 = ORIENTED_EDGE('',*,*,#3670,.F.);
#3670 = EDGE_CURVE('',#3639,#3620,#3671,.T.);
#3671 = CIRCLE('',#3672,0.457200914402);
#3672 = AXIS2_PLACEMENT_3D('',#3673,#3674,#3675);
#3673 = CARTESIAN_POINT('',(37.21176022352,44.450622301245,0.));
#3674 = DIRECTION('',(0.,0.,1.));
#3675 = DIRECTION('',(-1.,-1.110223024625E-16,0.));
#3676 = CYLINDRICAL_SURFACE('',#3677,0.457200914402);
#3677 = AXIS2_PLACEMENT_3D('',#3678,#3679,#3680);
#3678 = CARTESIAN_POINT('',(37.21176022352,44.450622301245,0.));
#3679 = DIRECTION('',(-0.,-0.,-1.));
#3680 = DIRECTION('',(-1.,-1.110223024625E-16,0.));
#3681 = ADVANCED_FACE('',(#3682),#3718,.F.);
#3682 = FACE_BOUND('',#3683,.T.);
#3683 = EDGE_LOOP('',(#3684,#3694,#3703,#3711));
#3684 = ORIENTED_EDGE('',*,*,#3685,.T.);
#3685 = EDGE_CURVE('',#3686,#3688,#3690,.T.);
#3686 = VERTEX_POINT('',#3687);
#3687 = CARTESIAN_POINT('',(39.319278638557,60.706121412243,0.));
#3688 = VERTEX_POINT('',#3689);
#3689 = CARTESIAN_POINT('',(39.319278638557,60.706121412243,    9.004318008636E-02));
#3690 = LINE('',#3691,#3692);
#3691 = CARTESIAN_POINT('',(39.319278638557,60.706121412243,0.));
#3692 = VECTOR('',#3693,1.);
#3693 = DIRECTION('',(0.,0.,1.));
#3694 = ORIENTED_EDGE('',*,*,#3695,.T.);
#3695 = EDGE_CURVE('',#3688,#3696,#3698,.T.);
#3696 = VERTEX_POINT('',#3697);
#3697 = CARTESIAN_POINT('',(38.404876809754,60.706121412243,    9.004318008636E-02));
#3698 = CIRCLE('',#3699,0.457200914402);
#3699 = AXIS2_PLACEMENT_3D('',#3700,#3701,#3702);
#3700 = CARTESIAN_POINT('',(38.862077724155,60.706121412243,    9.004318008636E-02));
#3701 = DIRECTION('',(0.,0.,1.));
#3702 = DIRECTION('',(1.,1.110223024625E-16,-0.));
#3703 = ORIENTED_EDGE('',*,*,#3704,.F.);
#3704 = EDGE_CURVE('',#3705,#3696,#3707,.T.);
#3705 = VERTEX_POINT('',#3706);
#3706 = CARTESIAN_POINT('',(38.404876809754,60.706121412243,0.));
#3707 = LINE('',#3708,#3709);
#3708 = CARTESIAN_POINT('',(38.404876809754,60.706121412243,0.));
#3709 = VECTOR('',#3710,1.);
#3710 = DIRECTION('',(0.,0.,1.));
#3711 = ORIENTED_EDGE('',*,*,#3712,.F.);
#3712 = EDGE_CURVE('',#3686,#3705,#3713,.T.);
#3713 = CIRCLE('',#3714,0.457200914402);
#3714 = AXIS2_PLACEMENT_3D('',#3715,#3716,#3717);
#3715 = CARTESIAN_POINT('',(38.862077724155,60.706121412243,0.));
#3716 = DIRECTION('',(0.,0.,1.));
#3717 = DIRECTION('',(1.,1.110223024625E-16,-0.));
#3718 = CYLINDRICAL_SURFACE('',#3719,0.457200914402);
#3719 = AXIS2_PLACEMENT_3D('',#3720,#3721,#3722);
#3720 = CARTESIAN_POINT('',(38.862077724155,60.706121412243,0.));
#3721 = DIRECTION('',(-0.,-0.,-1.));
#3722 = DIRECTION('',(1.,1.110223024625E-16,-0.));
#3723 = ADVANCED_FACE('',(#3724),#3742,.F.);
#3724 = FACE_BOUND('',#3725,.T.);
#3725 = EDGE_LOOP('',(#3726,#3727,#3734,#3735));
#3726 = ORIENTED_EDGE('',*,*,#3704,.T.);
#3727 = ORIENTED_EDGE('',*,*,#3728,.T.);
#3728 = EDGE_CURVE('',#3696,#3688,#3729,.T.);
#3729 = CIRCLE('',#3730,0.457200914402);
#3730 = AXIS2_PLACEMENT_3D('',#3731,#3732,#3733);
#3731 = CARTESIAN_POINT('',(38.862077724155,60.706121412243,    9.004318008636E-02));
#3732 = DIRECTION('',(0.,0.,1.));
#3733 = DIRECTION('',(-1.,-1.110223024625E-16,0.));
#3734 = ORIENTED_EDGE('',*,*,#3685,.F.);
#3735 = ORIENTED_EDGE('',*,*,#3736,.F.);
#3736 = EDGE_CURVE('',#3705,#3686,#3737,.T.);
#3737 = CIRCLE('',#3738,0.457200914402);
#3738 = AXIS2_PLACEMENT_3D('',#3739,#3740,#3741);
#3739 = CARTESIAN_POINT('',(38.862077724155,60.706121412243,0.));
#3740 = DIRECTION('',(0.,0.,1.));
#3741 = DIRECTION('',(-1.,-1.110223024625E-16,0.));
#3742 = CYLINDRICAL_SURFACE('',#3743,0.457200914402);
#3743 = AXIS2_PLACEMENT_3D('',#3744,#3745,#3746);
#3744 = CARTESIAN_POINT('',(38.862077724155,60.706121412243,0.));
#3745 = DIRECTION('',(-0.,-0.,-1.));
#3746 = DIRECTION('',(-1.,-1.110223024625E-16,0.));
#3747 = ADVANCED_FACE('',(#3748),#3784,.F.);
#3748 = FACE_BOUND('',#3749,.T.);
#3749 = EDGE_LOOP('',(#3750,#3760,#3769,#3777));
#3750 = ORIENTED_EDGE('',*,*,#3751,.T.);
#3751 = EDGE_CURVE('',#3752,#3754,#3756,.T.);
#3752 = VERTEX_POINT('',#3753);
#3753 = CARTESIAN_POINT('',(41.351282702565,19.431038862078,0.));
#3754 = VERTEX_POINT('',#3755);
#3755 = CARTESIAN_POINT('',(41.351282702565,19.431038862078,    9.004318008636E-02));
#3756 = LINE('',#3757,#3758);
#3757 = CARTESIAN_POINT('',(41.351282702565,19.431038862078,0.));
#3758 = VECTOR('',#3759,1.);
#3759 = DIRECTION('',(0.,0.,1.));
#3760 = ORIENTED_EDGE('',*,*,#3761,.T.);
#3761 = EDGE_CURVE('',#3754,#3762,#3764,.T.);
#3762 = VERTEX_POINT('',#3763);
#3763 = CARTESIAN_POINT('',(40.436880873762,19.431038862078,    9.004318008636E-02));
#3764 = CIRCLE('',#3765,0.457200914402);
#3765 = AXIS2_PLACEMENT_3D('',#3766,#3767,#3768);
#3766 = CARTESIAN_POINT('',(40.894081788164,19.431038862078,    9.004318008636E-02));
#3767 = DIRECTION('',(0.,0.,1.));
#3768 = DIRECTION('',(1.,1.110223024625E-16,-0.));
#3769 = ORIENTED_EDGE('',*,*,#3770,.F.);
#3770 = EDGE_CURVE('',#3771,#3762,#3773,.T.);
#3771 = VERTEX_POINT('',#3772);
#3772 = CARTESIAN_POINT('',(40.436880873762,19.431038862078,0.));
#3773 = LINE('',#3774,#3775);
#3774 = CARTESIAN_POINT('',(40.436880873762,19.431038862078,0.));
#3775 = VECTOR('',#3776,1.);
#3776 = DIRECTION('',(0.,0.,1.));
#3777 = ORIENTED_EDGE('',*,*,#3778,.F.);
#3778 = EDGE_CURVE('',#3752,#3771,#3779,.T.);
#3779 = CIRCLE('',#3780,0.457200914402);
#3780 = AXIS2_PLACEMENT_3D('',#3781,#3782,#3783);
#3781 = CARTESIAN_POINT('',(40.894081788164,19.431038862078,0.));
#3782 = DIRECTION('',(0.,0.,1.));
#3783 = DIRECTION('',(1.,1.110223024625E-16,-0.));
#3784 = CYLINDRICAL_SURFACE('',#3785,0.457200914402);
#3785 = AXIS2_PLACEMENT_3D('',#3786,#3787,#3788);
#3786 = CARTESIAN_POINT('',(40.894081788164,19.431038862078,0.));
#3787 = DIRECTION('',(-0.,-0.,-1.));
#3788 = DIRECTION('',(1.,1.110223024625E-16,-0.));
#3789 = ADVANCED_FACE('',(#3790),#3808,.F.);
#3790 = FACE_BOUND('',#3791,.T.);
#3791 = EDGE_LOOP('',(#3792,#3793,#3800,#3801));
#3792 = ORIENTED_EDGE('',*,*,#3770,.T.);
#3793 = ORIENTED_EDGE('',*,*,#3794,.T.);
#3794 = EDGE_CURVE('',#3762,#3754,#3795,.T.);
#3795 = CIRCLE('',#3796,0.457200914402);
#3796 = AXIS2_PLACEMENT_3D('',#3797,#3798,#3799);
#3797 = CARTESIAN_POINT('',(40.894081788164,19.431038862078,    9.004318008636E-02));
#3798 = DIRECTION('',(0.,0.,1.));
#3799 = DIRECTION('',(-1.,-1.110223024625E-16,0.));
#3800 = ORIENTED_EDGE('',*,*,#3751,.F.);
#3801 = ORIENTED_EDGE('',*,*,#3802,.F.);
#3802 = EDGE_CURVE('',#3771,#3752,#3803,.T.);
#3803 = CIRCLE('',#3804,0.457200914402);
#3804 = AXIS2_PLACEMENT_3D('',#3805,#3806,#3807);
#3805 = CARTESIAN_POINT('',(40.894081788164,19.431038862078,0.));
#3806 = DIRECTION('',(0.,0.,1.));
#3807 = DIRECTION('',(-1.,-1.110223024625E-16,0.));
#3808 = CYLINDRICAL_SURFACE('',#3809,0.457200914402);
#3809 = AXIS2_PLACEMENT_3D('',#3810,#3811,#3812);
#3810 = CARTESIAN_POINT('',(40.894081788164,19.431038862078,0.));
#3811 = DIRECTION('',(-0.,-0.,-1.));
#3812 = DIRECTION('',(-1.,-1.110223024625E-16,0.));
#3813 = ADVANCED_FACE('',(#3814),#3850,.F.);
#3814 = FACE_BOUND('',#3815,.T.);
#3815 = EDGE_LOOP('',(#3816,#3826,#3835,#3843));
#3816 = ORIENTED_EDGE('',*,*,#3817,.T.);
#3817 = EDGE_CURVE('',#3818,#3820,#3822,.T.);
#3818 = VERTEX_POINT('',#3819);
#3819 = CARTESIAN_POINT('',(41.859283718567,60.706121412243,0.));
#3820 = VERTEX_POINT('',#3821);
#3821 = CARTESIAN_POINT('',(41.859283718567,60.706121412243,    9.004318008636E-02));
#3822 = LINE('',#3823,#3824);
#3823 = CARTESIAN_POINT('',(41.859283718567,60.706121412243,0.));
#3824 = VECTOR('',#3825,1.);
#3825 = DIRECTION('',(0.,0.,1.));
#3826 = ORIENTED_EDGE('',*,*,#3827,.T.);
#3827 = EDGE_CURVE('',#3820,#3828,#3830,.T.);
#3828 = VERTEX_POINT('',#3829);
#3829 = CARTESIAN_POINT('',(40.944881889764,60.706121412243,    9.004318008636E-02));
#3830 = CIRCLE('',#3831,0.457200914402);
#3831 = AXIS2_PLACEMENT_3D('',#3832,#3833,#3834);
#3832 = CARTESIAN_POINT('',(41.402082804166,60.706121412243,    9.004318008636E-02));
#3833 = DIRECTION('',(0.,0.,1.));
#3834 = DIRECTION('',(1.,1.110223024625E-16,-0.));
#3835 = ORIENTED_EDGE('',*,*,#3836,.F.);
#3836 = EDGE_CURVE('',#3837,#3828,#3839,.T.);
#3837 = VERTEX_POINT('',#3838);
#3838 = CARTESIAN_POINT('',(40.944881889764,60.706121412243,0.));
#3839 = LINE('',#3840,#3841);
#3840 = CARTESIAN_POINT('',(40.944881889764,60.706121412243,0.));
#3841 = VECTOR('',#3842,1.);
#3842 = DIRECTION('',(0.,0.,1.));
#3843 = ORIENTED_EDGE('',*,*,#3844,.F.);
#3844 = EDGE_CURVE('',#3818,#3837,#3845,.T.);
#3845 = CIRCLE('',#3846,0.457200914402);
#3846 = AXIS2_PLACEMENT_3D('',#3847,#3848,#3849);
#3847 = CARTESIAN_POINT('',(41.402082804166,60.706121412243,0.));
#3848 = DIRECTION('',(0.,0.,1.));
#3849 = DIRECTION('',(1.,1.110223024625E-16,-0.));
#3850 = CYLINDRICAL_SURFACE('',#3851,0.457200914402);
#3851 = AXIS2_PLACEMENT_3D('',#3852,#3853,#3854);
#3852 = CARTESIAN_POINT('',(41.402082804166,60.706121412243,0.));
#3853 = DIRECTION('',(-0.,-0.,-1.));
#3854 = DIRECTION('',(1.,1.110223024625E-16,-0.));
#3855 = ADVANCED_FACE('',(#3856),#3874,.F.);
#3856 = FACE_BOUND('',#3857,.T.);
#3857 = EDGE_LOOP('',(#3858,#3859,#3866,#3867));
#3858 = ORIENTED_EDGE('',*,*,#3836,.T.);
#3859 = ORIENTED_EDGE('',*,*,#3860,.T.);
#3860 = EDGE_CURVE('',#3828,#3820,#3861,.T.);
#3861 = CIRCLE('',#3862,0.457200914402);
#3862 = AXIS2_PLACEMENT_3D('',#3863,#3864,#3865);
#3863 = CARTESIAN_POINT('',(41.402082804166,60.706121412243,    9.004318008636E-02));
#3864 = DIRECTION('',(0.,0.,1.));
#3865 = DIRECTION('',(-1.,-1.110223024625E-16,0.));
#3866 = ORIENTED_EDGE('',*,*,#3817,.F.);
#3867 = ORIENTED_EDGE('',*,*,#3868,.F.);
#3868 = EDGE_CURVE('',#3837,#3818,#3869,.T.);
#3869 = CIRCLE('',#3870,0.457200914402);
#3870 = AXIS2_PLACEMENT_3D('',#3871,#3872,#3873);
#3871 = CARTESIAN_POINT('',(41.402082804166,60.706121412243,0.));
#3872 = DIRECTION('',(0.,0.,1.));
#3873 = DIRECTION('',(-1.,-1.110223024625E-16,0.));
#3874 = CYLINDRICAL_SURFACE('',#3875,0.457200914402);
#3875 = AXIS2_PLACEMENT_3D('',#3876,#3877,#3878);
#3876 = CARTESIAN_POINT('',(41.402082804166,60.706121412243,0.));
#3877 = DIRECTION('',(-0.,-0.,-1.));
#3878 = DIRECTION('',(-1.,-1.110223024625E-16,0.));
#3879 = ADVANCED_FACE('',(#3880),#3916,.F.);
#3880 = FACE_BOUND('',#3881,.T.);
#3881 = EDGE_LOOP('',(#3882,#3892,#3901,#3909));
#3882 = ORIENTED_EDGE('',*,*,#3883,.T.);
#3883 = EDGE_CURVE('',#3884,#3886,#3888,.T.);
#3884 = VERTEX_POINT('',#3885);
#3885 = CARTESIAN_POINT('',(44.399288798578,60.706121412243,0.));
#3886 = VERTEX_POINT('',#3887);
#3887 = CARTESIAN_POINT('',(44.399288798578,60.706121412243,    9.004318008636E-02));
#3888 = LINE('',#3889,#3890);
#3889 = CARTESIAN_POINT('',(44.399288798578,60.706121412243,0.));
#3890 = VECTOR('',#3891,1.);
#3891 = DIRECTION('',(0.,0.,1.));
#3892 = ORIENTED_EDGE('',*,*,#3893,.T.);
#3893 = EDGE_CURVE('',#3886,#3894,#3896,.T.);
#3894 = VERTEX_POINT('',#3895);
#3895 = CARTESIAN_POINT('',(43.484886969774,60.706121412243,    9.004318008636E-02));
#3896 = CIRCLE('',#3897,0.457200914402);
#3897 = AXIS2_PLACEMENT_3D('',#3898,#3899,#3900);
#3898 = CARTESIAN_POINT('',(43.942087884176,60.706121412243,    9.004318008636E-02));
#3899 = DIRECTION('',(0.,0.,1.));
#3900 = DIRECTION('',(1.,1.110223024625E-16,-0.));
#3901 = ORIENTED_EDGE('',*,*,#3902,.F.);
#3902 = EDGE_CURVE('',#3903,#3894,#3905,.T.);
#3903 = VERTEX_POINT('',#3904);
#3904 = CARTESIAN_POINT('',(43.484886969774,60.706121412243,0.));
#3905 = LINE('',#3906,#3907);
#3906 = CARTESIAN_POINT('',(43.484886969774,60.706121412243,0.));
#3907 = VECTOR('',#3908,1.);
#3908 = DIRECTION('',(0.,0.,1.));
#3909 = ORIENTED_EDGE('',*,*,#3910,.F.);
#3910 = EDGE_CURVE('',#3884,#3903,#3911,.T.);
#3911 = CIRCLE('',#3912,0.457200914402);
#3912 = AXIS2_PLACEMENT_3D('',#3913,#3914,#3915);
#3913 = CARTESIAN_POINT('',(43.942087884176,60.706121412243,0.));
#3914 = DIRECTION('',(0.,0.,1.));
#3915 = DIRECTION('',(1.,1.110223024625E-16,-0.));
#3916 = CYLINDRICAL_SURFACE('',#3917,0.457200914402);
#3917 = AXIS2_PLACEMENT_3D('',#3918,#3919,#3920);
#3918 = CARTESIAN_POINT('',(43.942087884176,60.706121412243,0.));
#3919 = DIRECTION('',(-0.,-0.,-1.));
#3920 = DIRECTION('',(1.,1.110223024625E-16,-0.));
#3921 = ADVANCED_FACE('',(#3922),#3940,.F.);
#3922 = FACE_BOUND('',#3923,.T.);
#3923 = EDGE_LOOP('',(#3924,#3925,#3932,#3933));
#3924 = ORIENTED_EDGE('',*,*,#3902,.T.);
#3925 = ORIENTED_EDGE('',*,*,#3926,.T.);
#3926 = EDGE_CURVE('',#3894,#3886,#3927,.T.);
#3927 = CIRCLE('',#3928,0.457200914402);
#3928 = AXIS2_PLACEMENT_3D('',#3929,#3930,#3931);
#3929 = CARTESIAN_POINT('',(43.942087884176,60.706121412243,    9.004318008636E-02));
#3930 = DIRECTION('',(0.,0.,1.));
#3931 = DIRECTION('',(-1.,-1.110223024625E-16,0.));
#3932 = ORIENTED_EDGE('',*,*,#3883,.F.);
#3933 = ORIENTED_EDGE('',*,*,#3934,.F.);
#3934 = EDGE_CURVE('',#3903,#3884,#3935,.T.);
#3935 = CIRCLE('',#3936,0.457200914402);
#3936 = AXIS2_PLACEMENT_3D('',#3937,#3938,#3939);
#3937 = CARTESIAN_POINT('',(43.942087884176,60.706121412243,0.));
#3938 = DIRECTION('',(0.,0.,1.));
#3939 = DIRECTION('',(-1.,-1.110223024625E-16,0.));
#3940 = CYLINDRICAL_SURFACE('',#3941,0.457200914402);
#3941 = AXIS2_PLACEMENT_3D('',#3942,#3943,#3944);
#3942 = CARTESIAN_POINT('',(43.942087884176,60.706121412243,0.));
#3943 = DIRECTION('',(-0.,-0.,-1.));
#3944 = DIRECTION('',(-1.,-1.110223024625E-16,0.));
#3945 = ADVANCED_FACE('',(#3946),#3982,.F.);
#3946 = FACE_BOUND('',#3947,.T.);
#3947 = EDGE_LOOP('',(#3948,#3958,#3967,#3975));
#3948 = ORIENTED_EDGE('',*,*,#3949,.T.);
#3949 = EDGE_CURVE('',#3950,#3952,#3954,.T.);
#3950 = VERTEX_POINT('',#3951);
#3951 = CARTESIAN_POINT('',(46.939293878588,60.706121412243,0.));
#3952 = VERTEX_POINT('',#3953);
#3953 = CARTESIAN_POINT('',(46.939293878588,60.706121412243,    9.004318008636E-02));
#3954 = LINE('',#3955,#3956);
#3955 = CARTESIAN_POINT('',(46.939293878588,60.706121412243,0.));
#3956 = VECTOR('',#3957,1.);
#3957 = DIRECTION('',(0.,0.,1.));
#3958 = ORIENTED_EDGE('',*,*,#3959,.T.);
#3959 = EDGE_CURVE('',#3952,#3960,#3962,.T.);
#3960 = VERTEX_POINT('',#3961);
#3961 = CARTESIAN_POINT('',(46.024892049784,60.706121412243,    9.004318008636E-02));
#3962 = CIRCLE('',#3963,0.457200914402);
#3963 = AXIS2_PLACEMENT_3D('',#3964,#3965,#3966);
#3964 = CARTESIAN_POINT('',(46.482092964186,60.706121412243,    9.004318008636E-02));
#3965 = DIRECTION('',(0.,0.,1.));
#3966 = DIRECTION('',(1.,1.110223024625E-16,-0.));
#3967 = ORIENTED_EDGE('',*,*,#3968,.F.);
#3968 = EDGE_CURVE('',#3969,#3960,#3971,.T.);
#3969 = VERTEX_POINT('',#3970);
#3970 = CARTESIAN_POINT('',(46.024892049784,60.706121412243,0.));
#3971 = LINE('',#3972,#3973);
#3972 = CARTESIAN_POINT('',(46.024892049784,60.706121412243,0.));
#3973 = VECTOR('',#3974,1.);
#3974 = DIRECTION('',(0.,0.,1.));
#3975 = ORIENTED_EDGE('',*,*,#3976,.F.);
#3976 = EDGE_CURVE('',#3950,#3969,#3977,.T.);
#3977 = CIRCLE('',#3978,0.457200914402);
#3978 = AXIS2_PLACEMENT_3D('',#3979,#3980,#3981);
#3979 = CARTESIAN_POINT('',(46.482092964186,60.706121412243,0.));
#3980 = DIRECTION('',(0.,0.,1.));
#3981 = DIRECTION('',(1.,1.110223024625E-16,-0.));
#3982 = CYLINDRICAL_SURFACE('',#3983,0.457200914402);
#3983 = AXIS2_PLACEMENT_3D('',#3984,#3985,#3986);
#3984 = CARTESIAN_POINT('',(46.482092964186,60.706121412243,0.));
#3985 = DIRECTION('',(-0.,-0.,-1.));
#3986 = DIRECTION('',(1.,1.110223024625E-16,-0.));
#3987 = ADVANCED_FACE('',(#3988),#4006,.F.);
#3988 = FACE_BOUND('',#3989,.T.);
#3989 = EDGE_LOOP('',(#3990,#3991,#3998,#3999));
#3990 = ORIENTED_EDGE('',*,*,#3968,.T.);
#3991 = ORIENTED_EDGE('',*,*,#3992,.T.);
#3992 = EDGE_CURVE('',#3960,#3952,#3993,.T.);
#3993 = CIRCLE('',#3994,0.457200914402);
#3994 = AXIS2_PLACEMENT_3D('',#3995,#3996,#3997);
#3995 = CARTESIAN_POINT('',(46.482092964186,60.706121412243,    9.004318008636E-02));
#3996 = DIRECTION('',(0.,0.,1.));
#3997 = DIRECTION('',(-1.,-1.110223024625E-16,0.));
#3998 = ORIENTED_EDGE('',*,*,#3949,.F.);
#3999 = ORIENTED_EDGE('',*,*,#4000,.F.);
#4000 = EDGE_CURVE('',#3969,#3950,#4001,.T.);
#4001 = CIRCLE('',#4002,0.457200914402);
#4002 = AXIS2_PLACEMENT_3D('',#4003,#4004,#4005);
#4003 = CARTESIAN_POINT('',(46.482092964186,60.706121412243,0.));
#4004 = DIRECTION('',(0.,0.,1.));
#4005 = DIRECTION('',(-1.,-1.110223024625E-16,0.));
#4006 = CYLINDRICAL_SURFACE('',#4007,0.457200914402);
#4007 = AXIS2_PLACEMENT_3D('',#4008,#4009,#4010);
#4008 = CARTESIAN_POINT('',(46.482092964186,60.706121412243,0.));
#4009 = DIRECTION('',(-0.,-0.,-1.));
#4010 = DIRECTION('',(-1.,-1.110223024625E-16,0.));
#4011 = ADVANCED_FACE('',(#4012),#4048,.F.);
#4012 = FACE_BOUND('',#4013,.T.);
#4013 = EDGE_LOOP('',(#4014,#4024,#4033,#4041));
#4014 = ORIENTED_EDGE('',*,*,#4015,.T.);
#4015 = EDGE_CURVE('',#4016,#4018,#4020,.T.);
#4016 = VERTEX_POINT('',#4017);
#4017 = CARTESIAN_POINT('',(53.797307594615,45.974099060198,0.));
#4018 = VERTEX_POINT('',#4019);
#4019 = CARTESIAN_POINT('',(53.797307594615,45.974099060198,    9.004318008636E-02));
#4020 = LINE('',#4021,#4022);
#4021 = CARTESIAN_POINT('',(53.797307594615,45.974099060198,0.));
#4022 = VECTOR('',#4023,1.);
#4023 = DIRECTION('',(0.,0.,1.));
#4024 = ORIENTED_EDGE('',*,*,#4025,.T.);
#4025 = EDGE_CURVE('',#4018,#4026,#4028,.T.);
#4026 = VERTEX_POINT('',#4027);
#4027 = CARTESIAN_POINT('',(52.882905765812,45.974099060198,    9.004318008636E-02));
#4028 = CIRCLE('',#4029,0.457200914402);
#4029 = AXIS2_PLACEMENT_3D('',#4030,#4031,#4032);
#4030 = CARTESIAN_POINT('',(53.340106680213,45.974099060198,    9.004318008636E-02));
#4031 = DIRECTION('',(0.,0.,1.));
#4032 = DIRECTION('',(1.,1.110223024625E-16,-0.));
#4033 = ORIENTED_EDGE('',*,*,#4034,.F.);
#4034 = EDGE_CURVE('',#4035,#4026,#4037,.T.);
#4035 = VERTEX_POINT('',#4036);
#4036 = CARTESIAN_POINT('',(52.882905765812,45.974099060198,0.));
#4037 = LINE('',#4038,#4039);
#4038 = CARTESIAN_POINT('',(52.882905765812,45.974099060198,0.));
#4039 = VECTOR('',#4040,1.);
#4040 = DIRECTION('',(0.,0.,1.));
#4041 = ORIENTED_EDGE('',*,*,#4042,.F.);
#4042 = EDGE_CURVE('',#4016,#4035,#4043,.T.);
#4043 = CIRCLE('',#4044,0.457200914402);
#4044 = AXIS2_PLACEMENT_3D('',#4045,#4046,#4047);
#4045 = CARTESIAN_POINT('',(53.340106680213,45.974099060198,0.));
#4046 = DIRECTION('',(0.,0.,1.));
#4047 = DIRECTION('',(1.,1.110223024625E-16,-0.));
#4048 = CYLINDRICAL_SURFACE('',#4049,0.457200914402);
#4049 = AXIS2_PLACEMENT_3D('',#4050,#4051,#4052);
#4050 = CARTESIAN_POINT('',(53.340106680213,45.974099060198,0.));
#4051 = DIRECTION('',(-0.,-0.,-1.));
#4052 = DIRECTION('',(1.,1.110223024625E-16,-0.));
#4053 = ADVANCED_FACE('',(#4054),#4072,.F.);
#4054 = FACE_BOUND('',#4055,.T.);
#4055 = EDGE_LOOP('',(#4056,#4057,#4064,#4065));
#4056 = ORIENTED_EDGE('',*,*,#4034,.T.);
#4057 = ORIENTED_EDGE('',*,*,#4058,.T.);
#4058 = EDGE_CURVE('',#4026,#4018,#4059,.T.);
#4059 = CIRCLE('',#4060,0.457200914402);
#4060 = AXIS2_PLACEMENT_3D('',#4061,#4062,#4063);
#4061 = CARTESIAN_POINT('',(53.340106680213,45.974099060198,    9.004318008636E-02));
#4062 = DIRECTION('',(0.,0.,1.));
#4063 = DIRECTION('',(-1.,-1.110223024625E-16,0.));
#4064 = ORIENTED_EDGE('',*,*,#4015,.F.);
#4065 = ORIENTED_EDGE('',*,*,#4066,.F.);
#4066 = EDGE_CURVE('',#4035,#4016,#4067,.T.);
#4067 = CIRCLE('',#4068,0.457200914402);
#4068 = AXIS2_PLACEMENT_3D('',#4069,#4070,#4071);
#4069 = CARTESIAN_POINT('',(53.340106680213,45.974099060198,0.));
#4070 = DIRECTION('',(0.,0.,1.));
#4071 = DIRECTION('',(-1.,-1.110223024625E-16,0.));
#4072 = CYLINDRICAL_SURFACE('',#4073,0.457200914402);
#4073 = AXIS2_PLACEMENT_3D('',#4074,#4075,#4076);
#4074 = CARTESIAN_POINT('',(53.340106680213,45.974099060198,0.));
#4075 = DIRECTION('',(-0.,-0.,-1.));
#4076 = DIRECTION('',(-1.,-1.110223024625E-16,0.));
#4077 = ADVANCED_FACE('',(#4078),#4114,.F.);
#4078 = FACE_BOUND('',#4079,.T.);
#4079 = EDGE_LOOP('',(#4080,#4090,#4099,#4107));
#4080 = ORIENTED_EDGE('',*,*,#4081,.T.);
#4081 = EDGE_CURVE('',#4082,#4084,#4086,.T.);
#4082 = VERTEX_POINT('',#4083);
#4083 = CARTESIAN_POINT('',(53.797307594615,43.434093980188,0.));
#4084 = VERTEX_POINT('',#4085);
#4085 = CARTESIAN_POINT('',(53.797307594615,43.434093980188,    9.004318008636E-02));
#4086 = LINE('',#4087,#4088);
#4087 = CARTESIAN_POINT('',(53.797307594615,43.434093980188,0.));
#4088 = VECTOR('',#4089,1.);
#4089 = DIRECTION('',(0.,0.,1.));
#4090 = ORIENTED_EDGE('',*,*,#4091,.T.);
#4091 = EDGE_CURVE('',#4084,#4092,#4094,.T.);
#4092 = VERTEX_POINT('',#4093);
#4093 = CARTESIAN_POINT('',(52.882905765812,43.434093980188,    9.004318008636E-02));
#4094 = CIRCLE('',#4095,0.457200914402);
#4095 = AXIS2_PLACEMENT_3D('',#4096,#4097,#4098);
#4096 = CARTESIAN_POINT('',(53.340106680213,43.434093980188,    9.004318008636E-02));
#4097 = DIRECTION('',(0.,0.,1.));
#4098 = DIRECTION('',(1.,1.110223024625E-16,-0.));
#4099 = ORIENTED_EDGE('',*,*,#4100,.F.);
#4100 = EDGE_CURVE('',#4101,#4092,#4103,.T.);
#4101 = VERTEX_POINT('',#4102);
#4102 = CARTESIAN_POINT('',(52.882905765812,43.434093980188,0.));
#4103 = LINE('',#4104,#4105);
#4104 = CARTESIAN_POINT('',(52.882905765812,43.434093980188,0.));
#4105 = VECTOR('',#4106,1.);
#4106 = DIRECTION('',(0.,0.,1.));
#4107 = ORIENTED_EDGE('',*,*,#4108,.F.);
#4108 = EDGE_CURVE('',#4082,#4101,#4109,.T.);
#4109 = CIRCLE('',#4110,0.457200914402);
#4110 = AXIS2_PLACEMENT_3D('',#4111,#4112,#4113);
#4111 = CARTESIAN_POINT('',(53.340106680213,43.434093980188,0.));
#4112 = DIRECTION('',(0.,0.,1.));
#4113 = DIRECTION('',(1.,1.110223024625E-16,-0.));
#4114 = CYLINDRICAL_SURFACE('',#4115,0.457200914402);
#4115 = AXIS2_PLACEMENT_3D('',#4116,#4117,#4118);
#4116 = CARTESIAN_POINT('',(53.340106680213,43.434093980188,0.));
#4117 = DIRECTION('',(-0.,-0.,-1.));
#4118 = DIRECTION('',(1.,1.110223024625E-16,-0.));
#4119 = ADVANCED_FACE('',(#4120),#4138,.F.);
#4120 = FACE_BOUND('',#4121,.T.);
#4121 = EDGE_LOOP('',(#4122,#4123,#4130,#4131));
#4122 = ORIENTED_EDGE('',*,*,#4100,.T.);
#4123 = ORIENTED_EDGE('',*,*,#4124,.T.);
#4124 = EDGE_CURVE('',#4092,#4084,#4125,.T.);
#4125 = CIRCLE('',#4126,0.457200914402);
#4126 = AXIS2_PLACEMENT_3D('',#4127,#4128,#4129);
#4127 = CARTESIAN_POINT('',(53.340106680213,43.434093980188,    9.004318008636E-02));
#4128 = DIRECTION('',(0.,0.,1.));
#4129 = DIRECTION('',(-1.,-1.110223024625E-16,0.));
#4130 = ORIENTED_EDGE('',*,*,#4081,.F.);
#4131 = ORIENTED_EDGE('',*,*,#4132,.F.);
#4132 = EDGE_CURVE('',#4101,#4082,#4133,.T.);
#4133 = CIRCLE('',#4134,0.457200914402);
#4134 = AXIS2_PLACEMENT_3D('',#4135,#4136,#4137);
#4135 = CARTESIAN_POINT('',(53.340106680213,43.434093980188,0.));
#4136 = DIRECTION('',(0.,0.,1.));
#4137 = DIRECTION('',(-1.,-1.110223024625E-16,0.));
#4138 = CYLINDRICAL_SURFACE('',#4139,0.457200914402);
#4139 = AXIS2_PLACEMENT_3D('',#4140,#4141,#4142);
#4140 = CARTESIAN_POINT('',(53.340106680213,43.434093980188,0.));
#4141 = DIRECTION('',(-0.,-0.,-1.));
#4142 = DIRECTION('',(-1.,-1.110223024625E-16,0.));
#4143 = ADVANCED_FACE('',(#4144),#4180,.F.);
#4144 = FACE_BOUND('',#4145,.T.);
#4145 = EDGE_LOOP('',(#4146,#4156,#4165,#4173));
#4146 = ORIENTED_EDGE('',*,*,#4147,.T.);
#4147 = EDGE_CURVE('',#4148,#4150,#4152,.T.);
#4148 = VERTEX_POINT('',#4149);
#4149 = CARTESIAN_POINT('',(53.797307594615,53.848107696215,0.));
#4150 = VERTEX_POINT('',#4151);
#4151 = CARTESIAN_POINT('',(53.797307594615,53.848107696215,    9.004318008636E-02));
#4152 = LINE('',#4153,#4154);
#4153 = CARTESIAN_POINT('',(53.797307594615,53.848107696215,0.));
#4154 = VECTOR('',#4155,1.);
#4155 = DIRECTION('',(0.,0.,1.));
#4156 = ORIENTED_EDGE('',*,*,#4157,.T.);
#4157 = EDGE_CURVE('',#4150,#4158,#4160,.T.);
#4158 = VERTEX_POINT('',#4159);
#4159 = CARTESIAN_POINT('',(52.882905765812,53.848107696215,    9.004318008636E-02));
#4160 = CIRCLE('',#4161,0.457200914402);
#4161 = AXIS2_PLACEMENT_3D('',#4162,#4163,#4164);
#4162 = CARTESIAN_POINT('',(53.340106680213,53.848107696215,    9.004318008636E-02));
#4163 = DIRECTION('',(0.,0.,1.));
#4164 = DIRECTION('',(1.,1.110223024625E-16,-0.));
#4165 = ORIENTED_EDGE('',*,*,#4166,.F.);
#4166 = EDGE_CURVE('',#4167,#4158,#4169,.T.);
#4167 = VERTEX_POINT('',#4168);
#4168 = CARTESIAN_POINT('',(52.882905765812,53.848107696215,0.));
#4169 = LINE('',#4170,#4171);
#4170 = CARTESIAN_POINT('',(52.882905765812,53.848107696215,0.));
#4171 = VECTOR('',#4172,1.);
#4172 = DIRECTION('',(0.,0.,1.));
#4173 = ORIENTED_EDGE('',*,*,#4174,.F.);
#4174 = EDGE_CURVE('',#4148,#4167,#4175,.T.);
#4175 = CIRCLE('',#4176,0.457200914402);
#4176 = AXIS2_PLACEMENT_3D('',#4177,#4178,#4179);
#4177 = CARTESIAN_POINT('',(53.340106680213,53.848107696215,0.));
#4178 = DIRECTION('',(0.,0.,1.));
#4179 = DIRECTION('',(1.,1.110223024625E-16,-0.));
#4180 = CYLINDRICAL_SURFACE('',#4181,0.457200914402);
#4181 = AXIS2_PLACEMENT_3D('',#4182,#4183,#4184);
#4182 = CARTESIAN_POINT('',(53.340106680213,53.848107696215,0.));
#4183 = DIRECTION('',(-0.,-0.,-1.));
#4184 = DIRECTION('',(1.,1.110223024625E-16,-0.));
#4185 = ADVANCED_FACE('',(#4186),#4204,.F.);
#4186 = FACE_BOUND('',#4187,.T.);
#4187 = EDGE_LOOP('',(#4188,#4189,#4196,#4197));
#4188 = ORIENTED_EDGE('',*,*,#4166,.T.);
#4189 = ORIENTED_EDGE('',*,*,#4190,.T.);
#4190 = EDGE_CURVE('',#4158,#4150,#4191,.T.);
#4191 = CIRCLE('',#4192,0.457200914402);
#4192 = AXIS2_PLACEMENT_3D('',#4193,#4194,#4195);
#4193 = CARTESIAN_POINT('',(53.340106680213,53.848107696215,    9.004318008636E-02));
#4194 = DIRECTION('',(0.,0.,1.));
#4195 = DIRECTION('',(-1.,-1.110223024625E-16,0.));
#4196 = ORIENTED_EDGE('',*,*,#4147,.F.);
#4197 = ORIENTED_EDGE('',*,*,#4198,.F.);
#4198 = EDGE_CURVE('',#4167,#4148,#4199,.T.);
#4199 = CIRCLE('',#4200,0.457200914402);
#4200 = AXIS2_PLACEMENT_3D('',#4201,#4202,#4203);
#4201 = CARTESIAN_POINT('',(53.340106680213,53.848107696215,0.));
#4202 = DIRECTION('',(0.,0.,1.));
#4203 = DIRECTION('',(-1.,-1.110223024625E-16,0.));
#4204 = CYLINDRICAL_SURFACE('',#4205,0.457200914402);
#4205 = AXIS2_PLACEMENT_3D('',#4206,#4207,#4208);
#4206 = CARTESIAN_POINT('',(53.340106680213,53.848107696215,0.));
#4207 = DIRECTION('',(-0.,-0.,-1.));
#4208 = DIRECTION('',(-1.,-1.110223024625E-16,0.));
#4209 = ADVANCED_FACE('',(#4210),#4246,.F.);
#4210 = FACE_BOUND('',#4211,.T.);
#4211 = EDGE_LOOP('',(#4212,#4222,#4231,#4239));
#4212 = ORIENTED_EDGE('',*,*,#4213,.T.);
#4213 = EDGE_CURVE('',#4214,#4216,#4218,.T.);
#4214 = VERTEX_POINT('',#4215);
#4215 = CARTESIAN_POINT('',(53.797307594615,56.388112776226,0.));
#4216 = VERTEX_POINT('',#4217);
#4217 = CARTESIAN_POINT('',(53.797307594615,56.388112776226,    9.004318008636E-02));
#4218 = LINE('',#4219,#4220);
#4219 = CARTESIAN_POINT('',(53.797307594615,56.388112776226,0.));
#4220 = VECTOR('',#4221,1.);
#4221 = DIRECTION('',(0.,0.,1.));
#4222 = ORIENTED_EDGE('',*,*,#4223,.T.);
#4223 = EDGE_CURVE('',#4216,#4224,#4226,.T.);
#4224 = VERTEX_POINT('',#4225);
#4225 = CARTESIAN_POINT('',(52.882905765812,56.388112776226,    9.004318008636E-02));
#4226 = CIRCLE('',#4227,0.457200914402);
#4227 = AXIS2_PLACEMENT_3D('',#4228,#4229,#4230);
#4228 = CARTESIAN_POINT('',(53.340106680213,56.388112776226,    9.004318008636E-02));
#4229 = DIRECTION('',(0.,0.,1.));
#4230 = DIRECTION('',(1.,1.110223024625E-16,-0.));
#4231 = ORIENTED_EDGE('',*,*,#4232,.F.);
#4232 = EDGE_CURVE('',#4233,#4224,#4235,.T.);
#4233 = VERTEX_POINT('',#4234);
#4234 = CARTESIAN_POINT('',(52.882905765812,56.388112776226,0.));
#4235 = LINE('',#4236,#4237);
#4236 = CARTESIAN_POINT('',(52.882905765812,56.388112776226,0.));
#4237 = VECTOR('',#4238,1.);
#4238 = DIRECTION('',(0.,0.,1.));
#4239 = ORIENTED_EDGE('',*,*,#4240,.F.);
#4240 = EDGE_CURVE('',#4214,#4233,#4241,.T.);
#4241 = CIRCLE('',#4242,0.457200914402);
#4242 = AXIS2_PLACEMENT_3D('',#4243,#4244,#4245);
#4243 = CARTESIAN_POINT('',(53.340106680213,56.388112776226,0.));
#4244 = DIRECTION('',(0.,0.,1.));
#4245 = DIRECTION('',(1.,1.110223024625E-16,-0.));
#4246 = CYLINDRICAL_SURFACE('',#4247,0.457200914402);
#4247 = AXIS2_PLACEMENT_3D('',#4248,#4249,#4250);
#4248 = CARTESIAN_POINT('',(53.340106680213,56.388112776226,0.));
#4249 = DIRECTION('',(-0.,-0.,-1.));
#4250 = DIRECTION('',(1.,1.110223024625E-16,-0.));
#4251 = ADVANCED_FACE('',(#4252),#4270,.F.);
#4252 = FACE_BOUND('',#4253,.T.);
#4253 = EDGE_LOOP('',(#4254,#4255,#4262,#4263));
#4254 = ORIENTED_EDGE('',*,*,#4232,.T.);
#4255 = ORIENTED_EDGE('',*,*,#4256,.T.);
#4256 = EDGE_CURVE('',#4224,#4216,#4257,.T.);
#4257 = CIRCLE('',#4258,0.457200914402);
#4258 = AXIS2_PLACEMENT_3D('',#4259,#4260,#4261);
#4259 = CARTESIAN_POINT('',(53.340106680213,56.388112776226,    9.004318008636E-02));
#4260 = DIRECTION('',(0.,0.,1.));
#4261 = DIRECTION('',(-1.,-1.110223024625E-16,0.));
#4262 = ORIENTED_EDGE('',*,*,#4213,.F.);
#4263 = ORIENTED_EDGE('',*,*,#4264,.F.);
#4264 = EDGE_CURVE('',#4233,#4214,#4265,.T.);
#4265 = CIRCLE('',#4266,0.457200914402);
#4266 = AXIS2_PLACEMENT_3D('',#4267,#4268,#4269);
#4267 = CARTESIAN_POINT('',(53.340106680213,56.388112776226,0.));
#4268 = DIRECTION('',(0.,0.,1.));
#4269 = DIRECTION('',(-1.,-1.110223024625E-16,0.));
#4270 = CYLINDRICAL_SURFACE('',#4271,0.457200914402);
#4271 = AXIS2_PLACEMENT_3D('',#4272,#4273,#4274);
#4272 = CARTESIAN_POINT('',(53.340106680213,56.388112776226,0.));
#4273 = DIRECTION('',(-0.,-0.,-1.));
#4274 = DIRECTION('',(-1.,-1.110223024625E-16,0.));
#4275 = ADVANCED_FACE('',(#4276),#4312,.F.);
#4276 = FACE_BOUND('',#4277,.T.);
#4277 = EDGE_LOOP('',(#4278,#4288,#4297,#4305));
#4278 = ORIENTED_EDGE('',*,*,#4279,.T.);
#4279 = EDGE_CURVE('',#4280,#4282,#4284,.T.);
#4280 = VERTEX_POINT('',#4281);
#4281 = CARTESIAN_POINT('',(53.8063500127,35.140016002032,0.));
#4282 = VERTEX_POINT('',#4283);
#4283 = CARTESIAN_POINT('',(53.8063500127,35.140016002032,    9.004318008636E-02));
#4284 = LINE('',#4285,#4286);
#4285 = CARTESIAN_POINT('',(53.8063500127,35.140016002032,0.));
#4286 = VECTOR('',#4287,1.);
#4287 = DIRECTION('',(0.,0.,1.));
#4288 = ORIENTED_EDGE('',*,*,#4289,.T.);
#4289 = EDGE_CURVE('',#4282,#4290,#4292,.T.);
#4290 = VERTEX_POINT('',#4291);
#4291 = CARTESIAN_POINT('',(52.891948183896,35.140016002032,    9.004318008636E-02));
#4292 = CIRCLE('',#4293,0.457200914402);
#4293 = AXIS2_PLACEMENT_3D('',#4294,#4295,#4296);
#4294 = CARTESIAN_POINT('',(53.349149098298,35.140016002032,    9.004318008636E-02));
#4295 = DIRECTION('',(0.,0.,1.));
#4296 = DIRECTION('',(1.,1.110223024625E-16,-0.));
#4297 = ORIENTED_EDGE('',*,*,#4298,.F.);
#4298 = EDGE_CURVE('',#4299,#4290,#4301,.T.);
#4299 = VERTEX_POINT('',#4300);
#4300 = CARTESIAN_POINT('',(52.891948183896,35.140016002032,0.));
#4301 = LINE('',#4302,#4303);
#4302 = CARTESIAN_POINT('',(52.891948183896,35.140016002032,0.));
#4303 = VECTOR('',#4304,1.);
#4304 = DIRECTION('',(0.,0.,1.));
#4305 = ORIENTED_EDGE('',*,*,#4306,.F.);
#4306 = EDGE_CURVE('',#4280,#4299,#4307,.T.);
#4307 = CIRCLE('',#4308,0.457200914402);
#4308 = AXIS2_PLACEMENT_3D('',#4309,#4310,#4311);
#4309 = CARTESIAN_POINT('',(53.349149098298,35.140016002032,0.));
#4310 = DIRECTION('',(0.,0.,1.));
#4311 = DIRECTION('',(1.,1.110223024625E-16,-0.));
#4312 = CYLINDRICAL_SURFACE('',#4313,0.457200914402);
#4313 = AXIS2_PLACEMENT_3D('',#4314,#4315,#4316);
#4314 = CARTESIAN_POINT('',(53.349149098298,35.140016002032,0.));
#4315 = DIRECTION('',(-0.,-0.,-1.));
#4316 = DIRECTION('',(1.,1.110223024625E-16,-0.));
#4317 = ADVANCED_FACE('',(#4318),#4336,.F.);
#4318 = FACE_BOUND('',#4319,.T.);
#4319 = EDGE_LOOP('',(#4320,#4321,#4328,#4329));
#4320 = ORIENTED_EDGE('',*,*,#4298,.T.);
#4321 = ORIENTED_EDGE('',*,*,#4322,.T.);
#4322 = EDGE_CURVE('',#4290,#4282,#4323,.T.);
#4323 = CIRCLE('',#4324,0.457200914402);
#4324 = AXIS2_PLACEMENT_3D('',#4325,#4326,#4327);
#4325 = CARTESIAN_POINT('',(53.349149098298,35.140016002032,    9.004318008636E-02));
#4326 = DIRECTION('',(0.,0.,1.));
#4327 = DIRECTION('',(-1.,-1.110223024625E-16,0.));
#4328 = ORIENTED_EDGE('',*,*,#4279,.F.);
#4329 = ORIENTED_EDGE('',*,*,#4330,.F.);
#4330 = EDGE_CURVE('',#4299,#4280,#4331,.T.);
#4331 = CIRCLE('',#4332,0.457200914402);
#4332 = AXIS2_PLACEMENT_3D('',#4333,#4334,#4335);
#4333 = CARTESIAN_POINT('',(53.349149098298,35.140016002032,0.));
#4334 = DIRECTION('',(0.,0.,1.));
#4335 = DIRECTION('',(-1.,-1.110223024625E-16,0.));
#4336 = CYLINDRICAL_SURFACE('',#4337,0.457200914402);
#4337 = AXIS2_PLACEMENT_3D('',#4338,#4339,#4340);
#4338 = CARTESIAN_POINT('',(53.349149098298,35.140016002032,0.));
#4339 = DIRECTION('',(-0.,-0.,-1.));
#4340 = DIRECTION('',(-1.,-1.110223024625E-16,0.));
#4341 = ADVANCED_FACE('',(#4342),#4378,.F.);
#4342 = FACE_BOUND('',#4343,.T.);
#4343 = EDGE_LOOP('',(#4344,#4354,#4363,#4371));
#4344 = ORIENTED_EDGE('',*,*,#4345,.T.);
#4345 = EDGE_CURVE('',#4346,#4348,#4350,.T.);
#4346 = VERTEX_POINT('',#4347);
#4347 = CARTESIAN_POINT('',(53.8063500127,32.600010922022,0.));
#4348 = VERTEX_POINT('',#4349);
#4349 = CARTESIAN_POINT('',(53.8063500127,32.600010922022,    9.004318008636E-02));
#4350 = LINE('',#4351,#4352);
#4351 = CARTESIAN_POINT('',(53.8063500127,32.600010922022,0.));
#4352 = VECTOR('',#4353,1.);
#4353 = DIRECTION('',(0.,0.,1.));
#4354 = ORIENTED_EDGE('',*,*,#4355,.T.);
#4355 = EDGE_CURVE('',#4348,#4356,#4358,.T.);
#4356 = VERTEX_POINT('',#4357);
#4357 = CARTESIAN_POINT('',(52.891948183896,32.600010922022,    9.004318008636E-02));
#4358 = CIRCLE('',#4359,0.457200914402);
#4359 = AXIS2_PLACEMENT_3D('',#4360,#4361,#4362);
#4360 = CARTESIAN_POINT('',(53.349149098298,32.600010922022,    9.004318008636E-02));
#4361 = DIRECTION('',(0.,0.,1.));
#4362 = DIRECTION('',(1.,1.110223024625E-16,-0.));
#4363 = ORIENTED_EDGE('',*,*,#4364,.F.);
#4364 = EDGE_CURVE('',#4365,#4356,#4367,.T.);
#4365 = VERTEX_POINT('',#4366);
#4366 = CARTESIAN_POINT('',(52.891948183896,32.600010922022,0.));
#4367 = LINE('',#4368,#4369);
#4368 = CARTESIAN_POINT('',(52.891948183896,32.600010922022,0.));
#4369 = VECTOR('',#4370,1.);
#4370 = DIRECTION('',(0.,0.,1.));
#4371 = ORIENTED_EDGE('',*,*,#4372,.F.);
#4372 = EDGE_CURVE('',#4346,#4365,#4373,.T.);
#4373 = CIRCLE('',#4374,0.457200914402);
#4374 = AXIS2_PLACEMENT_3D('',#4375,#4376,#4377);
#4375 = CARTESIAN_POINT('',(53.349149098298,32.600010922022,0.));
#4376 = DIRECTION('',(0.,0.,1.));
#4377 = DIRECTION('',(1.,1.110223024625E-16,-0.));
#4378 = CYLINDRICAL_SURFACE('',#4379,0.457200914402);
#4379 = AXIS2_PLACEMENT_3D('',#4380,#4381,#4382);
#4380 = CARTESIAN_POINT('',(53.349149098298,32.600010922022,0.));
#4381 = DIRECTION('',(-0.,-0.,-1.));
#4382 = DIRECTION('',(1.,1.110223024625E-16,-0.));
#4383 = ADVANCED_FACE('',(#4384),#4402,.F.);
#4384 = FACE_BOUND('',#4385,.T.);
#4385 = EDGE_LOOP('',(#4386,#4387,#4394,#4395));
#4386 = ORIENTED_EDGE('',*,*,#4364,.T.);
#4387 = ORIENTED_EDGE('',*,*,#4388,.T.);
#4388 = EDGE_CURVE('',#4356,#4348,#4389,.T.);
#4389 = CIRCLE('',#4390,0.457200914402);
#4390 = AXIS2_PLACEMENT_3D('',#4391,#4392,#4393);
#4391 = CARTESIAN_POINT('',(53.349149098298,32.600010922022,    9.004318008636E-02));
#4392 = DIRECTION('',(0.,0.,1.));
#4393 = DIRECTION('',(-1.,-1.110223024625E-16,0.));
#4394 = ORIENTED_EDGE('',*,*,#4345,.F.);
#4395 = ORIENTED_EDGE('',*,*,#4396,.F.);
#4396 = EDGE_CURVE('',#4365,#4346,#4397,.T.);
#4397 = CIRCLE('',#4398,0.457200914402);
#4398 = AXIS2_PLACEMENT_3D('',#4399,#4400,#4401);
#4399 = CARTESIAN_POINT('',(53.349149098298,32.600010922022,0.));
#4400 = DIRECTION('',(0.,0.,1.));
#4401 = DIRECTION('',(-1.,-1.110223024625E-16,0.));
#4402 = CYLINDRICAL_SURFACE('',#4403,0.457200914402);
#4403 = AXIS2_PLACEMENT_3D('',#4404,#4405,#4406);
#4404 = CARTESIAN_POINT('',(53.349149098298,32.600010922022,0.));
#4405 = DIRECTION('',(-0.,-0.,-1.));
#4406 = DIRECTION('',(-1.,-1.110223024625E-16,0.));
#4407 = ADVANCED_FACE('',(#4408),#4444,.F.);
#4408 = FACE_BOUND('',#4409,.T.);
#4409 = EDGE_LOOP('',(#4410,#4420,#4429,#4437));
#4410 = ORIENTED_EDGE('',*,*,#4411,.T.);
#4411 = EDGE_CURVE('',#4412,#4414,#4416,.T.);
#4412 = VERTEX_POINT('',#4413);
#4413 = CARTESIAN_POINT('',(56.851313182626,19.431038862078,0.));
#4414 = VERTEX_POINT('',#4415);
#4415 = CARTESIAN_POINT('',(56.851313182626,19.431038862078,    9.004318008636E-02));
#4416 = LINE('',#4417,#4418);
#4417 = CARTESIAN_POINT('',(56.851313182626,19.431038862078,0.));
#4418 = VECTOR('',#4419,1.);
#4419 = DIRECTION('',(0.,0.,1.));
#4420 = ORIENTED_EDGE('',*,*,#4421,.T.);
#4421 = EDGE_CURVE('',#4414,#4422,#4424,.T.);
#4422 = VERTEX_POINT('',#4423);
#4423 = CARTESIAN_POINT('',(55.936911353823,19.431038862078,    9.004318008636E-02));
#4424 = CIRCLE('',#4425,0.457200914402);
#4425 = AXIS2_PLACEMENT_3D('',#4426,#4427,#4428);
#4426 = CARTESIAN_POINT('',(56.394112268225,19.431038862078,    9.004318008636E-02));
#4427 = DIRECTION('',(0.,0.,1.));
#4428 = DIRECTION('',(1.,1.110223024625E-16,-0.));
#4429 = ORIENTED_EDGE('',*,*,#4430,.F.);
#4430 = EDGE_CURVE('',#4431,#4422,#4433,.T.);
#4431 = VERTEX_POINT('',#4432);
#4432 = CARTESIAN_POINT('',(55.936911353823,19.431038862078,0.));
#4433 = LINE('',#4434,#4435);
#4434 = CARTESIAN_POINT('',(55.936911353823,19.431038862078,0.));
#4435 = VECTOR('',#4436,1.);
#4436 = DIRECTION('',(0.,0.,1.));
#4437 = ORIENTED_EDGE('',*,*,#4438,.F.);
#4438 = EDGE_CURVE('',#4412,#4431,#4439,.T.);
#4439 = CIRCLE('',#4440,0.457200914402);
#4440 = AXIS2_PLACEMENT_3D('',#4441,#4442,#4443);
#4441 = CARTESIAN_POINT('',(56.394112268225,19.431038862078,0.));
#4442 = DIRECTION('',(0.,0.,1.));
#4443 = DIRECTION('',(1.,1.110223024625E-16,-0.));
#4444 = CYLINDRICAL_SURFACE('',#4445,0.457200914402);
#4445 = AXIS2_PLACEMENT_3D('',#4446,#4447,#4448);
#4446 = CARTESIAN_POINT('',(56.394112268225,19.431038862078,0.));
#4447 = DIRECTION('',(-0.,-0.,-1.));
#4448 = DIRECTION('',(1.,1.110223024625E-16,-0.));
#4449 = ADVANCED_FACE('',(#4450),#4468,.F.);
#4450 = FACE_BOUND('',#4451,.T.);
#4451 = EDGE_LOOP('',(#4452,#4453,#4460,#4461));
#4452 = ORIENTED_EDGE('',*,*,#4430,.T.);
#4453 = ORIENTED_EDGE('',*,*,#4454,.T.);
#4454 = EDGE_CURVE('',#4422,#4414,#4455,.T.);
#4455 = CIRCLE('',#4456,0.457200914402);
#4456 = AXIS2_PLACEMENT_3D('',#4457,#4458,#4459);
#4457 = CARTESIAN_POINT('',(56.394112268225,19.431038862078,    9.004318008636E-02));
#4458 = DIRECTION('',(0.,0.,1.));
#4459 = DIRECTION('',(-1.,-1.110223024625E-16,0.));
#4460 = ORIENTED_EDGE('',*,*,#4411,.F.);
#4461 = ORIENTED_EDGE('',*,*,#4462,.F.);
#4462 = EDGE_CURVE('',#4431,#4412,#4463,.T.);
#4463 = CIRCLE('',#4464,0.457200914402);
#4464 = AXIS2_PLACEMENT_3D('',#4465,#4466,#4467);
#4465 = CARTESIAN_POINT('',(56.394112268225,19.431038862078,0.));
#4466 = DIRECTION('',(0.,0.,1.));
#4467 = DIRECTION('',(-1.,-1.110223024625E-16,0.));
#4468 = CYLINDRICAL_SURFACE('',#4469,0.457200914402);
#4469 = AXIS2_PLACEMENT_3D('',#4470,#4471,#4472);
#4470 = CARTESIAN_POINT('',(56.394112268225,19.431038862078,0.));
#4471 = DIRECTION('',(-0.,-0.,-1.));
#4472 = DIRECTION('',(-1.,-1.110223024625E-16,0.));
#4473 = ADVANCED_FACE('',(#4474),#4510,.F.);
#4474 = FACE_BOUND('',#4475,.T.);
#4475 = EDGE_LOOP('',(#4476,#4486,#4495,#4503));
#4476 = ORIENTED_EDGE('',*,*,#4477,.T.);
#4477 = EDGE_CURVE('',#4478,#4480,#4482,.T.);
#4478 = VERTEX_POINT('',#4479);
#4479 = CARTESIAN_POINT('',(60.527584455169,49.530632461265,0.));
#4480 = VERTEX_POINT('',#4481);
#4481 = CARTESIAN_POINT('',(60.527584455169,49.530632461265,    9.004318008636E-02));
#4482 = LINE('',#4483,#4484);
#4483 = CARTESIAN_POINT('',(60.527584455169,49.530632461265,0.));
#4484 = VECTOR('',#4485,1.);
#4485 = DIRECTION('',(0.,0.,1.));
#4486 = ORIENTED_EDGE('',*,*,#4487,.T.);
#4487 = EDGE_CURVE('',#4480,#4488,#4490,.T.);
#4488 = VERTEX_POINT('',#4489);
#4489 = CARTESIAN_POINT('',(59.613182626365,49.530632461265,    9.004318008636E-02));
#4490 = CIRCLE('',#4491,0.457200914402);
#4491 = AXIS2_PLACEMENT_3D('',#4492,#4493,#4494);
#4492 = CARTESIAN_POINT('',(60.070383540767,49.530632461265,    9.004318008636E-02));
#4493 = DIRECTION('',(0.,0.,1.));
#4494 = DIRECTION('',(1.,1.110223024625E-16,-0.));
#4495 = ORIENTED_EDGE('',*,*,#4496,.F.);
#4496 = EDGE_CURVE('',#4497,#4488,#4499,.T.);
#4497 = VERTEX_POINT('',#4498);
#4498 = CARTESIAN_POINT('',(59.613182626365,49.530632461265,0.));
#4499 = LINE('',#4500,#4501);
#4500 = CARTESIAN_POINT('',(59.613182626365,49.530632461265,0.));
#4501 = VECTOR('',#4502,1.);
#4502 = DIRECTION('',(0.,0.,1.));
#4503 = ORIENTED_EDGE('',*,*,#4504,.F.);
#4504 = EDGE_CURVE('',#4478,#4497,#4505,.T.);
#4505 = CIRCLE('',#4506,0.457200914402);
#4506 = AXIS2_PLACEMENT_3D('',#4507,#4508,#4509);
#4507 = CARTESIAN_POINT('',(60.070383540767,49.530632461265,0.));
#4508 = DIRECTION('',(0.,0.,1.));
#4509 = DIRECTION('',(1.,1.110223024625E-16,-0.));
#4510 = CYLINDRICAL_SURFACE('',#4511,0.457200914402);
#4511 = AXIS2_PLACEMENT_3D('',#4512,#4513,#4514);
#4512 = CARTESIAN_POINT('',(60.070383540767,49.530632461265,0.));
#4513 = DIRECTION('',(-0.,-0.,-1.));
#4514 = DIRECTION('',(1.,1.110223024625E-16,-0.));
#4515 = ADVANCED_FACE('',(#4516),#4534,.F.);
#4516 = FACE_BOUND('',#4517,.T.);
#4517 = EDGE_LOOP('',(#4518,#4519,#4526,#4527));
#4518 = ORIENTED_EDGE('',*,*,#4496,.T.);
#4519 = ORIENTED_EDGE('',*,*,#4520,.T.);
#4520 = EDGE_CURVE('',#4488,#4480,#4521,.T.);
#4521 = CIRCLE('',#4522,0.457200914402);
#4522 = AXIS2_PLACEMENT_3D('',#4523,#4524,#4525);
#4523 = CARTESIAN_POINT('',(60.070383540767,49.530632461265,    9.004318008636E-02));
#4524 = DIRECTION('',(0.,0.,1.));
#4525 = DIRECTION('',(-1.,-1.110223024625E-16,0.));
#4526 = ORIENTED_EDGE('',*,*,#4477,.F.);
#4527 = ORIENTED_EDGE('',*,*,#4528,.F.);
#4528 = EDGE_CURVE('',#4497,#4478,#4529,.T.);
#4529 = CIRCLE('',#4530,0.457200914402);
#4530 = AXIS2_PLACEMENT_3D('',#4531,#4532,#4533);
#4531 = CARTESIAN_POINT('',(60.070383540767,49.530632461265,0.));
#4532 = DIRECTION('',(0.,0.,1.));
#4533 = DIRECTION('',(-1.,-1.110223024625E-16,0.));
#4534 = CYLINDRICAL_SURFACE('',#4535,0.457200914402);
#4535 = AXIS2_PLACEMENT_3D('',#4536,#4537,#4538);
#4536 = CARTESIAN_POINT('',(60.070383540767,49.530632461265,0.));
#4537 = DIRECTION('',(-0.,-0.,-1.));
#4538 = DIRECTION('',(-1.,-1.110223024625E-16,0.));
#4539 = ADVANCED_FACE('',(#4540),#4576,.F.);
#4540 = FACE_BOUND('',#4541,.T.);
#4541 = EDGE_LOOP('',(#4542,#4552,#4561,#4569));
#4542 = ORIENTED_EDGE('',*,*,#4543,.T.);
#4543 = EDGE_CURVE('',#4544,#4546,#4548,.T.);
#4544 = VERTEX_POINT('',#4545);
#4545 = CARTESIAN_POINT('',(60.527584455169,41.910617221234,0.));
#4546 = VERTEX_POINT('',#4547);
#4547 = CARTESIAN_POINT('',(60.527584455169,41.910617221234,    9.004318008636E-02));
#4548 = LINE('',#4549,#4550);
#4549 = CARTESIAN_POINT('',(60.527584455169,41.910617221234,0.));
#4550 = VECTOR('',#4551,1.);
#4551 = DIRECTION('',(0.,0.,1.));
#4552 = ORIENTED_EDGE('',*,*,#4553,.T.);
#4553 = EDGE_CURVE('',#4546,#4554,#4556,.T.);
#4554 = VERTEX_POINT('',#4555);
#4555 = CARTESIAN_POINT('',(59.613182626365,41.910617221234,    9.004318008636E-02));
#4556 = CIRCLE('',#4557,0.457200914402);
#4557 = AXIS2_PLACEMENT_3D('',#4558,#4559,#4560);
#4558 = CARTESIAN_POINT('',(60.070383540767,41.910617221234,    9.004318008636E-02));
#4559 = DIRECTION('',(0.,0.,1.));
#4560 = DIRECTION('',(1.,1.110223024625E-16,-0.));
#4561 = ORIENTED_EDGE('',*,*,#4562,.F.);
#4562 = EDGE_CURVE('',#4563,#4554,#4565,.T.);
#4563 = VERTEX_POINT('',#4564);
#4564 = CARTESIAN_POINT('',(59.613182626365,41.910617221234,0.));
#4565 = LINE('',#4566,#4567);
#4566 = CARTESIAN_POINT('',(59.613182626365,41.910617221234,0.));
#4567 = VECTOR('',#4568,1.);
#4568 = DIRECTION('',(0.,0.,1.));
#4569 = ORIENTED_EDGE('',*,*,#4570,.F.);
#4570 = EDGE_CURVE('',#4544,#4563,#4571,.T.);
#4571 = CIRCLE('',#4572,0.457200914402);
#4572 = AXIS2_PLACEMENT_3D('',#4573,#4574,#4575);
#4573 = CARTESIAN_POINT('',(60.070383540767,41.910617221234,0.));
#4574 = DIRECTION('',(0.,0.,1.));
#4575 = DIRECTION('',(1.,1.110223024625E-16,-0.));
#4576 = CYLINDRICAL_SURFACE('',#4577,0.457200914402);
#4577 = AXIS2_PLACEMENT_3D('',#4578,#4579,#4580);
#4578 = CARTESIAN_POINT('',(60.070383540767,41.910617221234,0.));
#4579 = DIRECTION('',(-0.,-0.,-1.));
#4580 = DIRECTION('',(1.,1.110223024625E-16,-0.));
#4581 = ADVANCED_FACE('',(#4582),#4600,.F.);
#4582 = FACE_BOUND('',#4583,.T.);
#4583 = EDGE_LOOP('',(#4584,#4585,#4592,#4593));
#4584 = ORIENTED_EDGE('',*,*,#4562,.T.);
#4585 = ORIENTED_EDGE('',*,*,#4586,.T.);
#4586 = EDGE_CURVE('',#4554,#4546,#4587,.T.);
#4587 = CIRCLE('',#4588,0.457200914402);
#4588 = AXIS2_PLACEMENT_3D('',#4589,#4590,#4591);
#4589 = CARTESIAN_POINT('',(60.070383540767,41.910617221234,    9.004318008636E-02));
#4590 = DIRECTION('',(0.,0.,1.));
#4591 = DIRECTION('',(-1.,-1.110223024625E-16,0.));
#4592 = ORIENTED_EDGE('',*,*,#4543,.F.);
#4593 = ORIENTED_EDGE('',*,*,#4594,.F.);
#4594 = EDGE_CURVE('',#4563,#4544,#4595,.T.);
#4595 = CIRCLE('',#4596,0.457200914402);
#4596 = AXIS2_PLACEMENT_3D('',#4597,#4598,#4599);
#4597 = CARTESIAN_POINT('',(60.070383540767,41.910617221234,0.));
#4598 = DIRECTION('',(0.,0.,1.));
#4599 = DIRECTION('',(-1.,-1.110223024625E-16,0.));
#4600 = CYLINDRICAL_SURFACE('',#4601,0.457200914402);
#4601 = AXIS2_PLACEMENT_3D('',#4602,#4603,#4604);
#4602 = CARTESIAN_POINT('',(60.070383540767,41.910617221234,0.));
#4603 = DIRECTION('',(-0.,-0.,-1.));
#4604 = DIRECTION('',(-1.,-1.110223024625E-16,0.));
#4605 = ADVANCED_FACE('',(#4606),#4642,.F.);
#4606 = FACE_BOUND('',#4607,.T.);
#4607 = EDGE_LOOP('',(#4608,#4618,#4627,#4635));
#4608 = ORIENTED_EDGE('',*,*,#4609,.T.);
#4609 = EDGE_CURVE('',#4610,#4612,#4614,.T.);
#4610 = VERTEX_POINT('',#4611);
#4611 = CARTESIAN_POINT('',(60.527584455169,39.370612141224,0.));
#4612 = VERTEX_POINT('',#4613);
#4613 = CARTESIAN_POINT('',(60.527584455169,39.370612141224,    9.004318008636E-02));
#4614 = LINE('',#4615,#4616);
#4615 = CARTESIAN_POINT('',(60.527584455169,39.370612141224,0.));
#4616 = VECTOR('',#4617,1.);
#4617 = DIRECTION('',(0.,0.,1.));
#4618 = ORIENTED_EDGE('',*,*,#4619,.T.);
#4619 = EDGE_CURVE('',#4612,#4620,#4622,.T.);
#4620 = VERTEX_POINT('',#4621);
#4621 = CARTESIAN_POINT('',(59.613182626365,39.370612141224,    9.004318008636E-02));
#4622 = CIRCLE('',#4623,0.457200914402);
#4623 = AXIS2_PLACEMENT_3D('',#4624,#4625,#4626);
#4624 = CARTESIAN_POINT('',(60.070383540767,39.370612141224,    9.004318008636E-02));
#4625 = DIRECTION('',(0.,0.,1.));
#4626 = DIRECTION('',(1.,1.110223024625E-16,-0.));
#4627 = ORIENTED_EDGE('',*,*,#4628,.F.);
#4628 = EDGE_CURVE('',#4629,#4620,#4631,.T.);
#4629 = VERTEX_POINT('',#4630);
#4630 = CARTESIAN_POINT('',(59.613182626365,39.370612141224,0.));
#4631 = LINE('',#4632,#4633);
#4632 = CARTESIAN_POINT('',(59.613182626365,39.370612141224,0.));
#4633 = VECTOR('',#4634,1.);
#4634 = DIRECTION('',(0.,0.,1.));
#4635 = ORIENTED_EDGE('',*,*,#4636,.F.);
#4636 = EDGE_CURVE('',#4610,#4629,#4637,.T.);
#4637 = CIRCLE('',#4638,0.457200914402);
#4638 = AXIS2_PLACEMENT_3D('',#4639,#4640,#4641);
#4639 = CARTESIAN_POINT('',(60.070383540767,39.370612141224,0.));
#4640 = DIRECTION('',(0.,0.,1.));
#4641 = DIRECTION('',(1.,1.110223024625E-16,-0.));
#4642 = CYLINDRICAL_SURFACE('',#4643,0.457200914402);
#4643 = AXIS2_PLACEMENT_3D('',#4644,#4645,#4646);
#4644 = CARTESIAN_POINT('',(60.070383540767,39.370612141224,0.));
#4645 = DIRECTION('',(-0.,-0.,-1.));
#4646 = DIRECTION('',(1.,1.110223024625E-16,-0.));
#4647 = ADVANCED_FACE('',(#4648),#4666,.F.);
#4648 = FACE_BOUND('',#4649,.T.);
#4649 = EDGE_LOOP('',(#4650,#4651,#4658,#4659));
#4650 = ORIENTED_EDGE('',*,*,#4628,.T.);
#4651 = ORIENTED_EDGE('',*,*,#4652,.T.);
#4652 = EDGE_CURVE('',#4620,#4612,#4653,.T.);
#4653 = CIRCLE('',#4654,0.457200914402);
#4654 = AXIS2_PLACEMENT_3D('',#4655,#4656,#4657);
#4655 = CARTESIAN_POINT('',(60.070383540767,39.370612141224,    9.004318008636E-02));
#4656 = DIRECTION('',(0.,0.,1.));
#4657 = DIRECTION('',(-1.,-1.110223024625E-16,0.));
#4658 = ORIENTED_EDGE('',*,*,#4609,.F.);
#4659 = ORIENTED_EDGE('',*,*,#4660,.F.);
#4660 = EDGE_CURVE('',#4629,#4610,#4661,.T.);
#4661 = CIRCLE('',#4662,0.457200914402);
#4662 = AXIS2_PLACEMENT_3D('',#4663,#4664,#4665);
#4663 = CARTESIAN_POINT('',(60.070383540767,39.370612141224,0.));
#4664 = DIRECTION('',(0.,0.,1.));
#4665 = DIRECTION('',(-1.,-1.110223024625E-16,0.));
#4666 = CYLINDRICAL_SURFACE('',#4667,0.457200914402);
#4667 = AXIS2_PLACEMENT_3D('',#4668,#4669,#4670);
#4668 = CARTESIAN_POINT('',(60.070383540767,39.370612141224,0.));
#4669 = DIRECTION('',(-0.,-0.,-1.));
#4670 = DIRECTION('',(-1.,-1.110223024625E-16,0.));
#4671 = ADVANCED_FACE('',(#4672),#4708,.F.);
#4672 = FACE_BOUND('',#4673,.T.);
#4673 = EDGE_LOOP('',(#4674,#4684,#4693,#4701));
#4674 = ORIENTED_EDGE('',*,*,#4675,.T.);
#4675 = EDGE_CURVE('',#4676,#4678,#4680,.T.);
#4676 = VERTEX_POINT('',#4677);
#4677 = CARTESIAN_POINT('',(60.527584455169,36.830632461265,0.));
#4678 = VERTEX_POINT('',#4679);
#4679 = CARTESIAN_POINT('',(60.527584455169,36.830632461265,    9.004318008636E-02));
#4680 = LINE('',#4681,#4682);
#4681 = CARTESIAN_POINT('',(60.527584455169,36.830632461265,0.));
#4682 = VECTOR('',#4683,1.);
#4683 = DIRECTION('',(0.,0.,1.));
#4684 = ORIENTED_EDGE('',*,*,#4685,.T.);
#4685 = EDGE_CURVE('',#4678,#4686,#4688,.T.);
#4686 = VERTEX_POINT('',#4687);
#4687 = CARTESIAN_POINT('',(59.613182626365,36.830632461265,    9.004318008636E-02));
#4688 = CIRCLE('',#4689,0.457200914402);
#4689 = AXIS2_PLACEMENT_3D('',#4690,#4691,#4692);
#4690 = CARTESIAN_POINT('',(60.070383540767,36.830632461265,    9.004318008636E-02));
#4691 = DIRECTION('',(0.,0.,1.));
#4692 = DIRECTION('',(1.,1.110223024625E-16,-0.));
#4693 = ORIENTED_EDGE('',*,*,#4694,.F.);
#4694 = EDGE_CURVE('',#4695,#4686,#4697,.T.);
#4695 = VERTEX_POINT('',#4696);
#4696 = CARTESIAN_POINT('',(59.613182626365,36.830632461265,0.));
#4697 = LINE('',#4698,#4699);
#4698 = CARTESIAN_POINT('',(59.613182626365,36.830632461265,0.));
#4699 = VECTOR('',#4700,1.);
#4700 = DIRECTION('',(0.,0.,1.));
#4701 = ORIENTED_EDGE('',*,*,#4702,.F.);
#4702 = EDGE_CURVE('',#4676,#4695,#4703,.T.);
#4703 = CIRCLE('',#4704,0.457200914402);
#4704 = AXIS2_PLACEMENT_3D('',#4705,#4706,#4707);
#4705 = CARTESIAN_POINT('',(60.070383540767,36.830632461265,0.));
#4706 = DIRECTION('',(0.,0.,1.));
#4707 = DIRECTION('',(1.,1.110223024625E-16,-0.));
#4708 = CYLINDRICAL_SURFACE('',#4709,0.457200914402);
#4709 = AXIS2_PLACEMENT_3D('',#4710,#4711,#4712);
#4710 = CARTESIAN_POINT('',(60.070383540767,36.830632461265,0.));
#4711 = DIRECTION('',(-0.,-0.,-1.));
#4712 = DIRECTION('',(1.,1.110223024625E-16,-0.));
#4713 = ADVANCED_FACE('',(#4714),#4732,.F.);
#4714 = FACE_BOUND('',#4715,.T.);
#4715 = EDGE_LOOP('',(#4716,#4717,#4724,#4725));
#4716 = ORIENTED_EDGE('',*,*,#4694,.T.);
#4717 = ORIENTED_EDGE('',*,*,#4718,.T.);
#4718 = EDGE_CURVE('',#4686,#4678,#4719,.T.);
#4719 = CIRCLE('',#4720,0.457200914402);
#4720 = AXIS2_PLACEMENT_3D('',#4721,#4722,#4723);
#4721 = CARTESIAN_POINT('',(60.070383540767,36.830632461265,    9.004318008636E-02));
#4722 = DIRECTION('',(0.,0.,1.));
#4723 = DIRECTION('',(-1.,-1.110223024625E-16,0.));
#4724 = ORIENTED_EDGE('',*,*,#4675,.F.);
#4725 = ORIENTED_EDGE('',*,*,#4726,.F.);
#4726 = EDGE_CURVE('',#4695,#4676,#4727,.T.);
#4727 = CIRCLE('',#4728,0.457200914402);
#4728 = AXIS2_PLACEMENT_3D('',#4729,#4730,#4731);
#4729 = CARTESIAN_POINT('',(60.070383540767,36.830632461265,0.));
#4730 = DIRECTION('',(0.,0.,1.));
#4731 = DIRECTION('',(-1.,-1.110223024625E-16,0.));
#4732 = CYLINDRICAL_SURFACE('',#4733,0.457200914402);
#4733 = AXIS2_PLACEMENT_3D('',#4734,#4735,#4736);
#4734 = CARTESIAN_POINT('',(60.070383540767,36.830632461265,0.));
#4735 = DIRECTION('',(-0.,-0.,-1.));
#4736 = DIRECTION('',(-1.,-1.110223024625E-16,0.));
#4737 = ADVANCED_FACE('',(#4738),#4774,.F.);
#4738 = FACE_BOUND('',#4739,.T.);
#4739 = EDGE_LOOP('',(#4740,#4750,#4759,#4767));
#4740 = ORIENTED_EDGE('',*,*,#4741,.T.);
#4741 = EDGE_CURVE('',#4742,#4744,#4746,.T.);
#4742 = VERTEX_POINT('',#4743);
#4743 = CARTESIAN_POINT('',(60.527584455169,34.290627381255,0.));
#4744 = VERTEX_POINT('',#4745);
#4745 = CARTESIAN_POINT('',(60.527584455169,34.290627381255,    9.004318008636E-02));
#4746 = LINE('',#4747,#4748);
#4747 = CARTESIAN_POINT('',(60.527584455169,34.290627381255,0.));
#4748 = VECTOR('',#4749,1.);
#4749 = DIRECTION('',(0.,0.,1.));
#4750 = ORIENTED_EDGE('',*,*,#4751,.T.);
#4751 = EDGE_CURVE('',#4744,#4752,#4754,.T.);
#4752 = VERTEX_POINT('',#4753);
#4753 = CARTESIAN_POINT('',(59.613182626365,34.290627381255,    9.004318008636E-02));
#4754 = CIRCLE('',#4755,0.457200914402);
#4755 = AXIS2_PLACEMENT_3D('',#4756,#4757,#4758);
#4756 = CARTESIAN_POINT('',(60.070383540767,34.290627381255,    9.004318008636E-02));
#4757 = DIRECTION('',(0.,0.,1.));
#4758 = DIRECTION('',(1.,1.110223024625E-16,-0.));
#4759 = ORIENTED_EDGE('',*,*,#4760,.F.);
#4760 = EDGE_CURVE('',#4761,#4752,#4763,.T.);
#4761 = VERTEX_POINT('',#4762);
#4762 = CARTESIAN_POINT('',(59.613182626365,34.290627381255,0.));
#4763 = LINE('',#4764,#4765);
#4764 = CARTESIAN_POINT('',(59.613182626365,34.290627381255,0.));
#4765 = VECTOR('',#4766,1.);
#4766 = DIRECTION('',(0.,0.,1.));
#4767 = ORIENTED_EDGE('',*,*,#4768,.F.);
#4768 = EDGE_CURVE('',#4742,#4761,#4769,.T.);
#4769 = CIRCLE('',#4770,0.457200914402);
#4770 = AXIS2_PLACEMENT_3D('',#4771,#4772,#4773);
#4771 = CARTESIAN_POINT('',(60.070383540767,34.290627381255,0.));
#4772 = DIRECTION('',(0.,0.,1.));
#4773 = DIRECTION('',(1.,1.110223024625E-16,-0.));
#4774 = CYLINDRICAL_SURFACE('',#4775,0.457200914402);
#4775 = AXIS2_PLACEMENT_3D('',#4776,#4777,#4778);
#4776 = CARTESIAN_POINT('',(60.070383540767,34.290627381255,0.));
#4777 = DIRECTION('',(-0.,-0.,-1.));
#4778 = DIRECTION('',(1.,1.110223024625E-16,-0.));
#4779 = ADVANCED_FACE('',(#4780),#4798,.F.);
#4780 = FACE_BOUND('',#4781,.T.);
#4781 = EDGE_LOOP('',(#4782,#4783,#4790,#4791));
#4782 = ORIENTED_EDGE('',*,*,#4760,.T.);
#4783 = ORIENTED_EDGE('',*,*,#4784,.T.);
#4784 = EDGE_CURVE('',#4752,#4744,#4785,.T.);
#4785 = CIRCLE('',#4786,0.457200914402);
#4786 = AXIS2_PLACEMENT_3D('',#4787,#4788,#4789);
#4787 = CARTESIAN_POINT('',(60.070383540767,34.290627381255,    9.004318008636E-02));
#4788 = DIRECTION('',(0.,0.,1.));
#4789 = DIRECTION('',(-1.,-1.110223024625E-16,0.));
#4790 = ORIENTED_EDGE('',*,*,#4741,.F.);
#4791 = ORIENTED_EDGE('',*,*,#4792,.F.);
#4792 = EDGE_CURVE('',#4761,#4742,#4793,.T.);
#4793 = CIRCLE('',#4794,0.457200914402);
#4794 = AXIS2_PLACEMENT_3D('',#4795,#4796,#4797);
#4795 = CARTESIAN_POINT('',(60.070383540767,34.290627381255,0.));
#4796 = DIRECTION('',(0.,0.,1.));
#4797 = DIRECTION('',(-1.,-1.110223024625E-16,0.));
#4798 = CYLINDRICAL_SURFACE('',#4799,0.457200914402);
#4799 = AXIS2_PLACEMENT_3D('',#4800,#4801,#4802);
#4800 = CARTESIAN_POINT('',(60.070383540767,34.290627381255,0.));
#4801 = DIRECTION('',(-0.,-0.,-1.));
#4802 = DIRECTION('',(-1.,-1.110223024625E-16,0.));
#4803 = ADVANCED_FACE('',(#4804),#4840,.F.);
#4804 = FACE_BOUND('',#4805,.T.);
#4805 = EDGE_LOOP('',(#4806,#4816,#4825,#4833));
#4806 = ORIENTED_EDGE('',*,*,#4807,.T.);
#4807 = EDGE_CURVE('',#4808,#4810,#4812,.T.);
#4808 = VERTEX_POINT('',#4809);
#4809 = CARTESIAN_POINT('',(60.527584455169,46.990627381255,0.));
#4810 = VERTEX_POINT('',#4811);
#4811 = CARTESIAN_POINT('',(60.527584455169,46.990627381255,    9.004318008636E-02));
#4812 = LINE('',#4813,#4814);
#4813 = CARTESIAN_POINT('',(60.527584455169,46.990627381255,0.));
#4814 = VECTOR('',#4815,1.);
#4815 = DIRECTION('',(0.,0.,1.));
#4816 = ORIENTED_EDGE('',*,*,#4817,.T.);
#4817 = EDGE_CURVE('',#4810,#4818,#4820,.T.);
#4818 = VERTEX_POINT('',#4819);
#4819 = CARTESIAN_POINT('',(59.613182626365,46.990627381255,    9.004318008636E-02));
#4820 = CIRCLE('',#4821,0.457200914402);
#4821 = AXIS2_PLACEMENT_3D('',#4822,#4823,#4824);
#4822 = CARTESIAN_POINT('',(60.070383540767,46.990627381255,    9.004318008636E-02));
#4823 = DIRECTION('',(0.,0.,1.));
#4824 = DIRECTION('',(1.,1.110223024625E-16,-0.));
#4825 = ORIENTED_EDGE('',*,*,#4826,.F.);
#4826 = EDGE_CURVE('',#4827,#4818,#4829,.T.);
#4827 = VERTEX_POINT('',#4828);
#4828 = CARTESIAN_POINT('',(59.613182626365,46.990627381255,0.));
#4829 = LINE('',#4830,#4831);
#4830 = CARTESIAN_POINT('',(59.613182626365,46.990627381255,0.));
#4831 = VECTOR('',#4832,1.);
#4832 = DIRECTION('',(0.,0.,1.));
#4833 = ORIENTED_EDGE('',*,*,#4834,.F.);
#4834 = EDGE_CURVE('',#4808,#4827,#4835,.T.);
#4835 = CIRCLE('',#4836,0.457200914402);
#4836 = AXIS2_PLACEMENT_3D('',#4837,#4838,#4839);
#4837 = CARTESIAN_POINT('',(60.070383540767,46.990627381255,0.));
#4838 = DIRECTION('',(0.,0.,1.));
#4839 = DIRECTION('',(1.,1.110223024625E-16,-0.));
#4840 = CYLINDRICAL_SURFACE('',#4841,0.457200914402);
#4841 = AXIS2_PLACEMENT_3D('',#4842,#4843,#4844);
#4842 = CARTESIAN_POINT('',(60.070383540767,46.990627381255,0.));
#4843 = DIRECTION('',(-0.,-0.,-1.));
#4844 = DIRECTION('',(1.,1.110223024625E-16,-0.));
#4845 = ADVANCED_FACE('',(#4846),#4864,.F.);
#4846 = FACE_BOUND('',#4847,.T.);
#4847 = EDGE_LOOP('',(#4848,#4849,#4856,#4857));
#4848 = ORIENTED_EDGE('',*,*,#4826,.T.);
#4849 = ORIENTED_EDGE('',*,*,#4850,.T.);
#4850 = EDGE_CURVE('',#4818,#4810,#4851,.T.);
#4851 = CIRCLE('',#4852,0.457200914402);
#4852 = AXIS2_PLACEMENT_3D('',#4853,#4854,#4855);
#4853 = CARTESIAN_POINT('',(60.070383540767,46.990627381255,    9.004318008636E-02));
#4854 = DIRECTION('',(0.,0.,1.));
#4855 = DIRECTION('',(-1.,-1.110223024625E-16,0.));
#4856 = ORIENTED_EDGE('',*,*,#4807,.F.);
#4857 = ORIENTED_EDGE('',*,*,#4858,.F.);
#4858 = EDGE_CURVE('',#4827,#4808,#4859,.T.);
#4859 = CIRCLE('',#4860,0.457200914402);
#4860 = AXIS2_PLACEMENT_3D('',#4861,#4862,#4863);
#4861 = CARTESIAN_POINT('',(60.070383540767,46.990627381255,0.));
#4862 = DIRECTION('',(0.,0.,1.));
#4863 = DIRECTION('',(-1.,-1.110223024625E-16,0.));
#4864 = CYLINDRICAL_SURFACE('',#4865,0.457200914402);
#4865 = AXIS2_PLACEMENT_3D('',#4866,#4867,#4868);
#4866 = CARTESIAN_POINT('',(60.070383540767,46.990627381255,0.));
#4867 = DIRECTION('',(-0.,-0.,-1.));
#4868 = DIRECTION('',(-1.,-1.110223024625E-16,0.));
#4869 = ADVANCED_FACE('',(#4870),#4906,.F.);
#4870 = FACE_BOUND('',#4871,.T.);
#4871 = EDGE_LOOP('',(#4872,#4882,#4891,#4899));
#4872 = ORIENTED_EDGE('',*,*,#4873,.T.);
#4873 = EDGE_CURVE('',#4874,#4876,#4878,.T.);
#4874 = VERTEX_POINT('',#4875);
#4875 = CARTESIAN_POINT('',(60.527584455169,44.450622301245,0.));
#4876 = VERTEX_POINT('',#4877);
#4877 = CARTESIAN_POINT('',(60.527584455169,44.450622301245,    9.004318008636E-02));
#4878 = LINE('',#4879,#4880);
#4879 = CARTESIAN_POINT('',(60.527584455169,44.450622301245,0.));
#4880 = VECTOR('',#4881,1.);
#4881 = DIRECTION('',(0.,0.,1.));
#4882 = ORIENTED_EDGE('',*,*,#4883,.T.);
#4883 = EDGE_CURVE('',#4876,#4884,#4886,.T.);
#4884 = VERTEX_POINT('',#4885);
#4885 = CARTESIAN_POINT('',(59.613182626365,44.450622301245,    9.004318008636E-02));
#4886 = CIRCLE('',#4887,0.457200914402);
#4887 = AXIS2_PLACEMENT_3D('',#4888,#4889,#4890);
#4888 = CARTESIAN_POINT('',(60.070383540767,44.450622301245,    9.004318008636E-02));
#4889 = DIRECTION('',(0.,0.,1.));
#4890 = DIRECTION('',(1.,1.110223024625E-16,-0.));
#4891 = ORIENTED_EDGE('',*,*,#4892,.F.);
#4892 = EDGE_CURVE('',#4893,#4884,#4895,.T.);
#4893 = VERTEX_POINT('',#4894);
#4894 = CARTESIAN_POINT('',(59.613182626365,44.450622301245,0.));
#4895 = LINE('',#4896,#4897);
#4896 = CARTESIAN_POINT('',(59.613182626365,44.450622301245,0.));
#4897 = VECTOR('',#4898,1.);
#4898 = DIRECTION('',(0.,0.,1.));
#4899 = ORIENTED_EDGE('',*,*,#4900,.F.);
#4900 = EDGE_CURVE('',#4874,#4893,#4901,.T.);
#4901 = CIRCLE('',#4902,0.457200914402);
#4902 = AXIS2_PLACEMENT_3D('',#4903,#4904,#4905);
#4903 = CARTESIAN_POINT('',(60.070383540767,44.450622301245,0.));
#4904 = DIRECTION('',(0.,0.,1.));
#4905 = DIRECTION('',(1.,1.110223024625E-16,-0.));
#4906 = CYLINDRICAL_SURFACE('',#4907,0.457200914402);
#4907 = AXIS2_PLACEMENT_3D('',#4908,#4909,#4910);
#4908 = CARTESIAN_POINT('',(60.070383540767,44.450622301245,0.));
#4909 = DIRECTION('',(-0.,-0.,-1.));
#4910 = DIRECTION('',(1.,1.110223024625E-16,-0.));
#4911 = ADVANCED_FACE('',(#4912),#4930,.F.);
#4912 = FACE_BOUND('',#4913,.T.);
#4913 = EDGE_LOOP('',(#4914,#4915,#4922,#4923));
#4914 = ORIENTED_EDGE('',*,*,#4892,.T.);
#4915 = ORIENTED_EDGE('',*,*,#4916,.T.);
#4916 = EDGE_CURVE('',#4884,#4876,#4917,.T.);
#4917 = CIRCLE('',#4918,0.457200914402);
#4918 = AXIS2_PLACEMENT_3D('',#4919,#4920,#4921);
#4919 = CARTESIAN_POINT('',(60.070383540767,44.450622301245,    9.004318008636E-02));
#4920 = DIRECTION('',(0.,0.,1.));
#4921 = DIRECTION('',(-1.,-1.110223024625E-16,0.));
#4922 = ORIENTED_EDGE('',*,*,#4873,.F.);
#4923 = ORIENTED_EDGE('',*,*,#4924,.F.);
#4924 = EDGE_CURVE('',#4893,#4874,#4925,.T.);
#4925 = CIRCLE('',#4926,0.457200914402);
#4926 = AXIS2_PLACEMENT_3D('',#4927,#4928,#4929);
#4927 = CARTESIAN_POINT('',(60.070383540767,44.450622301245,0.));
#4928 = DIRECTION('',(0.,0.,1.));
#4929 = DIRECTION('',(-1.,-1.110223024625E-16,0.));
#4930 = CYLINDRICAL_SURFACE('',#4931,0.457200914402);
#4931 = AXIS2_PLACEMENT_3D('',#4932,#4933,#4934);
#4932 = CARTESIAN_POINT('',(60.070383540767,44.450622301245,0.));
#4933 = DIRECTION('',(-0.,-0.,-1.));
#4934 = DIRECTION('',(-1.,-1.110223024625E-16,0.));
#4935 = ADVANCED_FACE('',(#4936),#4972,.F.);
#4936 = FACE_BOUND('',#4937,.T.);
#4937 = EDGE_LOOP('',(#4938,#4948,#4957,#4965));
#4938 = ORIENTED_EDGE('',*,*,#4939,.T.);
#4939 = EDGE_CURVE('',#4940,#4942,#4944,.T.);
#4940 = VERTEX_POINT('',#4941);
#4941 = CARTESIAN_POINT('',(60.527584455169,31.750622301245,0.));
#4942 = VERTEX_POINT('',#4943);
#4943 = CARTESIAN_POINT('',(60.527584455169,31.750622301245,    9.004318008636E-02));
#4944 = LINE('',#4945,#4946);
#4945 = CARTESIAN_POINT('',(60.527584455169,31.750622301245,0.));
#4946 = VECTOR('',#4947,1.);
#4947 = DIRECTION('',(0.,0.,1.));
#4948 = ORIENTED_EDGE('',*,*,#4949,.T.);
#4949 = EDGE_CURVE('',#4942,#4950,#4952,.T.);
#4950 = VERTEX_POINT('',#4951);
#4951 = CARTESIAN_POINT('',(59.613182626365,31.750622301245,    9.004318008636E-02));
#4952 = CIRCLE('',#4953,0.457200914402);
#4953 = AXIS2_PLACEMENT_3D('',#4954,#4955,#4956);
#4954 = CARTESIAN_POINT('',(60.070383540767,31.750622301245,    9.004318008636E-02));
#4955 = DIRECTION('',(0.,0.,1.));
#4956 = DIRECTION('',(1.,1.110223024625E-16,-0.));
#4957 = ORIENTED_EDGE('',*,*,#4958,.F.);
#4958 = EDGE_CURVE('',#4959,#4950,#4961,.T.);
#4959 = VERTEX_POINT('',#4960);
#4960 = CARTESIAN_POINT('',(59.613182626365,31.750622301245,0.));
#4961 = LINE('',#4962,#4963);
#4962 = CARTESIAN_POINT('',(59.613182626365,31.750622301245,0.));
#4963 = VECTOR('',#4964,1.);
#4964 = DIRECTION('',(0.,0.,1.));
#4965 = ORIENTED_EDGE('',*,*,#4966,.F.);
#4966 = EDGE_CURVE('',#4940,#4959,#4967,.T.);
#4967 = CIRCLE('',#4968,0.457200914402);
#4968 = AXIS2_PLACEMENT_3D('',#4969,#4970,#4971);
#4969 = CARTESIAN_POINT('',(60.070383540767,31.750622301245,0.));
#4970 = DIRECTION('',(0.,0.,1.));
#4971 = DIRECTION('',(1.,1.110223024625E-16,-0.));
#4972 = CYLINDRICAL_SURFACE('',#4973,0.457200914402);
#4973 = AXIS2_PLACEMENT_3D('',#4974,#4975,#4976);
#4974 = CARTESIAN_POINT('',(60.070383540767,31.750622301245,0.));
#4975 = DIRECTION('',(-0.,-0.,-1.));
#4976 = DIRECTION('',(1.,1.110223024625E-16,-0.));
#4977 = ADVANCED_FACE('',(#4978),#4996,.F.);
#4978 = FACE_BOUND('',#4979,.T.);
#4979 = EDGE_LOOP('',(#4980,#4981,#4988,#4989));
#4980 = ORIENTED_EDGE('',*,*,#4958,.T.);
#4981 = ORIENTED_EDGE('',*,*,#4982,.T.);
#4982 = EDGE_CURVE('',#4950,#4942,#4983,.T.);
#4983 = CIRCLE('',#4984,0.457200914402);
#4984 = AXIS2_PLACEMENT_3D('',#4985,#4986,#4987);
#4985 = CARTESIAN_POINT('',(60.070383540767,31.750622301245,    9.004318008636E-02));
#4986 = DIRECTION('',(0.,0.,1.));
#4987 = DIRECTION('',(-1.,-1.110223024625E-16,0.));
#4988 = ORIENTED_EDGE('',*,*,#4939,.F.);
#4989 = ORIENTED_EDGE('',*,*,#4990,.F.);
#4990 = EDGE_CURVE('',#4959,#4940,#4991,.T.);
#4991 = CIRCLE('',#4992,0.457200914402);
#4992 = AXIS2_PLACEMENT_3D('',#4993,#4994,#4995);
#4993 = CARTESIAN_POINT('',(60.070383540767,31.750622301245,0.));
#4994 = DIRECTION('',(0.,0.,1.));
#4995 = DIRECTION('',(-1.,-1.110223024625E-16,0.));
#4996 = CYLINDRICAL_SURFACE('',#4997,0.457200914402);
#4997 = AXIS2_PLACEMENT_3D('',#4998,#4999,#5000);
#4998 = CARTESIAN_POINT('',(60.070383540767,31.750622301245,0.));
#4999 = DIRECTION('',(-0.,-0.,-1.));
#5000 = DIRECTION('',(-1.,-1.110223024625E-16,0.));
#5001 = ADVANCED_FACE('',(#5002),#5038,.F.);
#5002 = FACE_BOUND('',#5003,.T.);
#5003 = EDGE_LOOP('',(#5004,#5014,#5023,#5031));
#5004 = ORIENTED_EDGE('',*,*,#5005,.T.);
#5005 = EDGE_CURVE('',#5006,#5008,#5010,.T.);
#5006 = VERTEX_POINT('',#5007);
#5007 = CARTESIAN_POINT('',(60.527584455169,29.210617221234,0.));
#5008 = VERTEX_POINT('',#5009);
#5009 = CARTESIAN_POINT('',(60.527584455169,29.210617221234,    9.004318008636E-02));
#5010 = LINE('',#5011,#5012);
#5011 = CARTESIAN_POINT('',(60.527584455169,29.210617221234,0.));
#5012 = VECTOR('',#5013,1.);
#5013 = DIRECTION('',(0.,0.,1.));
#5014 = ORIENTED_EDGE('',*,*,#5015,.T.);
#5015 = EDGE_CURVE('',#5008,#5016,#5018,.T.);
#5016 = VERTEX_POINT('',#5017);
#5017 = CARTESIAN_POINT('',(59.613182626365,29.210617221234,    9.004318008636E-02));
#5018 = CIRCLE('',#5019,0.457200914402);
#5019 = AXIS2_PLACEMENT_3D('',#5020,#5021,#5022);
#5020 = CARTESIAN_POINT('',(60.070383540767,29.210617221234,    9.004318008636E-02));
#5021 = DIRECTION('',(0.,0.,1.));
#5022 = DIRECTION('',(1.,1.110223024625E-16,-0.));
#5023 = ORIENTED_EDGE('',*,*,#5024,.F.);
#5024 = EDGE_CURVE('',#5025,#5016,#5027,.T.);
#5025 = VERTEX_POINT('',#5026);
#5026 = CARTESIAN_POINT('',(59.613182626365,29.210617221234,0.));
#5027 = LINE('',#5028,#5029);
#5028 = CARTESIAN_POINT('',(59.613182626365,29.210617221234,0.));
#5029 = VECTOR('',#5030,1.);
#5030 = DIRECTION('',(0.,0.,1.));
#5031 = ORIENTED_EDGE('',*,*,#5032,.F.);
#5032 = EDGE_CURVE('',#5006,#5025,#5033,.T.);
#5033 = CIRCLE('',#5034,0.457200914402);
#5034 = AXIS2_PLACEMENT_3D('',#5035,#5036,#5037);
#5035 = CARTESIAN_POINT('',(60.070383540767,29.210617221234,0.));
#5036 = DIRECTION('',(0.,0.,1.));
#5037 = DIRECTION('',(1.,1.110223024625E-16,-0.));
#5038 = CYLINDRICAL_SURFACE('',#5039,0.457200914402);
#5039 = AXIS2_PLACEMENT_3D('',#5040,#5041,#5042);
#5040 = CARTESIAN_POINT('',(60.070383540767,29.210617221234,0.));
#5041 = DIRECTION('',(-0.,-0.,-1.));
#5042 = DIRECTION('',(1.,1.110223024625E-16,-0.));
#5043 = ADVANCED_FACE('',(#5044),#5062,.F.);
#5044 = FACE_BOUND('',#5045,.T.);
#5045 = EDGE_LOOP('',(#5046,#5047,#5054,#5055));
#5046 = ORIENTED_EDGE('',*,*,#5024,.T.);
#5047 = ORIENTED_EDGE('',*,*,#5048,.T.);
#5048 = EDGE_CURVE('',#5016,#5008,#5049,.T.);
#5049 = CIRCLE('',#5050,0.457200914402);
#5050 = AXIS2_PLACEMENT_3D('',#5051,#5052,#5053);
#5051 = CARTESIAN_POINT('',(60.070383540767,29.210617221234,    9.004318008636E-02));
#5052 = DIRECTION('',(0.,0.,1.));
#5053 = DIRECTION('',(-1.,-1.110223024625E-16,0.));
#5054 = ORIENTED_EDGE('',*,*,#5005,.F.);
#5055 = ORIENTED_EDGE('',*,*,#5056,.F.);
#5056 = EDGE_CURVE('',#5025,#5006,#5057,.T.);
#5057 = CIRCLE('',#5058,0.457200914402);
#5058 = AXIS2_PLACEMENT_3D('',#5059,#5060,#5061);
#5059 = CARTESIAN_POINT('',(60.070383540767,29.210617221234,0.));
#5060 = DIRECTION('',(0.,0.,1.));
#5061 = DIRECTION('',(-1.,-1.110223024625E-16,0.));
#5062 = CYLINDRICAL_SURFACE('',#5063,0.457200914402);
#5063 = AXIS2_PLACEMENT_3D('',#5064,#5065,#5066);
#5064 = CARTESIAN_POINT('',(60.070383540767,29.210617221234,0.));
#5065 = DIRECTION('',(-0.,-0.,-1.));
#5066 = DIRECTION('',(-1.,-1.110223024625E-16,0.));
#5067 = ADVANCED_FACE('',(#5068),#5104,.F.);
#5068 = FACE_BOUND('',#5069,.T.);
#5069 = EDGE_LOOP('',(#5070,#5080,#5089,#5097));
#5070 = ORIENTED_EDGE('',*,*,#5071,.T.);
#5071 = EDGE_CURVE('',#5072,#5074,#5076,.T.);
#5072 = VERTEX_POINT('',#5073);
#5073 = CARTESIAN_POINT('',(60.527584455169,26.670612141224,0.));
#5074 = VERTEX_POINT('',#5075);
#5075 = CARTESIAN_POINT('',(60.527584455169,26.670612141224,    9.004318008636E-02));
#5076 = LINE('',#5077,#5078);
#5077 = CARTESIAN_POINT('',(60.527584455169,26.670612141224,0.));
#5078 = VECTOR('',#5079,1.);
#5079 = DIRECTION('',(0.,0.,1.));
#5080 = ORIENTED_EDGE('',*,*,#5081,.T.);
#5081 = EDGE_CURVE('',#5074,#5082,#5084,.T.);
#5082 = VERTEX_POINT('',#5083);
#5083 = CARTESIAN_POINT('',(59.613182626365,26.670612141224,    9.004318008636E-02));
#5084 = CIRCLE('',#5085,0.457200914402);
#5085 = AXIS2_PLACEMENT_3D('',#5086,#5087,#5088);
#5086 = CARTESIAN_POINT('',(60.070383540767,26.670612141224,    9.004318008636E-02));
#5087 = DIRECTION('',(0.,0.,1.));
#5088 = DIRECTION('',(1.,1.110223024625E-16,-0.));
#5089 = ORIENTED_EDGE('',*,*,#5090,.F.);
#5090 = EDGE_CURVE('',#5091,#5082,#5093,.T.);
#5091 = VERTEX_POINT('',#5092);
#5092 = CARTESIAN_POINT('',(59.613182626365,26.670612141224,0.));
#5093 = LINE('',#5094,#5095);
#5094 = CARTESIAN_POINT('',(59.613182626365,26.670612141224,0.));
#5095 = VECTOR('',#5096,1.);
#5096 = DIRECTION('',(0.,0.,1.));
#5097 = ORIENTED_EDGE('',*,*,#5098,.F.);
#5098 = EDGE_CURVE('',#5072,#5091,#5099,.T.);
#5099 = CIRCLE('',#5100,0.457200914402);
#5100 = AXIS2_PLACEMENT_3D('',#5101,#5102,#5103);
#5101 = CARTESIAN_POINT('',(60.070383540767,26.670612141224,0.));
#5102 = DIRECTION('',(0.,0.,1.));
#5103 = DIRECTION('',(1.,1.110223024625E-16,-0.));
#5104 = CYLINDRICAL_SURFACE('',#5105,0.457200914402);
#5105 = AXIS2_PLACEMENT_3D('',#5106,#5107,#5108);
#5106 = CARTESIAN_POINT('',(60.070383540767,26.670612141224,0.));
#5107 = DIRECTION('',(-0.,-0.,-1.));
#5108 = DIRECTION('',(1.,1.110223024625E-16,-0.));
#5109 = ADVANCED_FACE('',(#5110),#5128,.F.);
#5110 = FACE_BOUND('',#5111,.T.);
#5111 = EDGE_LOOP('',(#5112,#5113,#5120,#5121));
#5112 = ORIENTED_EDGE('',*,*,#5090,.T.);
#5113 = ORIENTED_EDGE('',*,*,#5114,.T.);
#5114 = EDGE_CURVE('',#5082,#5074,#5115,.T.);
#5115 = CIRCLE('',#5116,0.457200914402);
#5116 = AXIS2_PLACEMENT_3D('',#5117,#5118,#5119);
#5117 = CARTESIAN_POINT('',(60.070383540767,26.670612141224,    9.004318008636E-02));
#5118 = DIRECTION('',(0.,0.,1.));
#5119 = DIRECTION('',(-1.,-1.110223024625E-16,0.));
#5120 = ORIENTED_EDGE('',*,*,#5071,.F.);
#5121 = ORIENTED_EDGE('',*,*,#5122,.F.);
#5122 = EDGE_CURVE('',#5091,#5072,#5123,.T.);
#5123 = CIRCLE('',#5124,0.457200914402);
#5124 = AXIS2_PLACEMENT_3D('',#5125,#5126,#5127);
#5125 = CARTESIAN_POINT('',(60.070383540767,26.670612141224,0.));
#5126 = DIRECTION('',(0.,0.,1.));
#5127 = DIRECTION('',(-1.,-1.110223024625E-16,0.));
#5128 = CYLINDRICAL_SURFACE('',#5129,0.457200914402);
#5129 = AXIS2_PLACEMENT_3D('',#5130,#5131,#5132);
#5130 = CARTESIAN_POINT('',(60.070383540767,26.670612141224,0.));
#5131 = DIRECTION('',(-0.,-0.,-1.));
#5132 = DIRECTION('',(-1.,-1.110223024625E-16,0.));
#5133 = ADVANCED_FACE('',(#5134),#5170,.F.);
#5134 = FACE_BOUND('',#5135,.T.);
#5135 = EDGE_LOOP('',(#5136,#5146,#5155,#5163));
#5136 = ORIENTED_EDGE('',*,*,#5137,.T.);
#5137 = EDGE_CURVE('',#5138,#5140,#5142,.T.);
#5138 = VERTEX_POINT('',#5139);
#5139 = CARTESIAN_POINT('',(60.527584455169,24.130632461265,0.));
#5140 = VERTEX_POINT('',#5141);
#5141 = CARTESIAN_POINT('',(60.527584455169,24.130632461265,    9.004318008636E-02));
#5142 = LINE('',#5143,#5144);
#5143 = CARTESIAN_POINT('',(60.527584455169,24.130632461265,0.));
#5144 = VECTOR('',#5145,1.);
#5145 = DIRECTION('',(0.,0.,1.));
#5146 = ORIENTED_EDGE('',*,*,#5147,.T.);
#5147 = EDGE_CURVE('',#5140,#5148,#5150,.T.);
#5148 = VERTEX_POINT('',#5149);
#5149 = CARTESIAN_POINT('',(59.613182626365,24.130632461265,    9.004318008636E-02));
#5150 = CIRCLE('',#5151,0.457200914402);
#5151 = AXIS2_PLACEMENT_3D('',#5152,#5153,#5154);
#5152 = CARTESIAN_POINT('',(60.070383540767,24.130632461265,    9.004318008636E-02));
#5153 = DIRECTION('',(0.,0.,1.));
#5154 = DIRECTION('',(1.,1.110223024625E-16,-0.));
#5155 = ORIENTED_EDGE('',*,*,#5156,.F.);
#5156 = EDGE_CURVE('',#5157,#5148,#5159,.T.);
#5157 = VERTEX_POINT('',#5158);
#5158 = CARTESIAN_POINT('',(59.613182626365,24.130632461265,0.));
#5159 = LINE('',#5160,#5161);
#5160 = CARTESIAN_POINT('',(59.613182626365,24.130632461265,0.));
#5161 = VECTOR('',#5162,1.);
#5162 = DIRECTION('',(0.,0.,1.));
#5163 = ORIENTED_EDGE('',*,*,#5164,.F.);
#5164 = EDGE_CURVE('',#5138,#5157,#5165,.T.);
#5165 = CIRCLE('',#5166,0.457200914402);
#5166 = AXIS2_PLACEMENT_3D('',#5167,#5168,#5169);
#5167 = CARTESIAN_POINT('',(60.070383540767,24.130632461265,0.));
#5168 = DIRECTION('',(0.,0.,1.));
#5169 = DIRECTION('',(1.,1.110223024625E-16,-0.));
#5170 = CYLINDRICAL_SURFACE('',#5171,0.457200914402);
#5171 = AXIS2_PLACEMENT_3D('',#5172,#5173,#5174);
#5172 = CARTESIAN_POINT('',(60.070383540767,24.130632461265,0.));
#5173 = DIRECTION('',(-0.,-0.,-1.));
#5174 = DIRECTION('',(1.,1.110223024625E-16,-0.));
#5175 = ADVANCED_FACE('',(#5176),#5194,.F.);
#5176 = FACE_BOUND('',#5177,.T.);
#5177 = EDGE_LOOP('',(#5178,#5179,#5186,#5187));
#5178 = ORIENTED_EDGE('',*,*,#5156,.T.);
#5179 = ORIENTED_EDGE('',*,*,#5180,.T.);
#5180 = EDGE_CURVE('',#5148,#5140,#5181,.T.);
#5181 = CIRCLE('',#5182,0.457200914402);
#5182 = AXIS2_PLACEMENT_3D('',#5183,#5184,#5185);
#5183 = CARTESIAN_POINT('',(60.070383540767,24.130632461265,    9.004318008636E-02));
#5184 = DIRECTION('',(0.,0.,1.));
#5185 = DIRECTION('',(-1.,-1.110223024625E-16,0.));
#5186 = ORIENTED_EDGE('',*,*,#5137,.F.);
#5187 = ORIENTED_EDGE('',*,*,#5188,.F.);
#5188 = EDGE_CURVE('',#5157,#5138,#5189,.T.);
#5189 = CIRCLE('',#5190,0.457200914402);
#5190 = AXIS2_PLACEMENT_3D('',#5191,#5192,#5193);
#5191 = CARTESIAN_POINT('',(60.070383540767,24.130632461265,0.));
#5192 = DIRECTION('',(0.,0.,1.));
#5193 = DIRECTION('',(-1.,-1.110223024625E-16,0.));
#5194 = CYLINDRICAL_SURFACE('',#5195,0.457200914402);
#5195 = AXIS2_PLACEMENT_3D('',#5196,#5197,#5198);
#5196 = CARTESIAN_POINT('',(60.070383540767,24.130632461265,0.));
#5197 = DIRECTION('',(-0.,-0.,-1.));
#5198 = DIRECTION('',(-1.,-1.110223024625E-16,0.));
#5199 = ADVANCED_FACE('',(#5200),#5236,.F.);
#5200 = FACE_BOUND('',#5201,.T.);
#5201 = EDGE_LOOP('',(#5202,#5212,#5221,#5229));
#5202 = ORIENTED_EDGE('',*,*,#5203,.T.);
#5203 = EDGE_CURVE('',#5204,#5206,#5208,.T.);
#5204 = VERTEX_POINT('',#5205);
#5205 = CARTESIAN_POINT('',(60.527584455169,21.590627381255,0.));
#5206 = VERTEX_POINT('',#5207);
#5207 = CARTESIAN_POINT('',(60.527584455169,21.590627381255,    9.004318008636E-02));
#5208 = LINE('',#5209,#5210);
#5209 = CARTESIAN_POINT('',(60.527584455169,21.590627381255,0.));
#5210 = VECTOR('',#5211,1.);
#5211 = DIRECTION('',(0.,0.,1.));
#5212 = ORIENTED_EDGE('',*,*,#5213,.T.);
#5213 = EDGE_CURVE('',#5206,#5214,#5216,.T.);
#5214 = VERTEX_POINT('',#5215);
#5215 = CARTESIAN_POINT('',(59.613182626365,21.590627381255,    9.004318008636E-02));
#5216 = CIRCLE('',#5217,0.457200914402);
#5217 = AXIS2_PLACEMENT_3D('',#5218,#5219,#5220);
#5218 = CARTESIAN_POINT('',(60.070383540767,21.590627381255,    9.004318008636E-02));
#5219 = DIRECTION('',(0.,0.,1.));
#5220 = DIRECTION('',(1.,1.110223024625E-16,-0.));
#5221 = ORIENTED_EDGE('',*,*,#5222,.F.);
#5222 = EDGE_CURVE('',#5223,#5214,#5225,.T.);
#5223 = VERTEX_POINT('',#5224);
#5224 = CARTESIAN_POINT('',(59.613182626365,21.590627381255,0.));
#5225 = LINE('',#5226,#5227);
#5226 = CARTESIAN_POINT('',(59.613182626365,21.590627381255,0.));
#5227 = VECTOR('',#5228,1.);
#5228 = DIRECTION('',(0.,0.,1.));
#5229 = ORIENTED_EDGE('',*,*,#5230,.F.);
#5230 = EDGE_CURVE('',#5204,#5223,#5231,.T.);
#5231 = CIRCLE('',#5232,0.457200914402);
#5232 = AXIS2_PLACEMENT_3D('',#5233,#5234,#5235);
#5233 = CARTESIAN_POINT('',(60.070383540767,21.590627381255,0.));
#5234 = DIRECTION('',(0.,0.,1.));
#5235 = DIRECTION('',(1.,1.110223024625E-16,-0.));
#5236 = CYLINDRICAL_SURFACE('',#5237,0.457200914402);
#5237 = AXIS2_PLACEMENT_3D('',#5238,#5239,#5240);
#5238 = CARTESIAN_POINT('',(60.070383540767,21.590627381255,0.));
#5239 = DIRECTION('',(-0.,-0.,-1.));
#5240 = DIRECTION('',(1.,1.110223024625E-16,-0.));
#5241 = ADVANCED_FACE('',(#5242),#5260,.F.);
#5242 = FACE_BOUND('',#5243,.T.);
#5243 = EDGE_LOOP('',(#5244,#5245,#5252,#5253));
#5244 = ORIENTED_EDGE('',*,*,#5222,.T.);
#5245 = ORIENTED_EDGE('',*,*,#5246,.T.);
#5246 = EDGE_CURVE('',#5214,#5206,#5247,.T.);
#5247 = CIRCLE('',#5248,0.457200914402);
#5248 = AXIS2_PLACEMENT_3D('',#5249,#5250,#5251);
#5249 = CARTESIAN_POINT('',(60.070383540767,21.590627381255,    9.004318008636E-02));
#5250 = DIRECTION('',(0.,0.,1.));
#5251 = DIRECTION('',(-1.,-1.110223024625E-16,0.));
#5252 = ORIENTED_EDGE('',*,*,#5203,.F.);
#5253 = ORIENTED_EDGE('',*,*,#5254,.F.);
#5254 = EDGE_CURVE('',#5223,#5204,#5255,.T.);
#5255 = CIRCLE('',#5256,0.457200914402);
#5256 = AXIS2_PLACEMENT_3D('',#5257,#5258,#5259);
#5257 = CARTESIAN_POINT('',(60.070383540767,21.590627381255,0.));
#5258 = DIRECTION('',(0.,0.,1.));
#5259 = DIRECTION('',(-1.,-1.110223024625E-16,0.));
#5260 = CYLINDRICAL_SURFACE('',#5261,0.457200914402);
#5261 = AXIS2_PLACEMENT_3D('',#5262,#5263,#5264);
#5262 = CARTESIAN_POINT('',(60.070383540767,21.590627381255,0.));
#5263 = DIRECTION('',(-0.,-0.,-1.));
#5264 = DIRECTION('',(-1.,-1.110223024625E-16,0.));
#5265 = ADVANCED_FACE('',(#5266),#5302,.F.);
#5266 = FACE_BOUND('',#5267,.T.);
#5267 = EDGE_LOOP('',(#5268,#5278,#5287,#5295));
#5268 = ORIENTED_EDGE('',*,*,#5269,.T.);
#5269 = EDGE_CURVE('',#5270,#5272,#5274,.T.);
#5270 = VERTEX_POINT('',#5271);
#5271 = CARTESIAN_POINT('',(60.527584455169,19.050622301245,0.));
#5272 = VERTEX_POINT('',#5273);
#5273 = CARTESIAN_POINT('',(60.527584455169,19.050622301245,    9.004318008636E-02));
#5274 = LINE('',#5275,#5276);
#5275 = CARTESIAN_POINT('',(60.527584455169,19.050622301245,0.));
#5276 = VECTOR('',#5277,1.);
#5277 = DIRECTION('',(0.,0.,1.));
#5278 = ORIENTED_EDGE('',*,*,#5279,.T.);
#5279 = EDGE_CURVE('',#5272,#5280,#5282,.T.);
#5280 = VERTEX_POINT('',#5281);
#5281 = CARTESIAN_POINT('',(59.613182626365,19.050622301245,    9.004318008636E-02));
#5282 = CIRCLE('',#5283,0.457200914402);
#5283 = AXIS2_PLACEMENT_3D('',#5284,#5285,#5286);
#5284 = CARTESIAN_POINT('',(60.070383540767,19.050622301245,    9.004318008636E-02));
#5285 = DIRECTION('',(0.,0.,1.));
#5286 = DIRECTION('',(1.,1.110223024625E-16,-0.));
#5287 = ORIENTED_EDGE('',*,*,#5288,.F.);
#5288 = EDGE_CURVE('',#5289,#5280,#5291,.T.);
#5289 = VERTEX_POINT('',#5290);
#5290 = CARTESIAN_POINT('',(59.613182626365,19.050622301245,0.));
#5291 = LINE('',#5292,#5293);
#5292 = CARTESIAN_POINT('',(59.613182626365,19.050622301245,0.));
#5293 = VECTOR('',#5294,1.);
#5294 = DIRECTION('',(0.,0.,1.));
#5295 = ORIENTED_EDGE('',*,*,#5296,.F.);
#5296 = EDGE_CURVE('',#5270,#5289,#5297,.T.);
#5297 = CIRCLE('',#5298,0.457200914402);
#5298 = AXIS2_PLACEMENT_3D('',#5299,#5300,#5301);
#5299 = CARTESIAN_POINT('',(60.070383540767,19.050622301245,0.));
#5300 = DIRECTION('',(0.,0.,1.));
#5301 = DIRECTION('',(1.,1.110223024625E-16,-0.));
#5302 = CYLINDRICAL_SURFACE('',#5303,0.457200914402);
#5303 = AXIS2_PLACEMENT_3D('',#5304,#5305,#5306);
#5304 = CARTESIAN_POINT('',(60.070383540767,19.050622301245,0.));
#5305 = DIRECTION('',(-0.,-0.,-1.));
#5306 = DIRECTION('',(1.,1.110223024625E-16,-0.));
#5307 = ADVANCED_FACE('',(#5308),#5326,.F.);
#5308 = FACE_BOUND('',#5309,.T.);
#5309 = EDGE_LOOP('',(#5310,#5311,#5318,#5319));
#5310 = ORIENTED_EDGE('',*,*,#5288,.T.);
#5311 = ORIENTED_EDGE('',*,*,#5312,.T.);
#5312 = EDGE_CURVE('',#5280,#5272,#5313,.T.);
#5313 = CIRCLE('',#5314,0.457200914402);
#5314 = AXIS2_PLACEMENT_3D('',#5315,#5316,#5317);
#5315 = CARTESIAN_POINT('',(60.070383540767,19.050622301245,    9.004318008636E-02));
#5316 = DIRECTION('',(0.,0.,1.));
#5317 = DIRECTION('',(-1.,-1.110223024625E-16,0.));
#5318 = ORIENTED_EDGE('',*,*,#5269,.F.);
#5319 = ORIENTED_EDGE('',*,*,#5320,.F.);
#5320 = EDGE_CURVE('',#5289,#5270,#5321,.T.);
#5321 = CIRCLE('',#5322,0.457200914402);
#5322 = AXIS2_PLACEMENT_3D('',#5323,#5324,#5325);
#5323 = CARTESIAN_POINT('',(60.070383540767,19.050622301245,0.));
#5324 = DIRECTION('',(0.,0.,1.));
#5325 = DIRECTION('',(-1.,-1.110223024625E-16,0.));
#5326 = CYLINDRICAL_SURFACE('',#5327,0.457200914402);
#5327 = AXIS2_PLACEMENT_3D('',#5328,#5329,#5330);
#5328 = CARTESIAN_POINT('',(60.070383540767,19.050622301245,0.));
#5329 = DIRECTION('',(-0.,-0.,-1.));
#5330 = DIRECTION('',(-1.,-1.110223024625E-16,0.));
#5331 = ADVANCED_FACE('',(#5332),#5368,.F.);
#5332 = FACE_BOUND('',#5333,.T.);
#5333 = EDGE_LOOP('',(#5334,#5344,#5353,#5361));
#5334 = ORIENTED_EDGE('',*,*,#5335,.T.);
#5335 = EDGE_CURVE('',#5336,#5338,#5340,.T.);
#5336 = VERTEX_POINT('',#5337);
#5337 = CARTESIAN_POINT('',(60.527584455169,52.070612141224,0.));
#5338 = VERTEX_POINT('',#5339);
#5339 = CARTESIAN_POINT('',(60.527584455169,52.070612141224,    9.004318008636E-02));
#5340 = LINE('',#5341,#5342);
#5341 = CARTESIAN_POINT('',(60.527584455169,52.070612141224,0.));
#5342 = VECTOR('',#5343,1.);
#5343 = DIRECTION('',(0.,0.,1.));
#5344 = ORIENTED_EDGE('',*,*,#5345,.T.);
#5345 = EDGE_CURVE('',#5338,#5346,#5348,.T.);
#5346 = VERTEX_POINT('',#5347);
#5347 = CARTESIAN_POINT('',(59.613182626365,52.070612141224,    9.004318008636E-02));
#5348 = CIRCLE('',#5349,0.457200914402);
#5349 = AXIS2_PLACEMENT_3D('',#5350,#5351,#5352);
#5350 = CARTESIAN_POINT('',(60.070383540767,52.070612141224,    9.004318008636E-02));
#5351 = DIRECTION('',(0.,0.,1.));
#5352 = DIRECTION('',(1.,1.110223024625E-16,-0.));
#5353 = ORIENTED_EDGE('',*,*,#5354,.F.);
#5354 = EDGE_CURVE('',#5355,#5346,#5357,.T.);
#5355 = VERTEX_POINT('',#5356);
#5356 = CARTESIAN_POINT('',(59.613182626365,52.070612141224,0.));
#5357 = LINE('',#5358,#5359);
#5358 = CARTESIAN_POINT('',(59.613182626365,52.070612141224,0.));
#5359 = VECTOR('',#5360,1.);
#5360 = DIRECTION('',(0.,0.,1.));
#5361 = ORIENTED_EDGE('',*,*,#5362,.F.);
#5362 = EDGE_CURVE('',#5336,#5355,#5363,.T.);
#5363 = CIRCLE('',#5364,0.457200914402);
#5364 = AXIS2_PLACEMENT_3D('',#5365,#5366,#5367);
#5365 = CARTESIAN_POINT('',(60.070383540767,52.070612141224,0.));
#5366 = DIRECTION('',(0.,0.,1.));
#5367 = DIRECTION('',(1.,1.110223024625E-16,-0.));
#5368 = CYLINDRICAL_SURFACE('',#5369,0.457200914402);
#5369 = AXIS2_PLACEMENT_3D('',#5370,#5371,#5372);
#5370 = CARTESIAN_POINT('',(60.070383540767,52.070612141224,0.));
#5371 = DIRECTION('',(-0.,-0.,-1.));
#5372 = DIRECTION('',(1.,1.110223024625E-16,-0.));
#5373 = ADVANCED_FACE('',(#5374),#5392,.F.);
#5374 = FACE_BOUND('',#5375,.T.);
#5375 = EDGE_LOOP('',(#5376,#5377,#5384,#5385));
#5376 = ORIENTED_EDGE('',*,*,#5354,.T.);
#5377 = ORIENTED_EDGE('',*,*,#5378,.T.);
#5378 = EDGE_CURVE('',#5346,#5338,#5379,.T.);
#5379 = CIRCLE('',#5380,0.457200914402);
#5380 = AXIS2_PLACEMENT_3D('',#5381,#5382,#5383);
#5381 = CARTESIAN_POINT('',(60.070383540767,52.070612141224,    9.004318008636E-02));
#5382 = DIRECTION('',(0.,0.,1.));
#5383 = DIRECTION('',(-1.,-1.110223024625E-16,0.));
#5384 = ORIENTED_EDGE('',*,*,#5335,.F.);
#5385 = ORIENTED_EDGE('',*,*,#5386,.F.);
#5386 = EDGE_CURVE('',#5355,#5336,#5387,.T.);
#5387 = CIRCLE('',#5388,0.457200914402);
#5388 = AXIS2_PLACEMENT_3D('',#5389,#5390,#5391);
#5389 = CARTESIAN_POINT('',(60.070383540767,52.070612141224,0.));
#5390 = DIRECTION('',(0.,0.,1.));
#5391 = DIRECTION('',(-1.,-1.110223024625E-16,0.));
#5392 = CYLINDRICAL_SURFACE('',#5393,0.457200914402);
#5393 = AXIS2_PLACEMENT_3D('',#5394,#5395,#5396);
#5394 = CARTESIAN_POINT('',(60.070383540767,52.070612141224,0.));
#5395 = DIRECTION('',(-0.,-0.,-1.));
#5396 = DIRECTION('',(-1.,-1.110223024625E-16,0.));
#5397 = ADVANCED_FACE('',(#5398),#5434,.F.);
#5398 = FACE_BOUND('',#5399,.T.);
#5399 = EDGE_LOOP('',(#5400,#5410,#5419,#5427));
#5400 = ORIENTED_EDGE('',*,*,#5401,.T.);
#5401 = EDGE_CURVE('',#5402,#5404,#5406,.T.);
#5402 = VERTEX_POINT('',#5403);
#5403 = CARTESIAN_POINT('',(60.528321056642,54.600101600203,0.));
#5404 = VERTEX_POINT('',#5405);
#5405 = CARTESIAN_POINT('',(60.528321056642,54.600101600203,    9.004318008636E-02));
#5406 = LINE('',#5407,#5408);
#5407 = CARTESIAN_POINT('',(60.528321056642,54.600101600203,0.));
#5408 = VECTOR('',#5409,1.);
#5409 = DIRECTION('',(0.,0.,1.));
#5410 = ORIENTED_EDGE('',*,*,#5411,.T.);
#5411 = EDGE_CURVE('',#5404,#5412,#5414,.T.);
#5412 = VERTEX_POINT('',#5413);
#5413 = CARTESIAN_POINT('',(59.613919227838,54.600101600203,    9.004318008636E-02));
#5414 = CIRCLE('',#5415,0.457200914402);
#5415 = AXIS2_PLACEMENT_3D('',#5416,#5417,#5418);
#5416 = CARTESIAN_POINT('',(60.07112014224,54.600101600203,    9.004318008636E-02));
#5417 = DIRECTION('',(0.,0.,1.));
#5418 = DIRECTION('',(1.,1.110223024625E-16,-0.));
#5419 = ORIENTED_EDGE('',*,*,#5420,.F.);
#5420 = EDGE_CURVE('',#5421,#5412,#5423,.T.);
#5421 = VERTEX_POINT('',#5422);
#5422 = CARTESIAN_POINT('',(59.613919227838,54.600101600203,0.));
#5423 = LINE('',#5424,#5425);
#5424 = CARTESIAN_POINT('',(59.613919227838,54.600101600203,0.));
#5425 = VECTOR('',#5426,1.);
#5426 = DIRECTION('',(0.,0.,1.));
#5427 = ORIENTED_EDGE('',*,*,#5428,.F.);
#5428 = EDGE_CURVE('',#5402,#5421,#5429,.T.);
#5429 = CIRCLE('',#5430,0.457200914402);
#5430 = AXIS2_PLACEMENT_3D('',#5431,#5432,#5433);
#5431 = CARTESIAN_POINT('',(60.07112014224,54.600101600203,0.));
#5432 = DIRECTION('',(0.,0.,1.));
#5433 = DIRECTION('',(1.,1.110223024625E-16,-0.));
#5434 = CYLINDRICAL_SURFACE('',#5435,0.457200914402);
#5435 = AXIS2_PLACEMENT_3D('',#5436,#5437,#5438);
#5436 = CARTESIAN_POINT('',(60.07112014224,54.600101600203,0.));
#5437 = DIRECTION('',(-0.,-0.,-1.));
#5438 = DIRECTION('',(1.,1.110223024625E-16,-0.));
#5439 = ADVANCED_FACE('',(#5440),#5458,.F.);
#5440 = FACE_BOUND('',#5441,.T.);
#5441 = EDGE_LOOP('',(#5442,#5443,#5450,#5451));
#5442 = ORIENTED_EDGE('',*,*,#5420,.T.);
#5443 = ORIENTED_EDGE('',*,*,#5444,.T.);
#5444 = EDGE_CURVE('',#5412,#5404,#5445,.T.);
#5445 = CIRCLE('',#5446,0.457200914402);
#5446 = AXIS2_PLACEMENT_3D('',#5447,#5448,#5449);
#5447 = CARTESIAN_POINT('',(60.07112014224,54.600101600203,    9.004318008636E-02));
#5448 = DIRECTION('',(0.,0.,1.));
#5449 = DIRECTION('',(-1.,-1.110223024625E-16,0.));
#5450 = ORIENTED_EDGE('',*,*,#5401,.F.);
#5451 = ORIENTED_EDGE('',*,*,#5452,.F.);
#5452 = EDGE_CURVE('',#5421,#5402,#5453,.T.);
#5453 = CIRCLE('',#5454,0.457200914402);
#5454 = AXIS2_PLACEMENT_3D('',#5455,#5456,#5457);
#5455 = CARTESIAN_POINT('',(60.07112014224,54.600101600203,0.));
#5456 = DIRECTION('',(0.,0.,1.));
#5457 = DIRECTION('',(-1.,-1.110223024625E-16,0.));
#5458 = CYLINDRICAL_SURFACE('',#5459,0.457200914402);
#5459 = AXIS2_PLACEMENT_3D('',#5460,#5461,#5462);
#5460 = CARTESIAN_POINT('',(60.07112014224,54.600101600203,0.));
#5461 = DIRECTION('',(-0.,-0.,-1.));
#5462 = DIRECTION('',(-1.,-1.110223024625E-16,0.));
#5463 = ADVANCED_FACE('',(#5464),#5500,.F.);
#5464 = FACE_BOUND('',#5465,.T.);
#5465 = EDGE_LOOP('',(#5466,#5476,#5485,#5493));
#5466 = ORIENTED_EDGE('',*,*,#5467,.T.);
#5467 = EDGE_CURVE('',#5468,#5470,#5472,.T.);
#5468 = VERTEX_POINT('',#5469);
#5469 = CARTESIAN_POINT('',(60.528321056642,57.150114300229,0.));
#5470 = VERTEX_POINT('',#5471);
#5471 = CARTESIAN_POINT('',(60.528321056642,57.150114300229,    9.004318008636E-02));
#5472 = LINE('',#5473,#5474);
#5473 = CARTESIAN_POINT('',(60.528321056642,57.150114300229,0.));
#5474 = VECTOR('',#5475,1.);
#5475 = DIRECTION('',(0.,0.,1.));
#5476 = ORIENTED_EDGE('',*,*,#5477,.T.);
#5477 = EDGE_CURVE('',#5470,#5478,#5480,.T.);
#5478 = VERTEX_POINT('',#5479);
#5479 = CARTESIAN_POINT('',(59.613919227838,57.150114300229,    9.004318008636E-02));
#5480 = CIRCLE('',#5481,0.457200914402);
#5481 = AXIS2_PLACEMENT_3D('',#5482,#5483,#5484);
#5482 = CARTESIAN_POINT('',(60.07112014224,57.150114300229,    9.004318008636E-02));
#5483 = DIRECTION('',(0.,0.,1.));
#5484 = DIRECTION('',(1.,1.110223024625E-16,-0.));
#5485 = ORIENTED_EDGE('',*,*,#5486,.F.);
#5486 = EDGE_CURVE('',#5487,#5478,#5489,.T.);
#5487 = VERTEX_POINT('',#5488);
#5488 = CARTESIAN_POINT('',(59.613919227838,57.150114300229,0.));
#5489 = LINE('',#5490,#5491);
#5490 = CARTESIAN_POINT('',(59.613919227838,57.150114300229,0.));
#5491 = VECTOR('',#5492,1.);
#5492 = DIRECTION('',(0.,0.,1.));
#5493 = ORIENTED_EDGE('',*,*,#5494,.F.);
#5494 = EDGE_CURVE('',#5468,#5487,#5495,.T.);
#5495 = CIRCLE('',#5496,0.457200914402);
#5496 = AXIS2_PLACEMENT_3D('',#5497,#5498,#5499);
#5497 = CARTESIAN_POINT('',(60.07112014224,57.150114300229,0.));
#5498 = DIRECTION('',(0.,0.,1.));
#5499 = DIRECTION('',(1.,1.110223024625E-16,-0.));
#5500 = CYLINDRICAL_SURFACE('',#5501,0.457200914402);
#5501 = AXIS2_PLACEMENT_3D('',#5502,#5503,#5504);
#5502 = CARTESIAN_POINT('',(60.07112014224,57.150114300229,0.));
#5503 = DIRECTION('',(-0.,-0.,-1.));
#5504 = DIRECTION('',(1.,1.110223024625E-16,-0.));
#5505 = ADVANCED_FACE('',(#5506),#5524,.F.);
#5506 = FACE_BOUND('',#5507,.T.);
#5507 = EDGE_LOOP('',(#5508,#5509,#5516,#5517));
#5508 = ORIENTED_EDGE('',*,*,#5486,.T.);
#5509 = ORIENTED_EDGE('',*,*,#5510,.T.);
#5510 = EDGE_CURVE('',#5478,#5470,#5511,.T.);
#5511 = CIRCLE('',#5512,0.457200914402);
#5512 = AXIS2_PLACEMENT_3D('',#5513,#5514,#5515);
#5513 = CARTESIAN_POINT('',(60.07112014224,57.150114300229,    9.004318008636E-02));
#5514 = DIRECTION('',(0.,0.,1.));
#5515 = DIRECTION('',(-1.,-1.110223024625E-16,0.));
#5516 = ORIENTED_EDGE('',*,*,#5467,.F.);
#5517 = ORIENTED_EDGE('',*,*,#5518,.F.);
#5518 = EDGE_CURVE('',#5487,#5468,#5519,.T.);
#5519 = CIRCLE('',#5520,0.457200914402);
#5520 = AXIS2_PLACEMENT_3D('',#5521,#5522,#5523);
#5521 = CARTESIAN_POINT('',(60.07112014224,57.150114300229,0.));
#5522 = DIRECTION('',(0.,0.,1.));
#5523 = DIRECTION('',(-1.,-1.110223024625E-16,0.));
#5524 = CYLINDRICAL_SURFACE('',#5525,0.457200914402);
#5525 = AXIS2_PLACEMENT_3D('',#5526,#5527,#5528);
#5526 = CARTESIAN_POINT('',(60.07112014224,57.150114300229,0.));
#5527 = DIRECTION('',(-0.,-0.,-1.));
#5528 = DIRECTION('',(-1.,-1.110223024625E-16,0.));
#5529 = ADVANCED_FACE('',(#5530),#5566,.F.);
#5530 = FACE_BOUND('',#5531,.T.);
#5531 = EDGE_LOOP('',(#5532,#5542,#5551,#5559));
#5532 = ORIENTED_EDGE('',*,*,#5533,.T.);
#5533 = EDGE_CURVE('',#5534,#5536,#5538,.T.);
#5534 = VERTEX_POINT('',#5535);
#5535 = CARTESIAN_POINT('',(63.957327914656,64.008128016256,0.));
#5536 = VERTEX_POINT('',#5537);
#5537 = CARTESIAN_POINT('',(63.957327914656,64.008128016256,    9.004318008636E-02));
#5538 = LINE('',#5539,#5540);
#5539 = CARTESIAN_POINT('',(63.957327914656,64.008128016256,0.));
#5540 = VECTOR('',#5541,1.);
#5541 = DIRECTION('',(0.,0.,1.));
#5542 = ORIENTED_EDGE('',*,*,#5543,.T.);
#5543 = EDGE_CURVE('',#5536,#5544,#5546,.T.);
#5544 = VERTEX_POINT('',#5545);
#5545 = CARTESIAN_POINT('',(63.042926085852,64.008128016256,    9.004318008636E-02));
#5546 = CIRCLE('',#5547,0.457200914402);
#5547 = AXIS2_PLACEMENT_3D('',#5548,#5549,#5550);
#5548 = CARTESIAN_POINT('',(63.500127000254,64.008128016256,    9.004318008636E-02));
#5549 = DIRECTION('',(0.,0.,1.));
#5550 = DIRECTION('',(1.,1.110223024625E-16,-0.));
#5551 = ORIENTED_EDGE('',*,*,#5552,.F.);
#5552 = EDGE_CURVE('',#5553,#5544,#5555,.T.);
#5553 = VERTEX_POINT('',#5554);
#5554 = CARTESIAN_POINT('',(63.042926085852,64.008128016256,0.));
#5555 = LINE('',#5556,#5557);
#5556 = CARTESIAN_POINT('',(63.042926085852,64.008128016256,0.));
#5557 = VECTOR('',#5558,1.);
#5558 = DIRECTION('',(0.,0.,1.));
#5559 = ORIENTED_EDGE('',*,*,#5560,.F.);
#5560 = EDGE_CURVE('',#5534,#5553,#5561,.T.);
#5561 = CIRCLE('',#5562,0.457200914402);
#5562 = AXIS2_PLACEMENT_3D('',#5563,#5564,#5565);
#5563 = CARTESIAN_POINT('',(63.500127000254,64.008128016256,0.));
#5564 = DIRECTION('',(0.,0.,1.));
#5565 = DIRECTION('',(1.,1.110223024625E-16,-0.));
#5566 = CYLINDRICAL_SURFACE('',#5567,0.457200914402);
#5567 = AXIS2_PLACEMENT_3D('',#5568,#5569,#5570);
#5568 = CARTESIAN_POINT('',(63.500127000254,64.008128016256,0.));
#5569 = DIRECTION('',(-0.,-0.,-1.));
#5570 = DIRECTION('',(1.,1.110223024625E-16,-0.));
#5571 = ADVANCED_FACE('',(#5572),#5590,.F.);
#5572 = FACE_BOUND('',#5573,.T.);
#5573 = EDGE_LOOP('',(#5574,#5575,#5582,#5583));
#5574 = ORIENTED_EDGE('',*,*,#5552,.T.);
#5575 = ORIENTED_EDGE('',*,*,#5576,.T.);
#5576 = EDGE_CURVE('',#5544,#5536,#5577,.T.);
#5577 = CIRCLE('',#5578,0.457200914402);
#5578 = AXIS2_PLACEMENT_3D('',#5579,#5580,#5581);
#5579 = CARTESIAN_POINT('',(63.500127000254,64.008128016256,    9.004318008636E-02));
#5580 = DIRECTION('',(0.,0.,1.));
#5581 = DIRECTION('',(-1.,-1.110223024625E-16,0.));
#5582 = ORIENTED_EDGE('',*,*,#5533,.F.);
#5583 = ORIENTED_EDGE('',*,*,#5584,.F.);
#5584 = EDGE_CURVE('',#5553,#5534,#5585,.T.);
#5585 = CIRCLE('',#5586,0.457200914402);
#5586 = AXIS2_PLACEMENT_3D('',#5587,#5588,#5589);
#5587 = CARTESIAN_POINT('',(63.500127000254,64.008128016256,0.));
#5588 = DIRECTION('',(0.,0.,1.));
#5589 = DIRECTION('',(-1.,-1.110223024625E-16,0.));
#5590 = CYLINDRICAL_SURFACE('',#5591,0.457200914402);
#5591 = AXIS2_PLACEMENT_3D('',#5592,#5593,#5594);
#5592 = CARTESIAN_POINT('',(63.500127000254,64.008128016256,0.));
#5593 = DIRECTION('',(-0.,-0.,-1.));
#5594 = DIRECTION('',(-1.,-1.110223024625E-16,0.));
#5595 = ADVANCED_FACE('',(#5596),#5632,.F.);
#5596 = FACE_BOUND('',#5597,.T.);
#5597 = EDGE_LOOP('',(#5598,#5608,#5617,#5625));
#5598 = ORIENTED_EDGE('',*,*,#5599,.T.);
#5599 = EDGE_CURVE('',#5600,#5602,#5604,.T.);
#5600 = VERTEX_POINT('',#5601);
#5601 = CARTESIAN_POINT('',(65.354330708661,51.054102108204,0.));
#5602 = VERTEX_POINT('',#5603);
#5603 = CARTESIAN_POINT('',(65.354330708661,51.054102108204,    9.004318008636E-02));
#5604 = LINE('',#5605,#5606);
#5605 = CARTESIAN_POINT('',(65.354330708661,51.054102108204,0.));
#5606 = VECTOR('',#5607,1.);
#5607 = DIRECTION('',(0.,0.,1.));
#5608 = ORIENTED_EDGE('',*,*,#5609,.T.);
#5609 = EDGE_CURVE('',#5602,#5610,#5612,.T.);
#5610 = VERTEX_POINT('',#5611);
#5611 = CARTESIAN_POINT('',(64.439928879858,51.054102108204,    9.004318008636E-02));
#5612 = CIRCLE('',#5613,0.457200914402);
#5613 = AXIS2_PLACEMENT_3D('',#5614,#5615,#5616);
#5614 = CARTESIAN_POINT('',(64.89712979426,51.054102108204,    9.004318008636E-02));
#5615 = DIRECTION('',(0.,0.,1.));
#5616 = DIRECTION('',(1.,1.110223024625E-16,-0.));
#5617 = ORIENTED_EDGE('',*,*,#5618,.F.);
#5618 = EDGE_CURVE('',#5619,#5610,#5621,.T.);
#5619 = VERTEX_POINT('',#5620);
#5620 = CARTESIAN_POINT('',(64.439928879858,51.054102108204,0.));
#5621 = LINE('',#5622,#5623);
#5622 = CARTESIAN_POINT('',(64.439928879858,51.054102108204,0.));
#5623 = VECTOR('',#5624,1.);
#5624 = DIRECTION('',(0.,0.,1.));
#5625 = ORIENTED_EDGE('',*,*,#5626,.F.);
#5626 = EDGE_CURVE('',#5600,#5619,#5627,.T.);
#5627 = CIRCLE('',#5628,0.457200914402);
#5628 = AXIS2_PLACEMENT_3D('',#5629,#5630,#5631);
#5629 = CARTESIAN_POINT('',(64.89712979426,51.054102108204,0.));
#5630 = DIRECTION('',(0.,0.,1.));
#5631 = DIRECTION('',(1.,1.110223024625E-16,-0.));
#5632 = CYLINDRICAL_SURFACE('',#5633,0.457200914402);
#5633 = AXIS2_PLACEMENT_3D('',#5634,#5635,#5636);
#5634 = CARTESIAN_POINT('',(64.89712979426,51.054102108204,0.));
#5635 = DIRECTION('',(-0.,-0.,-1.));
#5636 = DIRECTION('',(1.,1.110223024625E-16,-0.));
#5637 = ADVANCED_FACE('',(#5638),#5656,.F.);
#5638 = FACE_BOUND('',#5639,.T.);
#5639 = EDGE_LOOP('',(#5640,#5641,#5648,#5649));
#5640 = ORIENTED_EDGE('',*,*,#5618,.T.);
#5641 = ORIENTED_EDGE('',*,*,#5642,.T.);
#5642 = EDGE_CURVE('',#5610,#5602,#5643,.T.);
#5643 = CIRCLE('',#5644,0.457200914402);
#5644 = AXIS2_PLACEMENT_3D('',#5645,#5646,#5647);
#5645 = CARTESIAN_POINT('',(64.89712979426,51.054102108204,    9.004318008636E-02));
#5646 = DIRECTION('',(0.,0.,1.));
#5647 = DIRECTION('',(-1.,-1.110223024625E-16,0.));
#5648 = ORIENTED_EDGE('',*,*,#5599,.F.);
#5649 = ORIENTED_EDGE('',*,*,#5650,.F.);
#5650 = EDGE_CURVE('',#5619,#5600,#5651,.T.);
#5651 = CIRCLE('',#5652,0.457200914402);
#5652 = AXIS2_PLACEMENT_3D('',#5653,#5654,#5655);
#5653 = CARTESIAN_POINT('',(64.89712979426,51.054102108204,0.));
#5654 = DIRECTION('',(0.,0.,1.));
#5655 = DIRECTION('',(-1.,-1.110223024625E-16,0.));
#5656 = CYLINDRICAL_SURFACE('',#5657,0.457200914402);
#5657 = AXIS2_PLACEMENT_3D('',#5658,#5659,#5660);
#5658 = CARTESIAN_POINT('',(64.89712979426,51.054102108204,0.));
#5659 = DIRECTION('',(-0.,-0.,-1.));
#5660 = DIRECTION('',(-1.,-1.110223024625E-16,0.));
#5661 = ADVANCED_FACE('',(#5662),#5698,.F.);
#5662 = FACE_BOUND('',#5663,.T.);
#5663 = EDGE_LOOP('',(#5664,#5674,#5683,#5691));
#5664 = ORIENTED_EDGE('',*,*,#5665,.T.);
#5665 = EDGE_CURVE('',#5666,#5668,#5670,.T.);
#5666 = VERTEX_POINT('',#5667);
#5667 = CARTESIAN_POINT('',(65.354330708661,46.355092710185,0.));
#5668 = VERTEX_POINT('',#5669);
#5669 = CARTESIAN_POINT('',(65.354330708661,46.355092710185,    9.004318008636E-02));
#5670 = LINE('',#5671,#5672);
#5671 = CARTESIAN_POINT('',(65.354330708661,46.355092710185,0.));
#5672 = VECTOR('',#5673,1.);
#5673 = DIRECTION('',(0.,0.,1.));
#5674 = ORIENTED_EDGE('',*,*,#5675,.T.);
#5675 = EDGE_CURVE('',#5668,#5676,#5678,.T.);
#5676 = VERTEX_POINT('',#5677);
#5677 = CARTESIAN_POINT('',(64.439928879858,46.355092710185,    9.004318008636E-02));
#5678 = CIRCLE('',#5679,0.457200914402);
#5679 = AXIS2_PLACEMENT_3D('',#5680,#5681,#5682);
#5680 = CARTESIAN_POINT('',(64.89712979426,46.355092710185,    9.004318008636E-02));
#5681 = DIRECTION('',(0.,0.,1.));
#5682 = DIRECTION('',(1.,1.110223024625E-16,-0.));
#5683 = ORIENTED_EDGE('',*,*,#5684,.F.);
#5684 = EDGE_CURVE('',#5685,#5676,#5687,.T.);
#5685 = VERTEX_POINT('',#5686);
#5686 = CARTESIAN_POINT('',(64.439928879858,46.355092710185,0.));
#5687 = LINE('',#5688,#5689);
#5688 = CARTESIAN_POINT('',(64.439928879858,46.355092710185,0.));
#5689 = VECTOR('',#5690,1.);
#5690 = DIRECTION('',(0.,0.,1.));
#5691 = ORIENTED_EDGE('',*,*,#5692,.F.);
#5692 = EDGE_CURVE('',#5666,#5685,#5693,.T.);
#5693 = CIRCLE('',#5694,0.457200914402);
#5694 = AXIS2_PLACEMENT_3D('',#5695,#5696,#5697);
#5695 = CARTESIAN_POINT('',(64.89712979426,46.355092710185,0.));
#5696 = DIRECTION('',(0.,0.,1.));
#5697 = DIRECTION('',(1.,1.110223024625E-16,-0.));
#5698 = CYLINDRICAL_SURFACE('',#5699,0.457200914402);
#5699 = AXIS2_PLACEMENT_3D('',#5700,#5701,#5702);
#5700 = CARTESIAN_POINT('',(64.89712979426,46.355092710185,0.));
#5701 = DIRECTION('',(-0.,-0.,-1.));
#5702 = DIRECTION('',(1.,1.110223024625E-16,-0.));
#5703 = ADVANCED_FACE('',(#5704),#5722,.F.);
#5704 = FACE_BOUND('',#5705,.T.);
#5705 = EDGE_LOOP('',(#5706,#5707,#5714,#5715));
#5706 = ORIENTED_EDGE('',*,*,#5684,.T.);
#5707 = ORIENTED_EDGE('',*,*,#5708,.T.);
#5708 = EDGE_CURVE('',#5676,#5668,#5709,.T.);
#5709 = CIRCLE('',#5710,0.457200914402);
#5710 = AXIS2_PLACEMENT_3D('',#5711,#5712,#5713);
#5711 = CARTESIAN_POINT('',(64.89712979426,46.355092710185,    9.004318008636E-02));
#5712 = DIRECTION('',(0.,0.,1.));
#5713 = DIRECTION('',(-1.,-1.110223024625E-16,0.));
#5714 = ORIENTED_EDGE('',*,*,#5665,.F.);
#5715 = ORIENTED_EDGE('',*,*,#5716,.F.);
#5716 = EDGE_CURVE('',#5685,#5666,#5717,.T.);
#5717 = CIRCLE('',#5718,0.457200914402);
#5718 = AXIS2_PLACEMENT_3D('',#5719,#5720,#5721);
#5719 = CARTESIAN_POINT('',(64.89712979426,46.355092710185,0.));
#5720 = DIRECTION('',(0.,0.,1.));
#5721 = DIRECTION('',(-1.,-1.110223024625E-16,0.));
#5722 = CYLINDRICAL_SURFACE('',#5723,0.457200914402);
#5723 = AXIS2_PLACEMENT_3D('',#5724,#5725,#5726);
#5724 = CARTESIAN_POINT('',(64.89712979426,46.355092710185,0.));
#5725 = DIRECTION('',(-0.,-0.,-1.));
#5726 = DIRECTION('',(-1.,-1.110223024625E-16,0.));
#5727 = ADVANCED_FACE('',(#5728),#5764,.F.);
#5728 = FACE_BOUND('',#5729,.T.);
#5729 = EDGE_LOOP('',(#5730,#5740,#5749,#5757));
#5730 = ORIENTED_EDGE('',*,*,#5731,.T.);
#5731 = EDGE_CURVE('',#5732,#5734,#5736,.T.);
#5732 = VERTEX_POINT('',#5733);
#5733 = CARTESIAN_POINT('',(65.989331978664,85.09017018034,0.));
#5734 = VERTEX_POINT('',#5735);
#5735 = CARTESIAN_POINT('',(65.989331978664,85.09017018034,    9.004318008636E-02));
#5736 = LINE('',#5737,#5738);
#5737 = CARTESIAN_POINT('',(65.989331978664,85.09017018034,0.));
#5738 = VECTOR('',#5739,1.);
#5739 = DIRECTION('',(0.,0.,1.));
#5740 = ORIENTED_EDGE('',*,*,#5741,.T.);
#5741 = EDGE_CURVE('',#5734,#5742,#5744,.T.);
#5742 = VERTEX_POINT('',#5743);
#5743 = CARTESIAN_POINT('',(65.07493014986,85.09017018034,    9.004318008636E-02));
#5744 = CIRCLE('',#5745,0.457200914402);
#5745 = AXIS2_PLACEMENT_3D('',#5746,#5747,#5748);
#5746 = CARTESIAN_POINT('',(65.532131064262,85.09017018034,    9.004318008636E-02));
#5747 = DIRECTION('',(0.,0.,1.));
#5748 = DIRECTION('',(1.,1.110223024625E-16,-0.));
#5749 = ORIENTED_EDGE('',*,*,#5750,.F.);
#5750 = EDGE_CURVE('',#5751,#5742,#5753,.T.);
#5751 = VERTEX_POINT('',#5752);
#5752 = CARTESIAN_POINT('',(65.07493014986,85.09017018034,0.));
#5753 = LINE('',#5754,#5755);
#5754 = CARTESIAN_POINT('',(65.07493014986,85.09017018034,0.));
#5755 = VECTOR('',#5756,1.);
#5756 = DIRECTION('',(0.,0.,1.));
#5757 = ORIENTED_EDGE('',*,*,#5758,.F.);
#5758 = EDGE_CURVE('',#5732,#5751,#5759,.T.);
#5759 = CIRCLE('',#5760,0.457200914402);
#5760 = AXIS2_PLACEMENT_3D('',#5761,#5762,#5763);
#5761 = CARTESIAN_POINT('',(65.532131064262,85.09017018034,0.));
#5762 = DIRECTION('',(0.,0.,1.));
#5763 = DIRECTION('',(1.,1.110223024625E-16,-0.));
#5764 = CYLINDRICAL_SURFACE('',#5765,0.457200914402);
#5765 = AXIS2_PLACEMENT_3D('',#5766,#5767,#5768);
#5766 = CARTESIAN_POINT('',(65.532131064262,85.09017018034,0.));
#5767 = DIRECTION('',(-0.,-0.,-1.));
#5768 = DIRECTION('',(1.,1.110223024625E-16,-0.));
#5769 = ADVANCED_FACE('',(#5770),#5788,.F.);
#5770 = FACE_BOUND('',#5771,.T.);
#5771 = EDGE_LOOP('',(#5772,#5773,#5780,#5781));
#5772 = ORIENTED_EDGE('',*,*,#5750,.T.);
#5773 = ORIENTED_EDGE('',*,*,#5774,.T.);
#5774 = EDGE_CURVE('',#5742,#5734,#5775,.T.);
#5775 = CIRCLE('',#5776,0.457200914402);
#5776 = AXIS2_PLACEMENT_3D('',#5777,#5778,#5779);
#5777 = CARTESIAN_POINT('',(65.532131064262,85.09017018034,    9.004318008636E-02));
#5778 = DIRECTION('',(0.,0.,1.));
#5779 = DIRECTION('',(-1.,-1.110223024625E-16,0.));
#5780 = ORIENTED_EDGE('',*,*,#5731,.F.);
#5781 = ORIENTED_EDGE('',*,*,#5782,.F.);
#5782 = EDGE_CURVE('',#5751,#5732,#5783,.T.);
#5783 = CIRCLE('',#5784,0.457200914402);
#5784 = AXIS2_PLACEMENT_3D('',#5785,#5786,#5787);
#5785 = CARTESIAN_POINT('',(65.532131064262,85.09017018034,0.));
#5786 = DIRECTION('',(0.,0.,1.));
#5787 = DIRECTION('',(-1.,-1.110223024625E-16,0.));
#5788 = CYLINDRICAL_SURFACE('',#5789,0.457200914402);
#5789 = AXIS2_PLACEMENT_3D('',#5790,#5791,#5792);
#5790 = CARTESIAN_POINT('',(65.532131064262,85.09017018034,0.));
#5791 = DIRECTION('',(-0.,-0.,-1.));
#5792 = DIRECTION('',(-1.,-1.110223024625E-16,0.));
#5793 = ADVANCED_FACE('',(#5794),#5830,.F.);
#5794 = FACE_BOUND('',#5795,.T.);
#5795 = EDGE_LOOP('',(#5796,#5806,#5815,#5823));
#5796 = ORIENTED_EDGE('',*,*,#5797,.T.);
#5797 = EDGE_CURVE('',#5798,#5800,#5802,.T.);
#5798 = VERTEX_POINT('',#5799);
#5799 = CARTESIAN_POINT('',(66.243332486665,30.480060960122,0.));
#5800 = VERTEX_POINT('',#5801);
#5801 = CARTESIAN_POINT('',(66.243332486665,30.480060960122,    9.004318008636E-02));
#5802 = LINE('',#5803,#5804);
#5803 = CARTESIAN_POINT('',(66.243332486665,30.480060960122,0.));
#5804 = VECTOR('',#5805,1.);
#5805 = DIRECTION('',(0.,0.,1.));
#5806 = ORIENTED_EDGE('',*,*,#5807,.T.);
#5807 = EDGE_CURVE('',#5800,#5808,#5810,.T.);
#5808 = VERTEX_POINT('',#5809);
#5809 = CARTESIAN_POINT('',(65.328930657861,30.480060960122,    9.004318008636E-02));
#5810 = CIRCLE('',#5811,0.457200914402);
#5811 = AXIS2_PLACEMENT_3D('',#5812,#5813,#5814);
#5812 = CARTESIAN_POINT('',(65.786131572263,30.480060960122,    9.004318008636E-02));
#5813 = DIRECTION('',(0.,0.,1.));
#5814 = DIRECTION('',(1.,1.110223024625E-16,-0.));
#5815 = ORIENTED_EDGE('',*,*,#5816,.F.);
#5816 = EDGE_CURVE('',#5817,#5808,#5819,.T.);
#5817 = VERTEX_POINT('',#5818);
#5818 = CARTESIAN_POINT('',(65.328930657861,30.480060960122,0.));
#5819 = LINE('',#5820,#5821);
#5820 = CARTESIAN_POINT('',(65.328930657861,30.480060960122,0.));
#5821 = VECTOR('',#5822,1.);
#5822 = DIRECTION('',(0.,0.,1.));
#5823 = ORIENTED_EDGE('',*,*,#5824,.F.);
#5824 = EDGE_CURVE('',#5798,#5817,#5825,.T.);
#5825 = CIRCLE('',#5826,0.457200914402);
#5826 = AXIS2_PLACEMENT_3D('',#5827,#5828,#5829);
#5827 = CARTESIAN_POINT('',(65.786131572263,30.480060960122,0.));
#5828 = DIRECTION('',(0.,0.,1.));
#5829 = DIRECTION('',(1.,1.110223024625E-16,-0.));
#5830 = CYLINDRICAL_SURFACE('',#5831,0.457200914402);
#5831 = AXIS2_PLACEMENT_3D('',#5832,#5833,#5834);
#5832 = CARTESIAN_POINT('',(65.786131572263,30.480060960122,0.));
#5833 = DIRECTION('',(-0.,-0.,-1.));
#5834 = DIRECTION('',(1.,1.110223024625E-16,-0.));
#5835 = ADVANCED_FACE('',(#5836),#5854,.F.);
#5836 = FACE_BOUND('',#5837,.T.);
#5837 = EDGE_LOOP('',(#5838,#5839,#5846,#5847));
#5838 = ORIENTED_EDGE('',*,*,#5816,.T.);
#5839 = ORIENTED_EDGE('',*,*,#5840,.T.);
#5840 = EDGE_CURVE('',#5808,#5800,#5841,.T.);
#5841 = CIRCLE('',#5842,0.457200914402);
#5842 = AXIS2_PLACEMENT_3D('',#5843,#5844,#5845);
#5843 = CARTESIAN_POINT('',(65.786131572263,30.480060960122,    9.004318008636E-02));
#5844 = DIRECTION('',(0.,0.,1.));
#5845 = DIRECTION('',(-1.,-1.110223024625E-16,0.));
#5846 = ORIENTED_EDGE('',*,*,#5797,.F.);
#5847 = ORIENTED_EDGE('',*,*,#5848,.F.);
#5848 = EDGE_CURVE('',#5817,#5798,#5849,.T.);
#5849 = CIRCLE('',#5850,0.457200914402);
#5850 = AXIS2_PLACEMENT_3D('',#5851,#5852,#5853);
#5851 = CARTESIAN_POINT('',(65.786131572263,30.480060960122,0.));
#5852 = DIRECTION('',(0.,0.,1.));
#5853 = DIRECTION('',(-1.,-1.110223024625E-16,0.));
#5854 = CYLINDRICAL_SURFACE('',#5855,0.457200914402);
#5855 = AXIS2_PLACEMENT_3D('',#5856,#5857,#5858);
#5856 = CARTESIAN_POINT('',(65.786131572263,30.480060960122,0.));
#5857 = DIRECTION('',(-0.,-0.,-1.));
#5858 = DIRECTION('',(-1.,-1.110223024625E-16,0.));
#5859 = ADVANCED_FACE('',(#5860),#5896,.F.);
#5860 = FACE_BOUND('',#5861,.T.);
#5861 = EDGE_LOOP('',(#5862,#5872,#5881,#5889));
#5862 = ORIENTED_EDGE('',*,*,#5863,.T.);
#5863 = EDGE_CURVE('',#5864,#5866,#5868,.T.);
#5864 = VERTEX_POINT('',#5865);
#5865 = CARTESIAN_POINT('',(66.497332994666,64.008128016256,0.));
#5866 = VERTEX_POINT('',#5867);
#5867 = CARTESIAN_POINT('',(66.497332994666,64.008128016256,    9.004318008636E-02));
#5868 = LINE('',#5869,#5870);
#5869 = CARTESIAN_POINT('',(66.497332994666,64.008128016256,0.));
#5870 = VECTOR('',#5871,1.);
#5871 = DIRECTION('',(0.,0.,1.));
#5872 = ORIENTED_EDGE('',*,*,#5873,.T.);
#5873 = EDGE_CURVE('',#5866,#5874,#5876,.T.);
#5874 = VERTEX_POINT('',#5875);
#5875 = CARTESIAN_POINT('',(65.582931165862,64.008128016256,    9.004318008636E-02));
#5876 = CIRCLE('',#5877,0.457200914402);
#5877 = AXIS2_PLACEMENT_3D('',#5878,#5879,#5880);
#5878 = CARTESIAN_POINT('',(66.040132080264,64.008128016256,    9.004318008636E-02));
#5879 = DIRECTION('',(0.,0.,1.));
#5880 = DIRECTION('',(1.,1.110223024625E-16,-0.));
#5881 = ORIENTED_EDGE('',*,*,#5882,.F.);
#5882 = EDGE_CURVE('',#5883,#5874,#5885,.T.);
#5883 = VERTEX_POINT('',#5884);
#5884 = CARTESIAN_POINT('',(65.582931165862,64.008128016256,0.));
#5885 = LINE('',#5886,#5887);
#5886 = CARTESIAN_POINT('',(65.582931165862,64.008128016256,0.));
#5887 = VECTOR('',#5888,1.);
#5888 = DIRECTION('',(0.,0.,1.));
#5889 = ORIENTED_EDGE('',*,*,#5890,.F.);
#5890 = EDGE_CURVE('',#5864,#5883,#5891,.T.);
#5891 = CIRCLE('',#5892,0.457200914402);
#5892 = AXIS2_PLACEMENT_3D('',#5893,#5894,#5895);
#5893 = CARTESIAN_POINT('',(66.040132080264,64.008128016256,0.));
#5894 = DIRECTION('',(0.,0.,1.));
#5895 = DIRECTION('',(1.,1.110223024625E-16,-0.));
#5896 = CYLINDRICAL_SURFACE('',#5897,0.457200914402);
#5897 = AXIS2_PLACEMENT_3D('',#5898,#5899,#5900);
#5898 = CARTESIAN_POINT('',(66.040132080264,64.008128016256,0.));
#5899 = DIRECTION('',(-0.,-0.,-1.));
#5900 = DIRECTION('',(1.,1.110223024625E-16,-0.));
#5901 = ADVANCED_FACE('',(#5902),#5920,.F.);
#5902 = FACE_BOUND('',#5903,.T.);
#5903 = EDGE_LOOP('',(#5904,#5905,#5912,#5913));
#5904 = ORIENTED_EDGE('',*,*,#5882,.T.);
#5905 = ORIENTED_EDGE('',*,*,#5906,.T.);
#5906 = EDGE_CURVE('',#5874,#5866,#5907,.T.);
#5907 = CIRCLE('',#5908,0.457200914402);
#5908 = AXIS2_PLACEMENT_3D('',#5909,#5910,#5911);
#5909 = CARTESIAN_POINT('',(66.040132080264,64.008128016256,    9.004318008636E-02));
#5910 = DIRECTION('',(0.,0.,1.));
#5911 = DIRECTION('',(-1.,-1.110223024625E-16,0.));
#5912 = ORIENTED_EDGE('',*,*,#5863,.F.);
#5913 = ORIENTED_EDGE('',*,*,#5914,.F.);
#5914 = EDGE_CURVE('',#5883,#5864,#5915,.T.);
#5915 = CIRCLE('',#5916,0.457200914402);
#5916 = AXIS2_PLACEMENT_3D('',#5917,#5918,#5919);
#5917 = CARTESIAN_POINT('',(66.040132080264,64.008128016256,0.));
#5918 = DIRECTION('',(0.,0.,1.));
#5919 = DIRECTION('',(-1.,-1.110223024625E-16,0.));
#5920 = CYLINDRICAL_SURFACE('',#5921,0.457200914402);
#5921 = AXIS2_PLACEMENT_3D('',#5922,#5923,#5924);
#5922 = CARTESIAN_POINT('',(66.040132080264,64.008128016256,0.));
#5923 = DIRECTION('',(-0.,-0.,-1.));
#5924 = DIRECTION('',(-1.,-1.110223024625E-16,0.));
#5925 = ADVANCED_FACE('',(#5926),#5962,.F.);
#5926 = FACE_BOUND('',#5927,.T.);
#5927 = EDGE_LOOP('',(#5928,#5938,#5947,#5955));
#5928 = ORIENTED_EDGE('',*,*,#5929,.T.);
#5929 = EDGE_CURVE('',#5930,#5932,#5934,.T.);
#5930 = VERTEX_POINT('',#5931);
#5931 = CARTESIAN_POINT('',(67.58953517907,38.608077216154,0.));
#5932 = VERTEX_POINT('',#5933);
#5933 = CARTESIAN_POINT('',(67.58953517907,38.608077216154,    9.004318008636E-02));
#5934 = LINE('',#5935,#5936);
#5935 = CARTESIAN_POINT('',(67.58953517907,38.608077216154,0.));
#5936 = VECTOR('',#5937,1.);
#5937 = DIRECTION('',(0.,0.,1.));
#5938 = ORIENTED_EDGE('',*,*,#5939,.T.);
#5939 = EDGE_CURVE('',#5932,#5940,#5942,.T.);
#5940 = VERTEX_POINT('',#5941);
#5941 = CARTESIAN_POINT('',(66.776733553467,38.608077216154,    9.004318008636E-02));
#5942 = CIRCLE('',#5943,0.406400812802);
#5943 = AXIS2_PLACEMENT_3D('',#5944,#5945,#5946);
#5944 = CARTESIAN_POINT('',(67.183134366269,38.608077216154,    9.004318008636E-02));
#5945 = DIRECTION('',(0.,0.,1.));
#5946 = DIRECTION('',(1.,1.110223024625E-16,-0.));
#5947 = ORIENTED_EDGE('',*,*,#5948,.F.);
#5948 = EDGE_CURVE('',#5949,#5940,#5951,.T.);
#5949 = VERTEX_POINT('',#5950);
#5950 = CARTESIAN_POINT('',(66.776733553467,38.608077216154,0.));
#5951 = LINE('',#5952,#5953);
#5952 = CARTESIAN_POINT('',(66.776733553467,38.608077216154,0.));
#5953 = VECTOR('',#5954,1.);
#5954 = DIRECTION('',(0.,0.,1.));
#5955 = ORIENTED_EDGE('',*,*,#5956,.F.);
#5956 = EDGE_CURVE('',#5930,#5949,#5957,.T.);
#5957 = CIRCLE('',#5958,0.406400812802);
#5958 = AXIS2_PLACEMENT_3D('',#5959,#5960,#5961);
#5959 = CARTESIAN_POINT('',(67.183134366269,38.608077216154,0.));
#5960 = DIRECTION('',(0.,0.,1.));
#5961 = DIRECTION('',(1.,1.110223024625E-16,-0.));
#5962 = CYLINDRICAL_SURFACE('',#5963,0.406400812802);
#5963 = AXIS2_PLACEMENT_3D('',#5964,#5965,#5966);
#5964 = CARTESIAN_POINT('',(67.183134366269,38.608077216154,0.));
#5965 = DIRECTION('',(-0.,-0.,-1.));
#5966 = DIRECTION('',(1.,1.110223024625E-16,-0.));
#5967 = ADVANCED_FACE('',(#5968),#5986,.F.);
#5968 = FACE_BOUND('',#5969,.T.);
#5969 = EDGE_LOOP('',(#5970,#5971,#5978,#5979));
#5970 = ORIENTED_EDGE('',*,*,#5948,.T.);
#5971 = ORIENTED_EDGE('',*,*,#5972,.T.);
#5972 = EDGE_CURVE('',#5940,#5932,#5973,.T.);
#5973 = CIRCLE('',#5974,0.406400812802);
#5974 = AXIS2_PLACEMENT_3D('',#5975,#5976,#5977);
#5975 = CARTESIAN_POINT('',(67.183134366269,38.608077216154,    9.004318008636E-02));
#5976 = DIRECTION('',(0.,0.,1.));
#5977 = DIRECTION('',(-1.,-1.110223024625E-16,0.));
#5978 = ORIENTED_EDGE('',*,*,#5929,.F.);
#5979 = ORIENTED_EDGE('',*,*,#5980,.F.);
#5980 = EDGE_CURVE('',#5949,#5930,#5981,.T.);
#5981 = CIRCLE('',#5982,0.406400812802);
#5982 = AXIS2_PLACEMENT_3D('',#5983,#5984,#5985);
#5983 = CARTESIAN_POINT('',(67.183134366269,38.608077216154,0.));
#5984 = DIRECTION('',(0.,0.,1.));
#5985 = DIRECTION('',(-1.,-1.110223024625E-16,0.));
#5986 = CYLINDRICAL_SURFACE('',#5987,0.406400812802);
#5987 = AXIS2_PLACEMENT_3D('',#5988,#5989,#5990);
#5988 = CARTESIAN_POINT('',(67.183134366269,38.608077216154,0.));
#5989 = DIRECTION('',(-0.,-0.,-1.));
#5990 = DIRECTION('',(-1.,-1.110223024625E-16,0.));
#5991 = ADVANCED_FACE('',(#5992),#6028,.F.);
#5992 = FACE_BOUND('',#5993,.T.);
#5993 = EDGE_LOOP('',(#5994,#6004,#6013,#6021));
#5994 = ORIENTED_EDGE('',*,*,#5995,.T.);
#5995 = EDGE_CURVE('',#5996,#5998,#6000,.T.);
#5996 = VERTEX_POINT('',#5997);
#5997 = CARTESIAN_POINT('',(68.021336042672,19.177038354077,0.));
#5998 = VERTEX_POINT('',#5999);
#5999 = CARTESIAN_POINT('',(68.021336042672,19.177038354077,    9.004318008636E-02));
#6000 = LINE('',#6001,#6002);
#6001 = CARTESIAN_POINT('',(68.021336042672,19.177038354077,0.));
#6002 = VECTOR('',#6003,1.);
#6003 = DIRECTION('',(0.,0.,1.));
#6004 = ORIENTED_EDGE('',*,*,#6005,.T.);
#6005 = EDGE_CURVE('',#5998,#6006,#6008,.T.);
#6006 = VERTEX_POINT('',#6007);
#6007 = CARTESIAN_POINT('',(67.106934213868,19.177038354077,    9.004318008636E-02));
#6008 = CIRCLE('',#6009,0.457200914402);
#6009 = AXIS2_PLACEMENT_3D('',#6010,#6011,#6012);
#6010 = CARTESIAN_POINT('',(67.56413512827,19.177038354077,    9.004318008636E-02));
#6011 = DIRECTION('',(0.,0.,1.));
#6012 = DIRECTION('',(1.,1.110223024625E-16,-0.));
#6013 = ORIENTED_EDGE('',*,*,#6014,.F.);
#6014 = EDGE_CURVE('',#6015,#6006,#6017,.T.);
#6015 = VERTEX_POINT('',#6016);
#6016 = CARTESIAN_POINT('',(67.106934213868,19.177038354077,0.));
#6017 = LINE('',#6018,#6019);
#6018 = CARTESIAN_POINT('',(67.106934213868,19.177038354077,0.));
#6019 = VECTOR('',#6020,1.);
#6020 = DIRECTION('',(0.,0.,1.));
#6021 = ORIENTED_EDGE('',*,*,#6022,.F.);
#6022 = EDGE_CURVE('',#5996,#6015,#6023,.T.);
#6023 = CIRCLE('',#6024,0.457200914402);
#6024 = AXIS2_PLACEMENT_3D('',#6025,#6026,#6027);
#6025 = CARTESIAN_POINT('',(67.56413512827,19.177038354077,0.));
#6026 = DIRECTION('',(0.,0.,1.));
#6027 = DIRECTION('',(1.,1.110223024625E-16,-0.));
#6028 = CYLINDRICAL_SURFACE('',#6029,0.457200914402);
#6029 = AXIS2_PLACEMENT_3D('',#6030,#6031,#6032);
#6030 = CARTESIAN_POINT('',(67.56413512827,19.177038354077,0.));
#6031 = DIRECTION('',(-0.,-0.,-1.));
#6032 = DIRECTION('',(1.,1.110223024625E-16,-0.));
#6033 = ADVANCED_FACE('',(#6034),#6052,.F.);
#6034 = FACE_BOUND('',#6035,.T.);
#6035 = EDGE_LOOP('',(#6036,#6037,#6044,#6045));
#6036 = ORIENTED_EDGE('',*,*,#6014,.T.);
#6037 = ORIENTED_EDGE('',*,*,#6038,.T.);
#6038 = EDGE_CURVE('',#6006,#5998,#6039,.T.);
#6039 = CIRCLE('',#6040,0.457200914402);
#6040 = AXIS2_PLACEMENT_3D('',#6041,#6042,#6043);
#6041 = CARTESIAN_POINT('',(67.56413512827,19.177038354077,    9.004318008636E-02));
#6042 = DIRECTION('',(0.,0.,1.));
#6043 = DIRECTION('',(-1.,-1.110223024625E-16,0.));
#6044 = ORIENTED_EDGE('',*,*,#5995,.F.);
#6045 = ORIENTED_EDGE('',*,*,#6046,.F.);
#6046 = EDGE_CURVE('',#6015,#5996,#6047,.T.);
#6047 = CIRCLE('',#6048,0.457200914402);
#6048 = AXIS2_PLACEMENT_3D('',#6049,#6050,#6051);
#6049 = CARTESIAN_POINT('',(67.56413512827,19.177038354077,0.));
#6050 = DIRECTION('',(0.,0.,1.));
#6051 = DIRECTION('',(-1.,-1.110223024625E-16,0.));
#6052 = CYLINDRICAL_SURFACE('',#6053,0.457200914402);
#6053 = AXIS2_PLACEMENT_3D('',#6054,#6055,#6056);
#6054 = CARTESIAN_POINT('',(67.56413512827,19.177038354077,0.));
#6055 = DIRECTION('',(-0.,-0.,-1.));
#6056 = DIRECTION('',(-1.,-1.110223024625E-16,0.));
#6057 = ADVANCED_FACE('',(#6058),#6094,.F.);
#6058 = FACE_BOUND('',#6059,.T.);
#6059 = EDGE_LOOP('',(#6060,#6070,#6079,#6087));
#6060 = ORIENTED_EDGE('',*,*,#6061,.T.);
#6061 = EDGE_CURVE('',#6062,#6064,#6066,.T.);
#6062 = VERTEX_POINT('',#6063);
#6063 = CARTESIAN_POINT('',(68.021336042672,27.178054356109,0.));
#6064 = VERTEX_POINT('',#6065);
#6065 = CARTESIAN_POINT('',(68.021336042672,27.178054356109,    9.004318008636E-02));
#6066 = LINE('',#6067,#6068);
#6067 = CARTESIAN_POINT('',(68.021336042672,27.178054356109,0.));
#6068 = VECTOR('',#6069,1.);
#6069 = DIRECTION('',(0.,0.,1.));
#6070 = ORIENTED_EDGE('',*,*,#6071,.T.);
#6071 = EDGE_CURVE('',#6064,#6072,#6074,.T.);
#6072 = VERTEX_POINT('',#6073);
#6073 = CARTESIAN_POINT('',(67.106934213868,27.178054356109,    9.004318008636E-02));
#6074 = CIRCLE('',#6075,0.457200914402);
#6075 = AXIS2_PLACEMENT_3D('',#6076,#6077,#6078);
#6076 = CARTESIAN_POINT('',(67.56413512827,27.178054356109,    9.004318008636E-02));
#6077 = DIRECTION('',(0.,0.,1.));
#6078 = DIRECTION('',(1.,1.110223024625E-16,-0.));
#6079 = ORIENTED_EDGE('',*,*,#6080,.F.);
#6080 = EDGE_CURVE('',#6081,#6072,#6083,.T.);
#6081 = VERTEX_POINT('',#6082);
#6082 = CARTESIAN_POINT('',(67.106934213868,27.178054356109,0.));
#6083 = LINE('',#6084,#6085);
#6084 = CARTESIAN_POINT('',(67.106934213868,27.178054356109,0.));
#6085 = VECTOR('',#6086,1.);
#6086 = DIRECTION('',(0.,0.,1.));
#6087 = ORIENTED_EDGE('',*,*,#6088,.F.);
#6088 = EDGE_CURVE('',#6062,#6081,#6089,.T.);
#6089 = CIRCLE('',#6090,0.457200914402);
#6090 = AXIS2_PLACEMENT_3D('',#6091,#6092,#6093);
#6091 = CARTESIAN_POINT('',(67.56413512827,27.178054356109,0.));
#6092 = DIRECTION('',(0.,0.,1.));
#6093 = DIRECTION('',(1.,1.110223024625E-16,-0.));
#6094 = CYLINDRICAL_SURFACE('',#6095,0.457200914402);
#6095 = AXIS2_PLACEMENT_3D('',#6096,#6097,#6098);
#6096 = CARTESIAN_POINT('',(67.56413512827,27.178054356109,0.));
#6097 = DIRECTION('',(-0.,-0.,-1.));
#6098 = DIRECTION('',(1.,1.110223024625E-16,-0.));
#6099 = ADVANCED_FACE('',(#6100),#6118,.F.);
#6100 = FACE_BOUND('',#6101,.T.);
#6101 = EDGE_LOOP('',(#6102,#6103,#6110,#6111));
#6102 = ORIENTED_EDGE('',*,*,#6080,.T.);
#6103 = ORIENTED_EDGE('',*,*,#6104,.T.);
#6104 = EDGE_CURVE('',#6072,#6064,#6105,.T.);
#6105 = CIRCLE('',#6106,0.457200914402);
#6106 = AXIS2_PLACEMENT_3D('',#6107,#6108,#6109);
#6107 = CARTESIAN_POINT('',(67.56413512827,27.178054356109,    9.004318008636E-02));
#6108 = DIRECTION('',(0.,0.,1.));
#6109 = DIRECTION('',(-1.,-1.110223024625E-16,0.));
#6110 = ORIENTED_EDGE('',*,*,#6061,.F.);
#6111 = ORIENTED_EDGE('',*,*,#6112,.F.);
#6112 = EDGE_CURVE('',#6081,#6062,#6113,.T.);
#6113 = CIRCLE('',#6114,0.457200914402);
#6114 = AXIS2_PLACEMENT_3D('',#6115,#6116,#6117);
#6115 = CARTESIAN_POINT('',(67.56413512827,27.178054356109,0.));
#6116 = DIRECTION('',(0.,0.,1.));
#6117 = DIRECTION('',(-1.,-1.110223024625E-16,0.));
#6118 = CYLINDRICAL_SURFACE('',#6119,0.457200914402);
#6119 = AXIS2_PLACEMENT_3D('',#6120,#6121,#6122);
#6120 = CARTESIAN_POINT('',(67.56413512827,27.178054356109,0.));
#6121 = DIRECTION('',(-0.,-0.,-1.));
#6122 = DIRECTION('',(-1.,-1.110223024625E-16,0.));
#6123 = ADVANCED_FACE('',(#6124),#6160,.F.);
#6124 = FACE_BOUND('',#6125,.T.);
#6125 = EDGE_LOOP('',(#6126,#6136,#6145,#6153));
#6126 = ORIENTED_EDGE('',*,*,#6127,.T.);
#6127 = EDGE_CURVE('',#6128,#6130,#6132,.T.);
#6128 = VERTEX_POINT('',#6129);
#6129 = CARTESIAN_POINT('',(68.529337058674,85.09017018034,0.));
#6130 = VERTEX_POINT('',#6131);
#6131 = CARTESIAN_POINT('',(68.529337058674,85.09017018034,    9.004318008636E-02));
#6132 = LINE('',#6133,#6134);
#6133 = CARTESIAN_POINT('',(68.529337058674,85.09017018034,0.));
#6134 = VECTOR('',#6135,1.);
#6135 = DIRECTION('',(0.,0.,1.));
#6136 = ORIENTED_EDGE('',*,*,#6137,.T.);
#6137 = EDGE_CURVE('',#6130,#6138,#6140,.T.);
#6138 = VERTEX_POINT('',#6139);
#6139 = CARTESIAN_POINT('',(67.61493522987,85.09017018034,    9.004318008636E-02));
#6140 = CIRCLE('',#6141,0.457200914402);
#6141 = AXIS2_PLACEMENT_3D('',#6142,#6143,#6144);
#6142 = CARTESIAN_POINT('',(68.072136144272,85.09017018034,    9.004318008636E-02));
#6143 = DIRECTION('',(0.,0.,1.));
#6144 = DIRECTION('',(1.,1.110223024625E-16,-0.));
#6145 = ORIENTED_EDGE('',*,*,#6146,.F.);
#6146 = EDGE_CURVE('',#6147,#6138,#6149,.T.);
#6147 = VERTEX_POINT('',#6148);
#6148 = CARTESIAN_POINT('',(67.61493522987,85.09017018034,0.));
#6149 = LINE('',#6150,#6151);
#6150 = CARTESIAN_POINT('',(67.61493522987,85.09017018034,0.));
#6151 = VECTOR('',#6152,1.);
#6152 = DIRECTION('',(0.,0.,1.));
#6153 = ORIENTED_EDGE('',*,*,#6154,.F.);
#6154 = EDGE_CURVE('',#6128,#6147,#6155,.T.);
#6155 = CIRCLE('',#6156,0.457200914402);
#6156 = AXIS2_PLACEMENT_3D('',#6157,#6158,#6159);
#6157 = CARTESIAN_POINT('',(68.072136144272,85.09017018034,0.));
#6158 = DIRECTION('',(0.,0.,1.));
#6159 = DIRECTION('',(1.,1.110223024625E-16,-0.));
#6160 = CYLINDRICAL_SURFACE('',#6161,0.457200914402);
#6161 = AXIS2_PLACEMENT_3D('',#6162,#6163,#6164);
#6162 = CARTESIAN_POINT('',(68.072136144272,85.09017018034,0.));
#6163 = DIRECTION('',(-0.,-0.,-1.));
#6164 = DIRECTION('',(1.,1.110223024625E-16,-0.));
#6165 = ADVANCED_FACE('',(#6166),#6184,.F.);
#6166 = FACE_BOUND('',#6167,.T.);
#6167 = EDGE_LOOP('',(#6168,#6169,#6176,#6177));
#6168 = ORIENTED_EDGE('',*,*,#6146,.T.);
#6169 = ORIENTED_EDGE('',*,*,#6170,.T.);
#6170 = EDGE_CURVE('',#6138,#6130,#6171,.T.);
#6171 = CIRCLE('',#6172,0.457200914402);
#6172 = AXIS2_PLACEMENT_3D('',#6173,#6174,#6175);
#6173 = CARTESIAN_POINT('',(68.072136144272,85.09017018034,    9.004318008636E-02));
#6174 = DIRECTION('',(0.,0.,1.));
#6175 = DIRECTION('',(-1.,-1.110223024625E-16,0.));
#6176 = ORIENTED_EDGE('',*,*,#6127,.F.);
#6177 = ORIENTED_EDGE('',*,*,#6178,.F.);
#6178 = EDGE_CURVE('',#6147,#6128,#6179,.T.);
#6179 = CIRCLE('',#6180,0.457200914402);
#6180 = AXIS2_PLACEMENT_3D('',#6181,#6182,#6183);
#6181 = CARTESIAN_POINT('',(68.072136144272,85.09017018034,0.));
#6182 = DIRECTION('',(0.,0.,1.));
#6183 = DIRECTION('',(-1.,-1.110223024625E-16,0.));
#6184 = CYLINDRICAL_SURFACE('',#6185,0.457200914402);
#6185 = AXIS2_PLACEMENT_3D('',#6186,#6187,#6188);
#6186 = CARTESIAN_POINT('',(68.072136144272,85.09017018034,0.));
#6187 = DIRECTION('',(-0.,-0.,-1.));
#6188 = DIRECTION('',(-1.,-1.110223024625E-16,0.));
#6189 = ADVANCED_FACE('',(#6190),#6226,.F.);
#6190 = FACE_BOUND('',#6191,.T.);
#6191 = EDGE_LOOP('',(#6192,#6202,#6211,#6219));
#6192 = ORIENTED_EDGE('',*,*,#6193,.T.);
#6193 = EDGE_CURVE('',#6194,#6196,#6198,.T.);
#6194 = VERTEX_POINT('',#6195);
#6195 = CARTESIAN_POINT('',(69.037338074676,64.008128016256,0.));
#6196 = VERTEX_POINT('',#6197);
#6197 = CARTESIAN_POINT('',(69.037338074676,64.008128016256,    9.004318008636E-02));
#6198 = LINE('',#6199,#6200);
#6199 = CARTESIAN_POINT('',(69.037338074676,64.008128016256,0.));
#6200 = VECTOR('',#6201,1.);
#6201 = DIRECTION('',(0.,0.,1.));
#6202 = ORIENTED_EDGE('',*,*,#6203,.T.);
#6203 = EDGE_CURVE('',#6196,#6204,#6206,.T.);
#6204 = VERTEX_POINT('',#6205);
#6205 = CARTESIAN_POINT('',(68.122936245873,64.008128016256,    9.004318008636E-02));
#6206 = CIRCLE('',#6207,0.457200914402);
#6207 = AXIS2_PLACEMENT_3D('',#6208,#6209,#6210);
#6208 = CARTESIAN_POINT('',(68.580137160274,64.008128016256,    9.004318008636E-02));
#6209 = DIRECTION('',(0.,0.,1.));
#6210 = DIRECTION('',(1.,1.110223024625E-16,-0.));
#6211 = ORIENTED_EDGE('',*,*,#6212,.F.);
#6212 = EDGE_CURVE('',#6213,#6204,#6215,.T.);
#6213 = VERTEX_POINT('',#6214);
#6214 = CARTESIAN_POINT('',(68.122936245873,64.008128016256,0.));
#6215 = LINE('',#6216,#6217);
#6216 = CARTESIAN_POINT('',(68.122936245873,64.008128016256,0.));
#6217 = VECTOR('',#6218,1.);
#6218 = DIRECTION('',(0.,0.,1.));
#6219 = ORIENTED_EDGE('',*,*,#6220,.F.);
#6220 = EDGE_CURVE('',#6194,#6213,#6221,.T.);
#6221 = CIRCLE('',#6222,0.457200914402);
#6222 = AXIS2_PLACEMENT_3D('',#6223,#6224,#6225);
#6223 = CARTESIAN_POINT('',(68.580137160274,64.008128016256,0.));
#6224 = DIRECTION('',(0.,0.,1.));
#6225 = DIRECTION('',(1.,1.110223024625E-16,-0.));
#6226 = CYLINDRICAL_SURFACE('',#6227,0.457200914402);
#6227 = AXIS2_PLACEMENT_3D('',#6228,#6229,#6230);
#6228 = CARTESIAN_POINT('',(68.580137160274,64.008128016256,0.));
#6229 = DIRECTION('',(-0.,-0.,-1.));
#6230 = DIRECTION('',(1.,1.110223024625E-16,-0.));
#6231 = ADVANCED_FACE('',(#6232),#6250,.F.);
#6232 = FACE_BOUND('',#6233,.T.);
#6233 = EDGE_LOOP('',(#6234,#6235,#6242,#6243));
#6234 = ORIENTED_EDGE('',*,*,#6212,.T.);
#6235 = ORIENTED_EDGE('',*,*,#6236,.T.);
#6236 = EDGE_CURVE('',#6204,#6196,#6237,.T.);
#6237 = CIRCLE('',#6238,0.457200914402);
#6238 = AXIS2_PLACEMENT_3D('',#6239,#6240,#6241);
#6239 = CARTESIAN_POINT('',(68.580137160274,64.008128016256,    9.004318008636E-02));
#6240 = DIRECTION('',(0.,0.,1.));
#6241 = DIRECTION('',(-1.,-1.110223024625E-16,0.));
#6242 = ORIENTED_EDGE('',*,*,#6193,.F.);
#6243 = ORIENTED_EDGE('',*,*,#6244,.F.);
#6244 = EDGE_CURVE('',#6213,#6194,#6245,.T.);
#6245 = CIRCLE('',#6246,0.457200914402);
#6246 = AXIS2_PLACEMENT_3D('',#6247,#6248,#6249);
#6247 = CARTESIAN_POINT('',(68.580137160274,64.008128016256,0.));
#6248 = DIRECTION('',(0.,0.,1.));
#6249 = DIRECTION('',(-1.,-1.110223024625E-16,0.));
#6250 = CYLINDRICAL_SURFACE('',#6251,0.457200914402);
#6251 = AXIS2_PLACEMENT_3D('',#6252,#6253,#6254);
#6252 = CARTESIAN_POINT('',(68.580137160274,64.008128016256,0.));
#6253 = DIRECTION('',(-0.,-0.,-1.));
#6254 = DIRECTION('',(-1.,-1.110223024625E-16,0.));
#6255 = ADVANCED_FACE('',(#6256),#6292,.F.);
#6256 = FACE_BOUND('',#6257,.T.);
#6257 = EDGE_LOOP('',(#6258,#6268,#6277,#6285));
#6258 = ORIENTED_EDGE('',*,*,#6259,.T.);
#6259 = EDGE_CURVE('',#6260,#6262,#6264,.T.);
#6260 = VERTEX_POINT('',#6261);
#6261 = CARTESIAN_POINT('',(71.069342138684,85.09017018034,0.));
#6262 = VERTEX_POINT('',#6263);
#6263 = CARTESIAN_POINT('',(71.069342138684,85.09017018034,    9.004318008636E-02));
#6264 = LINE('',#6265,#6266);
#6265 = CARTESIAN_POINT('',(71.069342138684,85.09017018034,0.));
#6266 = VECTOR('',#6267,1.);
#6267 = DIRECTION('',(0.,0.,1.));
#6268 = ORIENTED_EDGE('',*,*,#6269,.T.);
#6269 = EDGE_CURVE('',#6262,#6270,#6272,.T.);
#6270 = VERTEX_POINT('',#6271);
#6271 = CARTESIAN_POINT('',(70.154940309881,85.09017018034,    9.004318008636E-02));
#6272 = CIRCLE('',#6273,0.457200914402);
#6273 = AXIS2_PLACEMENT_3D('',#6274,#6275,#6276);
#6274 = CARTESIAN_POINT('',(70.612141224282,85.09017018034,    9.004318008636E-02));
#6275 = DIRECTION('',(0.,0.,1.));
#6276 = DIRECTION('',(1.,1.110223024625E-16,-0.));
#6277 = ORIENTED_EDGE('',*,*,#6278,.F.);
#6278 = EDGE_CURVE('',#6279,#6270,#6281,.T.);
#6279 = VERTEX_POINT('',#6280);
#6280 = CARTESIAN_POINT('',(70.154940309881,85.09017018034,0.));
#6281 = LINE('',#6282,#6283);
#6282 = CARTESIAN_POINT('',(70.154940309881,85.09017018034,0.));
#6283 = VECTOR('',#6284,1.);
#6284 = DIRECTION('',(0.,0.,1.));
#6285 = ORIENTED_EDGE('',*,*,#6286,.F.);
#6286 = EDGE_CURVE('',#6260,#6279,#6287,.T.);
#6287 = CIRCLE('',#6288,0.457200914402);
#6288 = AXIS2_PLACEMENT_3D('',#6289,#6290,#6291);
#6289 = CARTESIAN_POINT('',(70.612141224282,85.09017018034,0.));
#6290 = DIRECTION('',(0.,0.,1.));
#6291 = DIRECTION('',(1.,1.110223024625E-16,-0.));
#6292 = CYLINDRICAL_SURFACE('',#6293,0.457200914402);
#6293 = AXIS2_PLACEMENT_3D('',#6294,#6295,#6296);
#6294 = CARTESIAN_POINT('',(70.612141224282,85.09017018034,0.));
#6295 = DIRECTION('',(-0.,-0.,-1.));
#6296 = DIRECTION('',(1.,1.110223024625E-16,-0.));
#6297 = ADVANCED_FACE('',(#6298),#6316,.F.);
#6298 = FACE_BOUND('',#6299,.T.);
#6299 = EDGE_LOOP('',(#6300,#6301,#6308,#6309));
#6300 = ORIENTED_EDGE('',*,*,#6278,.T.);
#6301 = ORIENTED_EDGE('',*,*,#6302,.T.);
#6302 = EDGE_CURVE('',#6270,#6262,#6303,.T.);
#6303 = CIRCLE('',#6304,0.457200914402);
#6304 = AXIS2_PLACEMENT_3D('',#6305,#6306,#6307);
#6305 = CARTESIAN_POINT('',(70.612141224282,85.09017018034,    9.004318008636E-02));
#6306 = DIRECTION('',(0.,0.,1.));
#6307 = DIRECTION('',(-1.,-1.110223024625E-16,0.));
#6308 = ORIENTED_EDGE('',*,*,#6259,.F.);
#6309 = ORIENTED_EDGE('',*,*,#6310,.F.);
#6310 = EDGE_CURVE('',#6279,#6260,#6311,.T.);
#6311 = CIRCLE('',#6312,0.457200914402);
#6312 = AXIS2_PLACEMENT_3D('',#6313,#6314,#6315);
#6313 = CARTESIAN_POINT('',(70.612141224282,85.09017018034,0.));
#6314 = DIRECTION('',(0.,0.,1.));
#6315 = DIRECTION('',(-1.,-1.110223024625E-16,0.));
#6316 = CYLINDRICAL_SURFACE('',#6317,0.457200914402);
#6317 = AXIS2_PLACEMENT_3D('',#6318,#6319,#6320);
#6318 = CARTESIAN_POINT('',(70.612141224282,85.09017018034,0.));
#6319 = DIRECTION('',(-0.,-0.,-1.));
#6320 = DIRECTION('',(-1.,-1.110223024625E-16,0.));
#6321 = ADVANCED_FACE('',(#6322),#6358,.F.);
#6322 = FACE_BOUND('',#6323,.T.);
#6323 = EDGE_LOOP('',(#6324,#6334,#6343,#6351));
#6324 = ORIENTED_EDGE('',*,*,#6325,.T.);
#6325 = EDGE_CURVE('',#6326,#6328,#6330,.T.);
#6326 = VERTEX_POINT('',#6327);
#6327 = CARTESIAN_POINT('',(71.145542291085,38.608077216154,0.));
#6328 = VERTEX_POINT('',#6329);
#6329 = CARTESIAN_POINT('',(71.145542291085,38.608077216154,    9.004318008636E-02));
#6330 = LINE('',#6331,#6332);
#6331 = CARTESIAN_POINT('',(71.145542291085,38.608077216154,0.));
#6332 = VECTOR('',#6333,1.);
#6333 = DIRECTION('',(0.,0.,1.));
#6334 = ORIENTED_EDGE('',*,*,#6335,.T.);
#6335 = EDGE_CURVE('',#6328,#6336,#6338,.T.);
#6336 = VERTEX_POINT('',#6337);
#6337 = CARTESIAN_POINT('',(70.332740665481,38.608077216154,    9.004318008636E-02));
#6338 = CIRCLE('',#6339,0.406400812802);
#6339 = AXIS2_PLACEMENT_3D('',#6340,#6341,#6342);
#6340 = CARTESIAN_POINT('',(70.739141478283,38.608077216154,    9.004318008636E-02));
#6341 = DIRECTION('',(0.,0.,1.));
#6342 = DIRECTION('',(1.,1.110223024625E-16,-0.));
#6343 = ORIENTED_EDGE('',*,*,#6344,.F.);
#6344 = EDGE_CURVE('',#6345,#6336,#6347,.T.);
#6345 = VERTEX_POINT('',#6346);
#6346 = CARTESIAN_POINT('',(70.332740665481,38.608077216154,0.));
#6347 = LINE('',#6348,#6349);
#6348 = CARTESIAN_POINT('',(70.332740665481,38.608077216154,0.));
#6349 = VECTOR('',#6350,1.);
#6350 = DIRECTION('',(0.,0.,1.));
#6351 = ORIENTED_EDGE('',*,*,#6352,.F.);
#6352 = EDGE_CURVE('',#6326,#6345,#6353,.T.);
#6353 = CIRCLE('',#6354,0.406400812802);
#6354 = AXIS2_PLACEMENT_3D('',#6355,#6356,#6357);
#6355 = CARTESIAN_POINT('',(70.739141478283,38.608077216154,0.));
#6356 = DIRECTION('',(0.,0.,1.));
#6357 = DIRECTION('',(1.,1.110223024625E-16,-0.));
#6358 = CYLINDRICAL_SURFACE('',#6359,0.406400812802);
#6359 = AXIS2_PLACEMENT_3D('',#6360,#6361,#6362);
#6360 = CARTESIAN_POINT('',(70.739141478283,38.608077216154,0.));
#6361 = DIRECTION('',(-0.,-0.,-1.));
#6362 = DIRECTION('',(1.,1.110223024625E-16,-0.));
#6363 = ADVANCED_FACE('',(#6364),#6382,.F.);
#6364 = FACE_BOUND('',#6365,.T.);
#6365 = EDGE_LOOP('',(#6366,#6367,#6374,#6375));
#6366 = ORIENTED_EDGE('',*,*,#6344,.T.);
#6367 = ORIENTED_EDGE('',*,*,#6368,.T.);
#6368 = EDGE_CURVE('',#6336,#6328,#6369,.T.);
#6369 = CIRCLE('',#6370,0.406400812802);
#6370 = AXIS2_PLACEMENT_3D('',#6371,#6372,#6373);
#6371 = CARTESIAN_POINT('',(70.739141478283,38.608077216154,    9.004318008636E-02));
#6372 = DIRECTION('',(0.,0.,1.));
#6373 = DIRECTION('',(-1.,-1.110223024625E-16,0.));
#6374 = ORIENTED_EDGE('',*,*,#6325,.F.);
#6375 = ORIENTED_EDGE('',*,*,#6376,.F.);
#6376 = EDGE_CURVE('',#6345,#6326,#6377,.T.);
#6377 = CIRCLE('',#6378,0.406400812802);
#6378 = AXIS2_PLACEMENT_3D('',#6379,#6380,#6381);
#6379 = CARTESIAN_POINT('',(70.739141478283,38.608077216154,0.));
#6380 = DIRECTION('',(0.,0.,1.));
#6381 = DIRECTION('',(-1.,-1.110223024625E-16,0.));
#6382 = CYLINDRICAL_SURFACE('',#6383,0.406400812802);
#6383 = AXIS2_PLACEMENT_3D('',#6384,#6385,#6386);
#6384 = CARTESIAN_POINT('',(70.739141478283,38.608077216154,0.));
#6385 = DIRECTION('',(-0.,-0.,-1.));
#6386 = DIRECTION('',(-1.,-1.110223024625E-16,0.));
#6387 = ADVANCED_FACE('',(#6388),#6424,.F.);
#6388 = FACE_BOUND('',#6389,.T.);
#6389 = EDGE_LOOP('',(#6390,#6400,#6409,#6417));
#6390 = ORIENTED_EDGE('',*,*,#6391,.T.);
#6391 = EDGE_CURVE('',#6392,#6394,#6396,.T.);
#6392 = VERTEX_POINT('',#6393);
#6393 = CARTESIAN_POINT('',(72.085344170688,19.050038100076,0.));
#6394 = VERTEX_POINT('',#6395);
#6395 = CARTESIAN_POINT('',(72.085344170688,19.050038100076,    9.004318008636E-02));
#6396 = LINE('',#6397,#6398);
#6397 = CARTESIAN_POINT('',(72.085344170688,19.050038100076,0.));
#6398 = VECTOR('',#6399,1.);
#6399 = DIRECTION('',(0.,0.,1.));
#6400 = ORIENTED_EDGE('',*,*,#6401,.T.);
#6401 = EDGE_CURVE('',#6394,#6402,#6404,.T.);
#6402 = VERTEX_POINT('',#6403);
#6403 = CARTESIAN_POINT('',(71.170942341885,19.050038100076,    9.004318008636E-02));
#6404 = CIRCLE('',#6405,0.457200914402);
#6405 = AXIS2_PLACEMENT_3D('',#6406,#6407,#6408);
#6406 = CARTESIAN_POINT('',(71.628143256287,19.050038100076,    9.004318008636E-02));
#6407 = DIRECTION('',(0.,0.,1.));
#6408 = DIRECTION('',(1.,1.110223024625E-16,-0.));
#6409 = ORIENTED_EDGE('',*,*,#6410,.F.);
#6410 = EDGE_CURVE('',#6411,#6402,#6413,.T.);
#6411 = VERTEX_POINT('',#6412);
#6412 = CARTESIAN_POINT('',(71.170942341885,19.050038100076,0.));
#6413 = LINE('',#6414,#6415);
#6414 = CARTESIAN_POINT('',(71.170942341885,19.050038100076,0.));
#6415 = VECTOR('',#6416,1.);
#6416 = DIRECTION('',(0.,0.,1.));
#6417 = ORIENTED_EDGE('',*,*,#6418,.F.);
#6418 = EDGE_CURVE('',#6392,#6411,#6419,.T.);
#6419 = CIRCLE('',#6420,0.457200914402);
#6420 = AXIS2_PLACEMENT_3D('',#6421,#6422,#6423);
#6421 = CARTESIAN_POINT('',(71.628143256287,19.050038100076,0.));
#6422 = DIRECTION('',(0.,0.,1.));
#6423 = DIRECTION('',(1.,1.110223024625E-16,-0.));
#6424 = CYLINDRICAL_SURFACE('',#6425,0.457200914402);
#6425 = AXIS2_PLACEMENT_3D('',#6426,#6427,#6428);
#6426 = CARTESIAN_POINT('',(71.628143256287,19.050038100076,0.));
#6427 = DIRECTION('',(-0.,-0.,-1.));
#6428 = DIRECTION('',(1.,1.110223024625E-16,-0.));
#6429 = ADVANCED_FACE('',(#6430),#6448,.F.);
#6430 = FACE_BOUND('',#6431,.T.);
#6431 = EDGE_LOOP('',(#6432,#6433,#6440,#6441));
#6432 = ORIENTED_EDGE('',*,*,#6410,.T.);
#6433 = ORIENTED_EDGE('',*,*,#6434,.T.);
#6434 = EDGE_CURVE('',#6402,#6394,#6435,.T.);
#6435 = CIRCLE('',#6436,0.457200914402);
#6436 = AXIS2_PLACEMENT_3D('',#6437,#6438,#6439);
#6437 = CARTESIAN_POINT('',(71.628143256287,19.050038100076,    9.004318008636E-02));
#6438 = DIRECTION('',(0.,0.,1.));
#6439 = DIRECTION('',(-1.,-1.110223024625E-16,0.));
#6440 = ORIENTED_EDGE('',*,*,#6391,.F.);
#6441 = ORIENTED_EDGE('',*,*,#6442,.F.);
#6442 = EDGE_CURVE('',#6411,#6392,#6443,.T.);
#6443 = CIRCLE('',#6444,0.457200914402);
#6444 = AXIS2_PLACEMENT_3D('',#6445,#6446,#6447);
#6445 = CARTESIAN_POINT('',(71.628143256287,19.050038100076,0.));
#6446 = DIRECTION('',(0.,0.,1.));
#6447 = DIRECTION('',(-1.,-1.110223024625E-16,0.));
#6448 = CYLINDRICAL_SURFACE('',#6449,0.457200914402);
#6449 = AXIS2_PLACEMENT_3D('',#6450,#6451,#6452);
#6450 = CARTESIAN_POINT('',(71.628143256287,19.050038100076,0.));
#6451 = DIRECTION('',(-0.,-0.,-1.));
#6452 = DIRECTION('',(-1.,-1.110223024625E-16,0.));
#6453 = ADVANCED_FACE('',(#6454),#6490,.F.);
#6454 = FACE_BOUND('',#6455,.T.);
#6455 = EDGE_LOOP('',(#6456,#6466,#6475,#6483));
#6456 = ORIENTED_EDGE('',*,*,#6457,.T.);
#6457 = EDGE_CURVE('',#6458,#6460,#6462,.T.);
#6458 = VERTEX_POINT('',#6459);
#6459 = CARTESIAN_POINT('',(72.085344170688,27.051054102108,0.));
#6460 = VERTEX_POINT('',#6461);
#6461 = CARTESIAN_POINT('',(72.085344170688,27.051054102108,    9.004318008636E-02));
#6462 = LINE('',#6463,#6464);
#6463 = CARTESIAN_POINT('',(72.085344170688,27.051054102108,0.));
#6464 = VECTOR('',#6465,1.);
#6465 = DIRECTION('',(0.,0.,1.));
#6466 = ORIENTED_EDGE('',*,*,#6467,.T.);
#6467 = EDGE_CURVE('',#6460,#6468,#6470,.T.);
#6468 = VERTEX_POINT('',#6469);
#6469 = CARTESIAN_POINT('',(71.170942341885,27.051054102108,    9.004318008636E-02));
#6470 = CIRCLE('',#6471,0.457200914402);
#6471 = AXIS2_PLACEMENT_3D('',#6472,#6473,#6474);
#6472 = CARTESIAN_POINT('',(71.628143256287,27.051054102108,    9.004318008636E-02));
#6473 = DIRECTION('',(0.,0.,1.));
#6474 = DIRECTION('',(1.,1.110223024625E-16,-0.));
#6475 = ORIENTED_EDGE('',*,*,#6476,.F.);
#6476 = EDGE_CURVE('',#6477,#6468,#6479,.T.);
#6477 = VERTEX_POINT('',#6478);
#6478 = CARTESIAN_POINT('',(71.170942341885,27.051054102108,0.));
#6479 = LINE('',#6480,#6481);
#6480 = CARTESIAN_POINT('',(71.170942341885,27.051054102108,0.));
#6481 = VECTOR('',#6482,1.);
#6482 = DIRECTION('',(0.,0.,1.));
#6483 = ORIENTED_EDGE('',*,*,#6484,.F.);
#6484 = EDGE_CURVE('',#6458,#6477,#6485,.T.);
#6485 = CIRCLE('',#6486,0.457200914402);
#6486 = AXIS2_PLACEMENT_3D('',#6487,#6488,#6489);
#6487 = CARTESIAN_POINT('',(71.628143256287,27.051054102108,0.));
#6488 = DIRECTION('',(0.,0.,1.));
#6489 = DIRECTION('',(1.,1.110223024625E-16,-0.));
#6490 = CYLINDRICAL_SURFACE('',#6491,0.457200914402);
#6491 = AXIS2_PLACEMENT_3D('',#6492,#6493,#6494);
#6492 = CARTESIAN_POINT('',(71.628143256287,27.051054102108,0.));
#6493 = DIRECTION('',(-0.,-0.,-1.));
#6494 = DIRECTION('',(1.,1.110223024625E-16,-0.));
#6495 = ADVANCED_FACE('',(#6496),#6514,.F.);
#6496 = FACE_BOUND('',#6497,.T.);
#6497 = EDGE_LOOP('',(#6498,#6499,#6506,#6507));
#6498 = ORIENTED_EDGE('',*,*,#6476,.T.);
#6499 = ORIENTED_EDGE('',*,*,#6500,.T.);
#6500 = EDGE_CURVE('',#6468,#6460,#6501,.T.);
#6501 = CIRCLE('',#6502,0.457200914402);
#6502 = AXIS2_PLACEMENT_3D('',#6503,#6504,#6505);
#6503 = CARTESIAN_POINT('',(71.628143256287,27.051054102108,    9.004318008636E-02));
#6504 = DIRECTION('',(0.,0.,1.));
#6505 = DIRECTION('',(-1.,-1.110223024625E-16,0.));
#6506 = ORIENTED_EDGE('',*,*,#6457,.F.);
#6507 = ORIENTED_EDGE('',*,*,#6508,.F.);
#6508 = EDGE_CURVE('',#6477,#6458,#6509,.T.);
#6509 = CIRCLE('',#6510,0.457200914402);
#6510 = AXIS2_PLACEMENT_3D('',#6511,#6512,#6513);
#6511 = CARTESIAN_POINT('',(71.628143256287,27.051054102108,0.));
#6512 = DIRECTION('',(0.,0.,1.));
#6513 = DIRECTION('',(-1.,-1.110223024625E-16,0.));
#6514 = CYLINDRICAL_SURFACE('',#6515,0.457200914402);
#6515 = AXIS2_PLACEMENT_3D('',#6516,#6517,#6518);
#6516 = CARTESIAN_POINT('',(71.628143256287,27.051054102108,0.));
#6517 = DIRECTION('',(-0.,-0.,-1.));
#6518 = DIRECTION('',(-1.,-1.110223024625E-16,0.));
#6519 = ADVANCED_FACE('',(#6520),#6556,.F.);
#6520 = FACE_BOUND('',#6521,.T.);
#6521 = EDGE_LOOP('',(#6522,#6532,#6541,#6549));
#6522 = ORIENTED_EDGE('',*,*,#6523,.T.);
#6523 = EDGE_CURVE('',#6524,#6526,#6528,.T.);
#6524 = VERTEX_POINT('',#6525);
#6525 = CARTESIAN_POINT('',(73.355346710693,51.054102108204,0.));
#6526 = VERTEX_POINT('',#6527);
#6527 = CARTESIAN_POINT('',(73.355346710693,51.054102108204,    9.004318008636E-02));
#6528 = LINE('',#6529,#6530);
#6529 = CARTESIAN_POINT('',(73.355346710693,51.054102108204,0.));
#6530 = VECTOR('',#6531,1.);
#6531 = DIRECTION('',(0.,0.,1.));
#6532 = ORIENTED_EDGE('',*,*,#6533,.T.);
#6533 = EDGE_CURVE('',#6526,#6534,#6536,.T.);
#6534 = VERTEX_POINT('',#6535);
#6535 = CARTESIAN_POINT('',(72.44094488189,51.054102108204,    9.004318008636E-02));
#6536 = CIRCLE('',#6537,0.457200914402);
#6537 = AXIS2_PLACEMENT_3D('',#6538,#6539,#6540);
#6538 = CARTESIAN_POINT('',(72.898145796292,51.054102108204,    9.004318008636E-02));
#6539 = DIRECTION('',(0.,0.,1.));
#6540 = DIRECTION('',(1.,1.110223024625E-16,-0.));
#6541 = ORIENTED_EDGE('',*,*,#6542,.F.);
#6542 = EDGE_CURVE('',#6543,#6534,#6545,.T.);
#6543 = VERTEX_POINT('',#6544);
#6544 = CARTESIAN_POINT('',(72.44094488189,51.054102108204,0.));
#6545 = LINE('',#6546,#6547);
#6546 = CARTESIAN_POINT('',(72.44094488189,51.054102108204,0.));
#6547 = VECTOR('',#6548,1.);
#6548 = DIRECTION('',(0.,0.,1.));
#6549 = ORIENTED_EDGE('',*,*,#6550,.F.);
#6550 = EDGE_CURVE('',#6524,#6543,#6551,.T.);
#6551 = CIRCLE('',#6552,0.457200914402);
#6552 = AXIS2_PLACEMENT_3D('',#6553,#6554,#6555);
#6553 = CARTESIAN_POINT('',(72.898145796292,51.054102108204,0.));
#6554 = DIRECTION('',(0.,0.,1.));
#6555 = DIRECTION('',(1.,1.110223024625E-16,-0.));
#6556 = CYLINDRICAL_SURFACE('',#6557,0.457200914402);
#6557 = AXIS2_PLACEMENT_3D('',#6558,#6559,#6560);
#6558 = CARTESIAN_POINT('',(72.898145796292,51.054102108204,0.));
#6559 = DIRECTION('',(-0.,-0.,-1.));
#6560 = DIRECTION('',(1.,1.110223024625E-16,-0.));
#6561 = ADVANCED_FACE('',(#6562),#6580,.F.);
#6562 = FACE_BOUND('',#6563,.T.);
#6563 = EDGE_LOOP('',(#6564,#6565,#6572,#6573));
#6564 = ORIENTED_EDGE('',*,*,#6542,.T.);
#6565 = ORIENTED_EDGE('',*,*,#6566,.T.);
#6566 = EDGE_CURVE('',#6534,#6526,#6567,.T.);
#6567 = CIRCLE('',#6568,0.457200914402);
#6568 = AXIS2_PLACEMENT_3D('',#6569,#6570,#6571);
#6569 = CARTESIAN_POINT('',(72.898145796292,51.054102108204,    9.004318008636E-02));
#6570 = DIRECTION('',(0.,0.,1.));
#6571 = DIRECTION('',(-1.,-1.110223024625E-16,0.));
#6572 = ORIENTED_EDGE('',*,*,#6523,.F.);
#6573 = ORIENTED_EDGE('',*,*,#6574,.F.);
#6574 = EDGE_CURVE('',#6543,#6524,#6575,.T.);
#6575 = CIRCLE('',#6576,0.457200914402);
#6576 = AXIS2_PLACEMENT_3D('',#6577,#6578,#6579);
#6577 = CARTESIAN_POINT('',(72.898145796292,51.054102108204,0.));
#6578 = DIRECTION('',(0.,0.,1.));
#6579 = DIRECTION('',(-1.,-1.110223024625E-16,0.));
#6580 = CYLINDRICAL_SURFACE('',#6581,0.457200914402);
#6581 = AXIS2_PLACEMENT_3D('',#6582,#6583,#6584);
#6582 = CARTESIAN_POINT('',(72.898145796292,51.054102108204,0.));
#6583 = DIRECTION('',(-0.,-0.,-1.));
#6584 = DIRECTION('',(-1.,-1.110223024625E-16,0.));
#6585 = ADVANCED_FACE('',(#6586),#6622,.F.);
#6586 = FACE_BOUND('',#6587,.T.);
#6587 = EDGE_LOOP('',(#6588,#6598,#6607,#6615));
#6588 = ORIENTED_EDGE('',*,*,#6589,.T.);
#6589 = EDGE_CURVE('',#6590,#6592,#6594,.T.);
#6590 = VERTEX_POINT('',#6591);
#6591 = CARTESIAN_POINT('',(73.355346710693,46.355092710185,0.));
#6592 = VERTEX_POINT('',#6593);
#6593 = CARTESIAN_POINT('',(73.355346710693,46.355092710185,    9.004318008636E-02));
#6594 = LINE('',#6595,#6596);
#6595 = CARTESIAN_POINT('',(73.355346710693,46.355092710185,0.));
#6596 = VECTOR('',#6597,1.);
#6597 = DIRECTION('',(0.,0.,1.));
#6598 = ORIENTED_EDGE('',*,*,#6599,.T.);
#6599 = EDGE_CURVE('',#6592,#6600,#6602,.T.);
#6600 = VERTEX_POINT('',#6601);
#6601 = CARTESIAN_POINT('',(72.44094488189,46.355092710185,    9.004318008636E-02));
#6602 = CIRCLE('',#6603,0.457200914402);
#6603 = AXIS2_PLACEMENT_3D('',#6604,#6605,#6606);
#6604 = CARTESIAN_POINT('',(72.898145796292,46.355092710185,    9.004318008636E-02));
#6605 = DIRECTION('',(0.,0.,1.));
#6606 = DIRECTION('',(1.,1.110223024625E-16,-0.));
#6607 = ORIENTED_EDGE('',*,*,#6608,.F.);
#6608 = EDGE_CURVE('',#6609,#6600,#6611,.T.);
#6609 = VERTEX_POINT('',#6610);
#6610 = CARTESIAN_POINT('',(72.44094488189,46.355092710185,0.));
#6611 = LINE('',#6612,#6613);
#6612 = CARTESIAN_POINT('',(72.44094488189,46.355092710185,0.));
#6613 = VECTOR('',#6614,1.);
#6614 = DIRECTION('',(0.,0.,1.));
#6615 = ORIENTED_EDGE('',*,*,#6616,.F.);
#6616 = EDGE_CURVE('',#6590,#6609,#6617,.T.);
#6617 = CIRCLE('',#6618,0.457200914402);
#6618 = AXIS2_PLACEMENT_3D('',#6619,#6620,#6621);
#6619 = CARTESIAN_POINT('',(72.898145796292,46.355092710185,0.));
#6620 = DIRECTION('',(0.,0.,1.));
#6621 = DIRECTION('',(1.,1.110223024625E-16,-0.));
#6622 = CYLINDRICAL_SURFACE('',#6623,0.457200914402);
#6623 = AXIS2_PLACEMENT_3D('',#6624,#6625,#6626);
#6624 = CARTESIAN_POINT('',(72.898145796292,46.355092710185,0.));
#6625 = DIRECTION('',(-0.,-0.,-1.));
#6626 = DIRECTION('',(1.,1.110223024625E-16,-0.));
#6627 = ADVANCED_FACE('',(#6628),#6646,.F.);
#6628 = FACE_BOUND('',#6629,.T.);
#6629 = EDGE_LOOP('',(#6630,#6631,#6638,#6639));
#6630 = ORIENTED_EDGE('',*,*,#6608,.T.);
#6631 = ORIENTED_EDGE('',*,*,#6632,.T.);
#6632 = EDGE_CURVE('',#6600,#6592,#6633,.T.);
#6633 = CIRCLE('',#6634,0.457200914402);
#6634 = AXIS2_PLACEMENT_3D('',#6635,#6636,#6637);
#6635 = CARTESIAN_POINT('',(72.898145796292,46.355092710185,    9.004318008636E-02));
#6636 = DIRECTION('',(0.,0.,1.));
#6637 = DIRECTION('',(-1.,-1.110223024625E-16,0.));
#6638 = ORIENTED_EDGE('',*,*,#6589,.F.);
#6639 = ORIENTED_EDGE('',*,*,#6640,.F.);
#6640 = EDGE_CURVE('',#6609,#6590,#6641,.T.);
#6641 = CIRCLE('',#6642,0.457200914402);
#6642 = AXIS2_PLACEMENT_3D('',#6643,#6644,#6645);
#6643 = CARTESIAN_POINT('',(72.898145796292,46.355092710185,0.));
#6644 = DIRECTION('',(0.,0.,1.));
#6645 = DIRECTION('',(-1.,-1.110223024625E-16,0.));
#6646 = CYLINDRICAL_SURFACE('',#6647,0.457200914402);
#6647 = AXIS2_PLACEMENT_3D('',#6648,#6649,#6650);
#6648 = CARTESIAN_POINT('',(72.898145796292,46.355092710185,0.));
#6649 = DIRECTION('',(-0.,-0.,-1.));
#6650 = DIRECTION('',(-1.,-1.110223024625E-16,0.));
#6651 = ADVANCED_FACE('',(#6652),#6688,.F.);
#6652 = FACE_BOUND('',#6653,.T.);
#6653 = EDGE_LOOP('',(#6654,#6664,#6673,#6681));
#6654 = ORIENTED_EDGE('',*,*,#6655,.T.);
#6655 = EDGE_CURVE('',#6656,#6658,#6660,.T.);
#6656 = VERTEX_POINT('',#6657);
#6657 = CARTESIAN_POINT('',(73.609347218694,85.09017018034,0.));
#6658 = VERTEX_POINT('',#6659);
#6659 = CARTESIAN_POINT('',(73.609347218694,85.09017018034,    9.004318008636E-02));
#6660 = LINE('',#6661,#6662);
#6661 = CARTESIAN_POINT('',(73.609347218694,85.09017018034,0.));
#6662 = VECTOR('',#6663,1.);
#6663 = DIRECTION('',(0.,0.,1.));
#6664 = ORIENTED_EDGE('',*,*,#6665,.T.);
#6665 = EDGE_CURVE('',#6658,#6666,#6668,.T.);
#6666 = VERTEX_POINT('',#6667);
#6667 = CARTESIAN_POINT('',(72.694945389891,85.09017018034,    9.004318008636E-02));
#6668 = CIRCLE('',#6669,0.457200914402);
#6669 = AXIS2_PLACEMENT_3D('',#6670,#6671,#6672);
#6670 = CARTESIAN_POINT('',(73.152146304293,85.09017018034,    9.004318008636E-02));
#6671 = DIRECTION('',(0.,0.,1.));
#6672 = DIRECTION('',(1.,1.110223024625E-16,-0.));
#6673 = ORIENTED_EDGE('',*,*,#6674,.F.);
#6674 = EDGE_CURVE('',#6675,#6666,#6677,.T.);
#6675 = VERTEX_POINT('',#6676);
#6676 = CARTESIAN_POINT('',(72.694945389891,85.09017018034,0.));
#6677 = LINE('',#6678,#6679);
#6678 = CARTESIAN_POINT('',(72.694945389891,85.09017018034,0.));
#6679 = VECTOR('',#6680,1.);
#6680 = DIRECTION('',(0.,0.,1.));
#6681 = ORIENTED_EDGE('',*,*,#6682,.F.);
#6682 = EDGE_CURVE('',#6656,#6675,#6683,.T.);
#6683 = CIRCLE('',#6684,0.457200914402);
#6684 = AXIS2_PLACEMENT_3D('',#6685,#6686,#6687);
#6685 = CARTESIAN_POINT('',(73.152146304293,85.09017018034,0.));
#6686 = DIRECTION('',(0.,0.,1.));
#6687 = DIRECTION('',(1.,1.110223024625E-16,-0.));
#6688 = CYLINDRICAL_SURFACE('',#6689,0.457200914402);
#6689 = AXIS2_PLACEMENT_3D('',#6690,#6691,#6692);
#6690 = CARTESIAN_POINT('',(73.152146304293,85.09017018034,0.));
#6691 = DIRECTION('',(-0.,-0.,-1.));
#6692 = DIRECTION('',(1.,1.110223024625E-16,-0.));
#6693 = ADVANCED_FACE('',(#6694),#6712,.F.);
#6694 = FACE_BOUND('',#6695,.T.);
#6695 = EDGE_LOOP('',(#6696,#6697,#6704,#6705));
#6696 = ORIENTED_EDGE('',*,*,#6674,.T.);
#6697 = ORIENTED_EDGE('',*,*,#6698,.T.);
#6698 = EDGE_CURVE('',#6666,#6658,#6699,.T.);
#6699 = CIRCLE('',#6700,0.457200914402);
#6700 = AXIS2_PLACEMENT_3D('',#6701,#6702,#6703);
#6701 = CARTESIAN_POINT('',(73.152146304293,85.09017018034,    9.004318008636E-02));
#6702 = DIRECTION('',(0.,0.,1.));
#6703 = DIRECTION('',(-1.,-1.110223024625E-16,0.));
#6704 = ORIENTED_EDGE('',*,*,#6655,.F.);
#6705 = ORIENTED_EDGE('',*,*,#6706,.F.);
#6706 = EDGE_CURVE('',#6675,#6656,#6707,.T.);
#6707 = CIRCLE('',#6708,0.457200914402);
#6708 = AXIS2_PLACEMENT_3D('',#6709,#6710,#6711);
#6709 = CARTESIAN_POINT('',(73.152146304293,85.09017018034,0.));
#6710 = DIRECTION('',(0.,0.,1.));
#6711 = DIRECTION('',(-1.,-1.110223024625E-16,0.));
#6712 = CYLINDRICAL_SURFACE('',#6713,0.457200914402);
#6713 = AXIS2_PLACEMENT_3D('',#6714,#6715,#6716);
#6714 = CARTESIAN_POINT('',(73.152146304293,85.09017018034,0.));
#6715 = DIRECTION('',(-0.,-0.,-1.));
#6716 = DIRECTION('',(-1.,-1.110223024625E-16,0.));
#6717 = ADVANCED_FACE('',(#6718),#6754,.F.);
#6718 = FACE_BOUND('',#6719,.T.);
#6719 = EDGE_LOOP('',(#6720,#6730,#6739,#6747));
#6720 = ORIENTED_EDGE('',*,*,#6721,.T.);
#6721 = EDGE_CURVE('',#6722,#6724,#6726,.T.);
#6722 = VERTEX_POINT('',#6723);
#6723 = CARTESIAN_POINT('',(74.244348488697,30.480060960122,0.));
#6724 = VERTEX_POINT('',#6725);
#6725 = CARTESIAN_POINT('',(74.244348488697,30.480060960122,    9.004318008636E-02));
#6726 = LINE('',#6727,#6728);
#6727 = CARTESIAN_POINT('',(74.244348488697,30.480060960122,0.));
#6728 = VECTOR('',#6729,1.);
#6729 = DIRECTION('',(0.,0.,1.));
#6730 = ORIENTED_EDGE('',*,*,#6731,.T.);
#6731 = EDGE_CURVE('',#6724,#6732,#6734,.T.);
#6732 = VERTEX_POINT('',#6733);
#6733 = CARTESIAN_POINT('',(73.329946659893,30.480060960122,    9.004318008636E-02));
#6734 = CIRCLE('',#6735,0.457200914402);
#6735 = AXIS2_PLACEMENT_3D('',#6736,#6737,#6738);
#6736 = CARTESIAN_POINT('',(73.787147574295,30.480060960122,    9.004318008636E-02));
#6737 = DIRECTION('',(0.,0.,1.));
#6738 = DIRECTION('',(1.,1.110223024625E-16,-0.));
#6739 = ORIENTED_EDGE('',*,*,#6740,.F.);
#6740 = EDGE_CURVE('',#6741,#6732,#6743,.T.);
#6741 = VERTEX_POINT('',#6742);
#6742 = CARTESIAN_POINT('',(73.329946659893,30.480060960122,0.));
#6743 = LINE('',#6744,#6745);
#6744 = CARTESIAN_POINT('',(73.329946659893,30.480060960122,0.));
#6745 = VECTOR('',#6746,1.);
#6746 = DIRECTION('',(0.,0.,1.));
#6747 = ORIENTED_EDGE('',*,*,#6748,.F.);
#6748 = EDGE_CURVE('',#6722,#6741,#6749,.T.);
#6749 = CIRCLE('',#6750,0.457200914402);
#6750 = AXIS2_PLACEMENT_3D('',#6751,#6752,#6753);
#6751 = CARTESIAN_POINT('',(73.787147574295,30.480060960122,0.));
#6752 = DIRECTION('',(0.,0.,1.));
#6753 = DIRECTION('',(1.,1.110223024625E-16,-0.));
#6754 = CYLINDRICAL_SURFACE('',#6755,0.457200914402);
#6755 = AXIS2_PLACEMENT_3D('',#6756,#6757,#6758);
#6756 = CARTESIAN_POINT('',(73.787147574295,30.480060960122,0.));
#6757 = DIRECTION('',(-0.,-0.,-1.));
#6758 = DIRECTION('',(1.,1.110223024625E-16,-0.));
#6759 = ADVANCED_FACE('',(#6760),#6778,.F.);
#6760 = FACE_BOUND('',#6761,.T.);
#6761 = EDGE_LOOP('',(#6762,#6763,#6770,#6771));
#6762 = ORIENTED_EDGE('',*,*,#6740,.T.);
#6763 = ORIENTED_EDGE('',*,*,#6764,.T.);
#6764 = EDGE_CURVE('',#6732,#6724,#6765,.T.);
#6765 = CIRCLE('',#6766,0.457200914402);
#6766 = AXIS2_PLACEMENT_3D('',#6767,#6768,#6769);
#6767 = CARTESIAN_POINT('',(73.787147574295,30.480060960122,    9.004318008636E-02));
#6768 = DIRECTION('',(0.,0.,1.));
#6769 = DIRECTION('',(-1.,-1.110223024625E-16,0.));
#6770 = ORIENTED_EDGE('',*,*,#6721,.F.);
#6771 = ORIENTED_EDGE('',*,*,#6772,.F.);
#6772 = EDGE_CURVE('',#6741,#6722,#6773,.T.);
#6773 = CIRCLE('',#6774,0.457200914402);
#6774 = AXIS2_PLACEMENT_3D('',#6775,#6776,#6777);
#6775 = CARTESIAN_POINT('',(73.787147574295,30.480060960122,0.));
#6776 = DIRECTION('',(0.,0.,1.));
#6777 = DIRECTION('',(-1.,-1.110223024625E-16,0.));
#6778 = CYLINDRICAL_SURFACE('',#6779,0.457200914402);
#6779 = AXIS2_PLACEMENT_3D('',#6780,#6781,#6782);
#6780 = CARTESIAN_POINT('',(73.787147574295,30.480060960122,0.));
#6781 = DIRECTION('',(-0.,-0.,-1.));
#6782 = DIRECTION('',(-1.,-1.110223024625E-16,0.));
#6783 = ADVANCED_FACE('',(#6784),#6820,.F.);
#6784 = FACE_BOUND('',#6785,.T.);
#6785 = EDGE_LOOP('',(#6786,#6796,#6805,#6813));
#6786 = ORIENTED_EDGE('',*,*,#6787,.T.);
#6787 = EDGE_CURVE('',#6788,#6790,#6792,.T.);
#6788 = VERTEX_POINT('',#6789);
#6789 = CARTESIAN_POINT('',(76.149352298705,85.09017018034,0.));
#6790 = VERTEX_POINT('',#6791);
#6791 = CARTESIAN_POINT('',(76.149352298705,85.09017018034,    9.004318008636E-02));
#6792 = LINE('',#6793,#6794);
#6793 = CARTESIAN_POINT('',(76.149352298705,85.09017018034,0.));
#6794 = VECTOR('',#6795,1.);
#6795 = DIRECTION('',(0.,0.,1.));
#6796 = ORIENTED_EDGE('',*,*,#6797,.T.);
#6797 = EDGE_CURVE('',#6790,#6798,#6800,.T.);
#6798 = VERTEX_POINT('',#6799);
#6799 = CARTESIAN_POINT('',(75.234950469901,85.09017018034,    9.004318008636E-02));
#6800 = CIRCLE('',#6801,0.457200914402);
#6801 = AXIS2_PLACEMENT_3D('',#6802,#6803,#6804);
#6802 = CARTESIAN_POINT('',(75.692151384303,85.09017018034,    9.004318008636E-02));
#6803 = DIRECTION('',(0.,0.,1.));
#6804 = DIRECTION('',(1.,1.110223024625E-16,-0.));
#6805 = ORIENTED_EDGE('',*,*,#6806,.F.);
#6806 = EDGE_CURVE('',#6807,#6798,#6809,.T.);
#6807 = VERTEX_POINT('',#6808);
#6808 = CARTESIAN_POINT('',(75.234950469901,85.09017018034,0.));
#6809 = LINE('',#6810,#6811);
#6810 = CARTESIAN_POINT('',(75.234950469901,85.09017018034,0.));
#6811 = VECTOR('',#6812,1.);
#6812 = DIRECTION('',(0.,0.,1.));
#6813 = ORIENTED_EDGE('',*,*,#6814,.F.);
#6814 = EDGE_CURVE('',#6788,#6807,#6815,.T.);
#6815 = CIRCLE('',#6816,0.457200914402);
#6816 = AXIS2_PLACEMENT_3D('',#6817,#6818,#6819);
#6817 = CARTESIAN_POINT('',(75.692151384303,85.09017018034,0.));
#6818 = DIRECTION('',(0.,0.,1.));
#6819 = DIRECTION('',(1.,1.110223024625E-16,-0.));
#6820 = CYLINDRICAL_SURFACE('',#6821,0.457200914402);
#6821 = AXIS2_PLACEMENT_3D('',#6822,#6823,#6824);
#6822 = CARTESIAN_POINT('',(75.692151384303,85.09017018034,0.));
#6823 = DIRECTION('',(-0.,-0.,-1.));
#6824 = DIRECTION('',(1.,1.110223024625E-16,-0.));
#6825 = ADVANCED_FACE('',(#6826),#6844,.F.);
#6826 = FACE_BOUND('',#6827,.T.);
#6827 = EDGE_LOOP('',(#6828,#6829,#6836,#6837));
#6828 = ORIENTED_EDGE('',*,*,#6806,.T.);
#6829 = ORIENTED_EDGE('',*,*,#6830,.T.);
#6830 = EDGE_CURVE('',#6798,#6790,#6831,.T.);
#6831 = CIRCLE('',#6832,0.457200914402);
#6832 = AXIS2_PLACEMENT_3D('',#6833,#6834,#6835);
#6833 = CARTESIAN_POINT('',(75.692151384303,85.09017018034,    9.004318008636E-02));
#6834 = DIRECTION('',(0.,0.,1.));
#6835 = DIRECTION('',(-1.,-1.110223024625E-16,0.));
#6836 = ORIENTED_EDGE('',*,*,#6787,.F.);
#6837 = ORIENTED_EDGE('',*,*,#6838,.F.);
#6838 = EDGE_CURVE('',#6807,#6788,#6839,.T.);
#6839 = CIRCLE('',#6840,0.457200914402);
#6840 = AXIS2_PLACEMENT_3D('',#6841,#6842,#6843);
#6841 = CARTESIAN_POINT('',(75.692151384303,85.09017018034,0.));
#6842 = DIRECTION('',(0.,0.,1.));
#6843 = DIRECTION('',(-1.,-1.110223024625E-16,0.));
#6844 = CYLINDRICAL_SURFACE('',#6845,0.457200914402);
#6845 = AXIS2_PLACEMENT_3D('',#6846,#6847,#6848);
#6846 = CARTESIAN_POINT('',(75.692151384303,85.09017018034,0.));
#6847 = DIRECTION('',(-0.,-0.,-1.));
#6848 = DIRECTION('',(-1.,-1.110223024625E-16,0.));
#6849 = ADVANCED_FACE('',(#6850),#6886,.F.);
#6850 = FACE_BOUND('',#6851,.T.);
#6851 = EDGE_LOOP('',(#6852,#6862,#6871,#6879));
#6852 = ORIENTED_EDGE('',*,*,#6853,.T.);
#6853 = EDGE_CURVE('',#6854,#6856,#6858,.T.);
#6854 = VERTEX_POINT('',#6855);
#6855 = CARTESIAN_POINT('',(76.530353060706,64.008128016256,0.));
#6856 = VERTEX_POINT('',#6857);
#6857 = CARTESIAN_POINT('',(76.530353060706,64.008128016256,    9.004318008636E-02));
#6858 = LINE('',#6859,#6860);
#6859 = CARTESIAN_POINT('',(76.530353060706,64.008128016256,0.));
#6860 = VECTOR('',#6861,1.);
#6861 = DIRECTION('',(0.,0.,1.));
#6862 = ORIENTED_EDGE('',*,*,#6863,.T.);
#6863 = EDGE_CURVE('',#6856,#6864,#6866,.T.);
#6864 = VERTEX_POINT('',#6865);
#6865 = CARTESIAN_POINT('',(75.615951231902,64.008128016256,    9.004318008636E-02));
#6866 = CIRCLE('',#6867,0.457200914402);
#6867 = AXIS2_PLACEMENT_3D('',#6868,#6869,#6870);
#6868 = CARTESIAN_POINT('',(76.073152146304,64.008128016256,    9.004318008636E-02));
#6869 = DIRECTION('',(0.,0.,1.));
#6870 = DIRECTION('',(1.,1.110223024625E-16,-0.));
#6871 = ORIENTED_EDGE('',*,*,#6872,.F.);
#6872 = EDGE_CURVE('',#6873,#6864,#6875,.T.);
#6873 = VERTEX_POINT('',#6874);
#6874 = CARTESIAN_POINT('',(75.615951231902,64.008128016256,0.));
#6875 = LINE('',#6876,#6877);
#6876 = CARTESIAN_POINT('',(75.615951231902,64.008128016256,0.));
#6877 = VECTOR('',#6878,1.);
#6878 = DIRECTION('',(0.,0.,1.));
#6879 = ORIENTED_EDGE('',*,*,#6880,.F.);
#6880 = EDGE_CURVE('',#6854,#6873,#6881,.T.);
#6881 = CIRCLE('',#6882,0.457200914402);
#6882 = AXIS2_PLACEMENT_3D('',#6883,#6884,#6885);
#6883 = CARTESIAN_POINT('',(76.073152146304,64.008128016256,0.));
#6884 = DIRECTION('',(0.,0.,1.));
#6885 = DIRECTION('',(1.,1.110223024625E-16,-0.));
#6886 = CYLINDRICAL_SURFACE('',#6887,0.457200914402);
#6887 = AXIS2_PLACEMENT_3D('',#6888,#6889,#6890);
#6888 = CARTESIAN_POINT('',(76.073152146304,64.008128016256,0.));
#6889 = DIRECTION('',(-0.,-0.,-1.));
#6890 = DIRECTION('',(1.,1.110223024625E-16,-0.));
#6891 = ADVANCED_FACE('',(#6892),#6910,.F.);
#6892 = FACE_BOUND('',#6893,.T.);
#6893 = EDGE_LOOP('',(#6894,#6895,#6902,#6903));
#6894 = ORIENTED_EDGE('',*,*,#6872,.T.);
#6895 = ORIENTED_EDGE('',*,*,#6896,.T.);
#6896 = EDGE_CURVE('',#6864,#6856,#6897,.T.);
#6897 = CIRCLE('',#6898,0.457200914402);
#6898 = AXIS2_PLACEMENT_3D('',#6899,#6900,#6901);
#6899 = CARTESIAN_POINT('',(76.073152146304,64.008128016256,    9.004318008636E-02));
#6900 = DIRECTION('',(0.,0.,1.));
#6901 = DIRECTION('',(-1.,-1.110223024625E-16,0.));
#6902 = ORIENTED_EDGE('',*,*,#6853,.F.);
#6903 = ORIENTED_EDGE('',*,*,#6904,.F.);
#6904 = EDGE_CURVE('',#6873,#6854,#6905,.T.);
#6905 = CIRCLE('',#6906,0.457200914402);
#6906 = AXIS2_PLACEMENT_3D('',#6907,#6908,#6909);
#6907 = CARTESIAN_POINT('',(76.073152146304,64.008128016256,0.));
#6908 = DIRECTION('',(0.,0.,1.));
#6909 = DIRECTION('',(-1.,-1.110223024625E-16,0.));
#6910 = CYLINDRICAL_SURFACE('',#6911,0.457200914402);
#6911 = AXIS2_PLACEMENT_3D('',#6912,#6913,#6914);
#6912 = CARTESIAN_POINT('',(76.073152146304,64.008128016256,0.));
#6913 = DIRECTION('',(-0.,-0.,-1.));
#6914 = DIRECTION('',(-1.,-1.110223024625E-16,0.));
#6915 = ADVANCED_FACE('',(#6916),#6952,.F.);
#6916 = FACE_BOUND('',#6917,.T.);
#6917 = EDGE_LOOP('',(#6918,#6928,#6937,#6945));
#6918 = ORIENTED_EDGE('',*,*,#6919,.T.);
#6919 = EDGE_CURVE('',#6920,#6922,#6924,.T.);
#6920 = VERTEX_POINT('',#6921);
#6921 = CARTESIAN_POINT('',(76.530353060706,53.848107696215,0.));
#6922 = VERTEX_POINT('',#6923);
#6923 = CARTESIAN_POINT('',(76.530353060706,53.848107696215,    9.004318008636E-02));
#6924 = LINE('',#6925,#6926);
#6925 = CARTESIAN_POINT('',(76.530353060706,53.848107696215,0.));
#6926 = VECTOR('',#6927,1.);
#6927 = DIRECTION('',(0.,0.,1.));
#6928 = ORIENTED_EDGE('',*,*,#6929,.T.);
#6929 = EDGE_CURVE('',#6922,#6930,#6932,.T.);
#6930 = VERTEX_POINT('',#6931);
#6931 = CARTESIAN_POINT('',(75.615951231902,53.848107696215,    9.004318008636E-02));
#6932 = CIRCLE('',#6933,0.457200914402);
#6933 = AXIS2_PLACEMENT_3D('',#6934,#6935,#6936);
#6934 = CARTESIAN_POINT('',(76.073152146304,53.848107696215,    9.004318008636E-02));
#6935 = DIRECTION('',(0.,0.,1.));
#6936 = DIRECTION('',(1.,1.110223024625E-16,-0.));
#6937 = ORIENTED_EDGE('',*,*,#6938,.F.);
#6938 = EDGE_CURVE('',#6939,#6930,#6941,.T.);
#6939 = VERTEX_POINT('',#6940);
#6940 = CARTESIAN_POINT('',(75.615951231902,53.848107696215,0.));
#6941 = LINE('',#6942,#6943);
#6942 = CARTESIAN_POINT('',(75.615951231902,53.848107696215,0.));
#6943 = VECTOR('',#6944,1.);
#6944 = DIRECTION('',(0.,0.,1.));
#6945 = ORIENTED_EDGE('',*,*,#6946,.F.);
#6946 = EDGE_CURVE('',#6920,#6939,#6947,.T.);
#6947 = CIRCLE('',#6948,0.457200914402);
#6948 = AXIS2_PLACEMENT_3D('',#6949,#6950,#6951);
#6949 = CARTESIAN_POINT('',(76.073152146304,53.848107696215,0.));
#6950 = DIRECTION('',(0.,0.,1.));
#6951 = DIRECTION('',(1.,1.110223024625E-16,-0.));
#6952 = CYLINDRICAL_SURFACE('',#6953,0.457200914402);
#6953 = AXIS2_PLACEMENT_3D('',#6954,#6955,#6956);
#6954 = CARTESIAN_POINT('',(76.073152146304,53.848107696215,0.));
#6955 = DIRECTION('',(-0.,-0.,-1.));
#6956 = DIRECTION('',(1.,1.110223024625E-16,-0.));
#6957 = ADVANCED_FACE('',(#6958),#6976,.F.);
#6958 = FACE_BOUND('',#6959,.T.);
#6959 = EDGE_LOOP('',(#6960,#6961,#6968,#6969));
#6960 = ORIENTED_EDGE('',*,*,#6938,.T.);
#6961 = ORIENTED_EDGE('',*,*,#6962,.T.);
#6962 = EDGE_CURVE('',#6930,#6922,#6963,.T.);
#6963 = CIRCLE('',#6964,0.457200914402);
#6964 = AXIS2_PLACEMENT_3D('',#6965,#6966,#6967);
#6965 = CARTESIAN_POINT('',(76.073152146304,53.848107696215,    9.004318008636E-02));
#6966 = DIRECTION('',(0.,0.,1.));
#6967 = DIRECTION('',(-1.,-1.110223024625E-16,0.));
#6968 = ORIENTED_EDGE('',*,*,#6919,.F.);
#6969 = ORIENTED_EDGE('',*,*,#6970,.F.);
#6970 = EDGE_CURVE('',#6939,#6920,#6971,.T.);
#6971 = CIRCLE('',#6972,0.457200914402);
#6972 = AXIS2_PLACEMENT_3D('',#6973,#6974,#6975);
#6973 = CARTESIAN_POINT('',(76.073152146304,53.848107696215,0.));
#6974 = DIRECTION('',(0.,0.,1.));
#6975 = DIRECTION('',(-1.,-1.110223024625E-16,0.));
#6976 = CYLINDRICAL_SURFACE('',#6977,0.457200914402);
#6977 = AXIS2_PLACEMENT_3D('',#6978,#6979,#6980);
#6978 = CARTESIAN_POINT('',(76.073152146304,53.848107696215,0.));
#6979 = DIRECTION('',(-0.,-0.,-1.));
#6980 = DIRECTION('',(-1.,-1.110223024625E-16,0.));
#6981 = ADVANCED_FACE('',(#6982),#7018,.F.);
#6982 = FACE_BOUND('',#6983,.T.);
#6983 = EDGE_LOOP('',(#6984,#6994,#7003,#7011));
#6984 = ORIENTED_EDGE('',*,*,#6985,.T.);
#6985 = EDGE_CURVE('',#6986,#6988,#6990,.T.);
#6986 = VERTEX_POINT('',#6987);
#6987 = CARTESIAN_POINT('',(78.689357378715,85.09017018034,0.));
#6988 = VERTEX_POINT('',#6989);
#6989 = CARTESIAN_POINT('',(78.689357378715,85.09017018034,    9.004318008636E-02));
#6990 = LINE('',#6991,#6992);
#6991 = CARTESIAN_POINT('',(78.689357378715,85.09017018034,0.));
#6992 = VECTOR('',#6993,1.);
#6993 = DIRECTION('',(0.,0.,1.));
#6994 = ORIENTED_EDGE('',*,*,#6995,.T.);
#6995 = EDGE_CURVE('',#6988,#6996,#6998,.T.);
#6996 = VERTEX_POINT('',#6997);
#6997 = CARTESIAN_POINT('',(77.774955549911,85.09017018034,    9.004318008636E-02));
#6998 = CIRCLE('',#6999,0.457200914402);
#6999 = AXIS2_PLACEMENT_3D('',#7000,#7001,#7002);
#7000 = CARTESIAN_POINT('',(78.232156464313,85.09017018034,    9.004318008636E-02));
#7001 = DIRECTION('',(0.,0.,1.));
#7002 = DIRECTION('',(1.,1.110223024625E-16,-0.));
#7003 = ORIENTED_EDGE('',*,*,#7004,.F.);
#7004 = EDGE_CURVE('',#7005,#6996,#7007,.T.);
#7005 = VERTEX_POINT('',#7006);
#7006 = CARTESIAN_POINT('',(77.774955549911,85.09017018034,0.));
#7007 = LINE('',#7008,#7009);
#7008 = CARTESIAN_POINT('',(77.774955549911,85.09017018034,0.));
#7009 = VECTOR('',#7010,1.);
#7010 = DIRECTION('',(0.,0.,1.));
#7011 = ORIENTED_EDGE('',*,*,#7012,.F.);
#7012 = EDGE_CURVE('',#6986,#7005,#7013,.T.);
#7013 = CIRCLE('',#7014,0.457200914402);
#7014 = AXIS2_PLACEMENT_3D('',#7015,#7016,#7017);
#7015 = CARTESIAN_POINT('',(78.232156464313,85.09017018034,0.));
#7016 = DIRECTION('',(0.,0.,1.));
#7017 = DIRECTION('',(1.,1.110223024625E-16,-0.));
#7018 = CYLINDRICAL_SURFACE('',#7019,0.457200914402);
#7019 = AXIS2_PLACEMENT_3D('',#7020,#7021,#7022);
#7020 = CARTESIAN_POINT('',(78.232156464313,85.09017018034,0.));
#7021 = DIRECTION('',(-0.,-0.,-1.));
#7022 = DIRECTION('',(1.,1.110223024625E-16,-0.));
#7023 = ADVANCED_FACE('',(#7024),#7042,.F.);
#7024 = FACE_BOUND('',#7025,.T.);
#7025 = EDGE_LOOP('',(#7026,#7027,#7034,#7035));
#7026 = ORIENTED_EDGE('',*,*,#7004,.T.);
#7027 = ORIENTED_EDGE('',*,*,#7028,.T.);
#7028 = EDGE_CURVE('',#6996,#6988,#7029,.T.);
#7029 = CIRCLE('',#7030,0.457200914402);
#7030 = AXIS2_PLACEMENT_3D('',#7031,#7032,#7033);
#7031 = CARTESIAN_POINT('',(78.232156464313,85.09017018034,    9.004318008636E-02));
#7032 = DIRECTION('',(0.,0.,1.));
#7033 = DIRECTION('',(-1.,-1.110223024625E-16,0.));
#7034 = ORIENTED_EDGE('',*,*,#6985,.F.);
#7035 = ORIENTED_EDGE('',*,*,#7036,.F.);
#7036 = EDGE_CURVE('',#7005,#6986,#7037,.T.);
#7037 = CIRCLE('',#7038,0.457200914402);
#7038 = AXIS2_PLACEMENT_3D('',#7039,#7040,#7041);
#7039 = CARTESIAN_POINT('',(78.232156464313,85.09017018034,0.));
#7040 = DIRECTION('',(0.,0.,1.));
#7041 = DIRECTION('',(-1.,-1.110223024625E-16,0.));
#7042 = CYLINDRICAL_SURFACE('',#7043,0.457200914402);
#7043 = AXIS2_PLACEMENT_3D('',#7044,#7045,#7046);
#7044 = CARTESIAN_POINT('',(78.232156464313,85.09017018034,0.));
#7045 = DIRECTION('',(-0.,-0.,-1.));
#7046 = DIRECTION('',(-1.,-1.110223024625E-16,0.));
#7047 = ADVANCED_FACE('',(#7048),#7084,.F.);
#7048 = FACE_BOUND('',#7049,.T.);
#7049 = EDGE_LOOP('',(#7050,#7060,#7069,#7077));
#7050 = ORIENTED_EDGE('',*,*,#7051,.T.);
#7051 = EDGE_CURVE('',#7052,#7054,#7056,.T.);
#7052 = VERTEX_POINT('',#7053);
#7053 = CARTESIAN_POINT('',(79.070358140716,64.008128016256,0.));
#7054 = VERTEX_POINT('',#7055);
#7055 = CARTESIAN_POINT('',(79.070358140716,64.008128016256,    9.004318008636E-02));
#7056 = LINE('',#7057,#7058);
#7057 = CARTESIAN_POINT('',(79.070358140716,64.008128016256,0.));
#7058 = VECTOR('',#7059,1.);
#7059 = DIRECTION('',(0.,0.,1.));
#7060 = ORIENTED_EDGE('',*,*,#7061,.T.);
#7061 = EDGE_CURVE('',#7054,#7062,#7064,.T.);
#7062 = VERTEX_POINT('',#7063);
#7063 = CARTESIAN_POINT('',(78.155956311913,64.008128016256,    9.004318008636E-02));
#7064 = CIRCLE('',#7065,0.457200914402);
#7065 = AXIS2_PLACEMENT_3D('',#7066,#7067,#7068);
#7066 = CARTESIAN_POINT('',(78.613157226314,64.008128016256,    9.004318008636E-02));
#7067 = DIRECTION('',(0.,0.,1.));
#7068 = DIRECTION('',(1.,1.110223024625E-16,-0.));
#7069 = ORIENTED_EDGE('',*,*,#7070,.F.);
#7070 = EDGE_CURVE('',#7071,#7062,#7073,.T.);
#7071 = VERTEX_POINT('',#7072);
#7072 = CARTESIAN_POINT('',(78.155956311913,64.008128016256,0.));
#7073 = LINE('',#7074,#7075);
#7074 = CARTESIAN_POINT('',(78.155956311913,64.008128016256,0.));
#7075 = VECTOR('',#7076,1.);
#7076 = DIRECTION('',(0.,0.,1.));
#7077 = ORIENTED_EDGE('',*,*,#7078,.F.);
#7078 = EDGE_CURVE('',#7052,#7071,#7079,.T.);
#7079 = CIRCLE('',#7080,0.457200914402);
#7080 = AXIS2_PLACEMENT_3D('',#7081,#7082,#7083);
#7081 = CARTESIAN_POINT('',(78.613157226314,64.008128016256,0.));
#7082 = DIRECTION('',(0.,0.,1.));
#7083 = DIRECTION('',(1.,1.110223024625E-16,-0.));
#7084 = CYLINDRICAL_SURFACE('',#7085,0.457200914402);
#7085 = AXIS2_PLACEMENT_3D('',#7086,#7087,#7088);
#7086 = CARTESIAN_POINT('',(78.613157226314,64.008128016256,0.));
#7087 = DIRECTION('',(-0.,-0.,-1.));
#7088 = DIRECTION('',(1.,1.110223024625E-16,-0.));
#7089 = ADVANCED_FACE('',(#7090),#7108,.F.);
#7090 = FACE_BOUND('',#7091,.T.);
#7091 = EDGE_LOOP('',(#7092,#7093,#7100,#7101));
#7092 = ORIENTED_EDGE('',*,*,#7070,.T.);
#7093 = ORIENTED_EDGE('',*,*,#7094,.T.);
#7094 = EDGE_CURVE('',#7062,#7054,#7095,.T.);
#7095 = CIRCLE('',#7096,0.457200914402);
#7096 = AXIS2_PLACEMENT_3D('',#7097,#7098,#7099);
#7097 = CARTESIAN_POINT('',(78.613157226314,64.008128016256,    9.004318008636E-02));
#7098 = DIRECTION('',(0.,0.,1.));
#7099 = DIRECTION('',(-1.,-1.110223024625E-16,0.));
#7100 = ORIENTED_EDGE('',*,*,#7051,.F.);
#7101 = ORIENTED_EDGE('',*,*,#7102,.F.);
#7102 = EDGE_CURVE('',#7071,#7052,#7103,.T.);
#7103 = CIRCLE('',#7104,0.457200914402);
#7104 = AXIS2_PLACEMENT_3D('',#7105,#7106,#7107);
#7105 = CARTESIAN_POINT('',(78.613157226314,64.008128016256,0.));
#7106 = DIRECTION('',(0.,0.,1.));
#7107 = DIRECTION('',(-1.,-1.110223024625E-16,0.));
#7108 = CYLINDRICAL_SURFACE('',#7109,0.457200914402);
#7109 = AXIS2_PLACEMENT_3D('',#7110,#7111,#7112);
#7110 = CARTESIAN_POINT('',(78.613157226314,64.008128016256,0.));
#7111 = DIRECTION('',(-0.,-0.,-1.));
#7112 = DIRECTION('',(-1.,-1.110223024625E-16,0.));
#7113 = ADVANCED_FACE('',(#7114),#7150,.F.);
#7114 = FACE_BOUND('',#7115,.T.);
#7115 = EDGE_LOOP('',(#7116,#7126,#7135,#7143));
#7116 = ORIENTED_EDGE('',*,*,#7117,.T.);
#7117 = EDGE_CURVE('',#7118,#7120,#7122,.T.);
#7118 = VERTEX_POINT('',#7119);
#7119 = CARTESIAN_POINT('',(79.070358140716,53.848107696215,0.));
#7120 = VERTEX_POINT('',#7121);
#7121 = CARTESIAN_POINT('',(79.070358140716,53.848107696215,    9.004318008636E-02));
#7122 = LINE('',#7123,#7124);
#7123 = CARTESIAN_POINT('',(79.070358140716,53.848107696215,0.));
#7124 = VECTOR('',#7125,1.);
#7125 = DIRECTION('',(0.,0.,1.));
#7126 = ORIENTED_EDGE('',*,*,#7127,.T.);
#7127 = EDGE_CURVE('',#7120,#7128,#7130,.T.);
#7128 = VERTEX_POINT('',#7129);
#7129 = CARTESIAN_POINT('',(78.155956311913,53.848107696215,    9.004318008636E-02));
#7130 = CIRCLE('',#7131,0.457200914402);
#7131 = AXIS2_PLACEMENT_3D('',#7132,#7133,#7134);
#7132 = CARTESIAN_POINT('',(78.613157226314,53.848107696215,    9.004318008636E-02));
#7133 = DIRECTION('',(0.,0.,1.));
#7134 = DIRECTION('',(1.,1.110223024625E-16,-0.));
#7135 = ORIENTED_EDGE('',*,*,#7136,.F.);
#7136 = EDGE_CURVE('',#7137,#7128,#7139,.T.);
#7137 = VERTEX_POINT('',#7138);
#7138 = CARTESIAN_POINT('',(78.155956311913,53.848107696215,0.));
#7139 = LINE('',#7140,#7141);
#7140 = CARTESIAN_POINT('',(78.155956311913,53.848107696215,0.));
#7141 = VECTOR('',#7142,1.);
#7142 = DIRECTION('',(0.,0.,1.));
#7143 = ORIENTED_EDGE('',*,*,#7144,.F.);
#7144 = EDGE_CURVE('',#7118,#7137,#7145,.T.);
#7145 = CIRCLE('',#7146,0.457200914402);
#7146 = AXIS2_PLACEMENT_3D('',#7147,#7148,#7149);
#7147 = CARTESIAN_POINT('',(78.613157226314,53.848107696215,0.));
#7148 = DIRECTION('',(0.,0.,1.));
#7149 = DIRECTION('',(1.,1.110223024625E-16,-0.));
#7150 = CYLINDRICAL_SURFACE('',#7151,0.457200914402);
#7151 = AXIS2_PLACEMENT_3D('',#7152,#7153,#7154);
#7152 = CARTESIAN_POINT('',(78.613157226314,53.848107696215,0.));
#7153 = DIRECTION('',(-0.,-0.,-1.));
#7154 = DIRECTION('',(1.,1.110223024625E-16,-0.));
#7155 = ADVANCED_FACE('',(#7156),#7174,.F.);
#7156 = FACE_BOUND('',#7157,.T.);
#7157 = EDGE_LOOP('',(#7158,#7159,#7166,#7167));
#7158 = ORIENTED_EDGE('',*,*,#7136,.T.);
#7159 = ORIENTED_EDGE('',*,*,#7160,.T.);
#7160 = EDGE_CURVE('',#7128,#7120,#7161,.T.);
#7161 = CIRCLE('',#7162,0.457200914402);
#7162 = AXIS2_PLACEMENT_3D('',#7163,#7164,#7165);
#7163 = CARTESIAN_POINT('',(78.613157226314,53.848107696215,    9.004318008636E-02));
#7164 = DIRECTION('',(0.,0.,1.));
#7165 = DIRECTION('',(-1.,-1.110223024625E-16,0.));
#7166 = ORIENTED_EDGE('',*,*,#7117,.F.);
#7167 = ORIENTED_EDGE('',*,*,#7168,.F.);
#7168 = EDGE_CURVE('',#7137,#7118,#7169,.T.);
#7169 = CIRCLE('',#7170,0.457200914402);
#7170 = AXIS2_PLACEMENT_3D('',#7171,#7172,#7173);
#7171 = CARTESIAN_POINT('',(78.613157226314,53.848107696215,0.));
#7172 = DIRECTION('',(0.,0.,1.));
#7173 = DIRECTION('',(-1.,-1.110223024625E-16,0.));
#7174 = CYLINDRICAL_SURFACE('',#7175,0.457200914402);
#7175 = AXIS2_PLACEMENT_3D('',#7176,#7177,#7178);
#7176 = CARTESIAN_POINT('',(78.613157226314,53.848107696215,0.));
#7177 = DIRECTION('',(-0.,-0.,-1.));
#7178 = DIRECTION('',(-1.,-1.110223024625E-16,0.));
#7179 = ADVANCED_FACE('',(#7180),#7216,.F.);
#7180 = FACE_BOUND('',#7181,.T.);
#7181 = EDGE_LOOP('',(#7182,#7192,#7201,#7209));
#7182 = ORIENTED_EDGE('',*,*,#7183,.T.);
#7183 = EDGE_CURVE('',#7184,#7186,#7188,.T.);
#7184 = VERTEX_POINT('',#7185);
#7185 = CARTESIAN_POINT('',(79.197358394717,38.989077978156,0.));
#7186 = VERTEX_POINT('',#7187);
#7187 = CARTESIAN_POINT('',(79.197358394717,38.989077978156,    9.004318008636E-02));
#7188 = LINE('',#7189,#7190);
#7189 = CARTESIAN_POINT('',(79.197358394717,38.989077978156,0.));
#7190 = VECTOR('',#7191,1.);
#7191 = DIRECTION('',(0.,0.,1.));
#7192 = ORIENTED_EDGE('',*,*,#7193,.T.);
#7193 = EDGE_CURVE('',#7186,#7194,#7196,.T.);
#7194 = VERTEX_POINT('',#7195);
#7195 = CARTESIAN_POINT('',(78.282956565913,38.989077978156,    9.004318008636E-02));
#7196 = CIRCLE('',#7197,0.457200914402);
#7197 = AXIS2_PLACEMENT_3D('',#7198,#7199,#7200);
#7198 = CARTESIAN_POINT('',(78.740157480315,38.989077978156,    9.004318008636E-02));
#7199 = DIRECTION('',(0.,0.,1.));
#7200 = DIRECTION('',(1.,1.110223024625E-16,-0.));
#7201 = ORIENTED_EDGE('',*,*,#7202,.F.);
#7202 = EDGE_CURVE('',#7203,#7194,#7205,.T.);
#7203 = VERTEX_POINT('',#7204);
#7204 = CARTESIAN_POINT('',(78.282956565913,38.989077978156,0.));
#7205 = LINE('',#7206,#7207);
#7206 = CARTESIAN_POINT('',(78.282956565913,38.989077978156,0.));
#7207 = VECTOR('',#7208,1.);
#7208 = DIRECTION('',(0.,0.,1.));
#7209 = ORIENTED_EDGE('',*,*,#7210,.F.);
#7210 = EDGE_CURVE('',#7184,#7203,#7211,.T.);
#7211 = CIRCLE('',#7212,0.457200914402);
#7212 = AXIS2_PLACEMENT_3D('',#7213,#7214,#7215);
#7213 = CARTESIAN_POINT('',(78.740157480315,38.989077978156,0.));
#7214 = DIRECTION('',(0.,0.,1.));
#7215 = DIRECTION('',(1.,1.110223024625E-16,-0.));
#7216 = CYLINDRICAL_SURFACE('',#7217,0.457200914402);
#7217 = AXIS2_PLACEMENT_3D('',#7218,#7219,#7220);
#7218 = CARTESIAN_POINT('',(78.740157480315,38.989077978156,0.));
#7219 = DIRECTION('',(-0.,-0.,-1.));
#7220 = DIRECTION('',(1.,1.110223024625E-16,-0.));
#7221 = ADVANCED_FACE('',(#7222),#7240,.F.);
#7222 = FACE_BOUND('',#7223,.T.);
#7223 = EDGE_LOOP('',(#7224,#7225,#7232,#7233));
#7224 = ORIENTED_EDGE('',*,*,#7202,.T.);
#7225 = ORIENTED_EDGE('',*,*,#7226,.T.);
#7226 = EDGE_CURVE('',#7194,#7186,#7227,.T.);
#7227 = CIRCLE('',#7228,0.457200914402);
#7228 = AXIS2_PLACEMENT_3D('',#7229,#7230,#7231);
#7229 = CARTESIAN_POINT('',(78.740157480315,38.989077978156,    9.004318008636E-02));
#7230 = DIRECTION('',(0.,0.,1.));
#7231 = DIRECTION('',(-1.,-1.110223024625E-16,0.));
#7232 = ORIENTED_EDGE('',*,*,#7183,.F.);
#7233 = ORIENTED_EDGE('',*,*,#7234,.F.);
#7234 = EDGE_CURVE('',#7203,#7184,#7235,.T.);
#7235 = CIRCLE('',#7236,0.457200914402);
#7236 = AXIS2_PLACEMENT_3D('',#7237,#7238,#7239);
#7237 = CARTESIAN_POINT('',(78.740157480315,38.989077978156,0.));
#7238 = DIRECTION('',(0.,0.,1.));
#7239 = DIRECTION('',(-1.,-1.110223024625E-16,0.));
#7240 = CYLINDRICAL_SURFACE('',#7241,0.457200914402);
#7241 = AXIS2_PLACEMENT_3D('',#7242,#7243,#7244);
#7242 = CARTESIAN_POINT('',(78.740157480315,38.989077978156,0.));
#7243 = DIRECTION('',(-0.,-0.,-1.));
#7244 = DIRECTION('',(-1.,-1.110223024625E-16,0.));
#7245 = ADVANCED_FACE('',(#7246),#7282,.F.);
#7246 = FACE_BOUND('',#7247,.T.);
#7247 = EDGE_LOOP('',(#7248,#7258,#7267,#7275));
#7248 = ORIENTED_EDGE('',*,*,#7249,.T.);
#7249 = EDGE_CURVE('',#7250,#7252,#7254,.T.);
#7250 = VERTEX_POINT('',#7251);
#7251 = CARTESIAN_POINT('',(79.197358394717,36.449072898146,0.));
#7252 = VERTEX_POINT('',#7253);
#7253 = CARTESIAN_POINT('',(79.197358394717,36.449072898146,    9.004318008636E-02));
#7254 = LINE('',#7255,#7256);
#7255 = CARTESIAN_POINT('',(79.197358394717,36.449072898146,0.));
#7256 = VECTOR('',#7257,1.);
#7257 = DIRECTION('',(0.,0.,1.));
#7258 = ORIENTED_EDGE('',*,*,#7259,.T.);
#7259 = EDGE_CURVE('',#7252,#7260,#7262,.T.);
#7260 = VERTEX_POINT('',#7261);
#7261 = CARTESIAN_POINT('',(78.282956565913,36.449072898146,    9.004318008636E-02));
#7262 = CIRCLE('',#7263,0.457200914402);
#7263 = AXIS2_PLACEMENT_3D('',#7264,#7265,#7266);
#7264 = CARTESIAN_POINT('',(78.740157480315,36.449072898146,    9.004318008636E-02));
#7265 = DIRECTION('',(0.,0.,1.));
#7266 = DIRECTION('',(1.,1.110223024625E-16,-0.));
#7267 = ORIENTED_EDGE('',*,*,#7268,.F.);
#7268 = EDGE_CURVE('',#7269,#7260,#7271,.T.);
#7269 = VERTEX_POINT('',#7270);
#7270 = CARTESIAN_POINT('',(78.282956565913,36.449072898146,0.));
#7271 = LINE('',#7272,#7273);
#7272 = CARTESIAN_POINT('',(78.282956565913,36.449072898146,0.));
#7273 = VECTOR('',#7274,1.);
#7274 = DIRECTION('',(0.,0.,1.));
#7275 = ORIENTED_EDGE('',*,*,#7276,.F.);
#7276 = EDGE_CURVE('',#7250,#7269,#7277,.T.);
#7277 = CIRCLE('',#7278,0.457200914402);
#7278 = AXIS2_PLACEMENT_3D('',#7279,#7280,#7281);
#7279 = CARTESIAN_POINT('',(78.740157480315,36.449072898146,0.));
#7280 = DIRECTION('',(0.,0.,1.));
#7281 = DIRECTION('',(1.,1.110223024625E-16,-0.));
#7282 = CYLINDRICAL_SURFACE('',#7283,0.457200914402);
#7283 = AXIS2_PLACEMENT_3D('',#7284,#7285,#7286);
#7284 = CARTESIAN_POINT('',(78.740157480315,36.449072898146,0.));
#7285 = DIRECTION('',(-0.,-0.,-1.));
#7286 = DIRECTION('',(1.,1.110223024625E-16,-0.));
#7287 = ADVANCED_FACE('',(#7288),#7306,.F.);
#7288 = FACE_BOUND('',#7289,.T.);
#7289 = EDGE_LOOP('',(#7290,#7291,#7298,#7299));
#7290 = ORIENTED_EDGE('',*,*,#7268,.T.);
#7291 = ORIENTED_EDGE('',*,*,#7292,.T.);
#7292 = EDGE_CURVE('',#7260,#7252,#7293,.T.);
#7293 = CIRCLE('',#7294,0.457200914402);
#7294 = AXIS2_PLACEMENT_3D('',#7295,#7296,#7297);
#7295 = CARTESIAN_POINT('',(78.740157480315,36.449072898146,    9.004318008636E-02));
#7296 = DIRECTION('',(0.,0.,1.));
#7297 = DIRECTION('',(-1.,-1.110223024625E-16,0.));
#7298 = ORIENTED_EDGE('',*,*,#7249,.F.);
#7299 = ORIENTED_EDGE('',*,*,#7300,.F.);
#7300 = EDGE_CURVE('',#7269,#7250,#7301,.T.);
#7301 = CIRCLE('',#7302,0.457200914402);
#7302 = AXIS2_PLACEMENT_3D('',#7303,#7304,#7305);
#7303 = CARTESIAN_POINT('',(78.740157480315,36.449072898146,0.));
#7304 = DIRECTION('',(0.,0.,1.));
#7305 = DIRECTION('',(-1.,-1.110223024625E-16,0.));
#7306 = CYLINDRICAL_SURFACE('',#7307,0.457200914402);
#7307 = AXIS2_PLACEMENT_3D('',#7308,#7309,#7310);
#7308 = CARTESIAN_POINT('',(78.740157480315,36.449072898146,0.));
#7309 = DIRECTION('',(-0.,-0.,-1.));
#7310 = DIRECTION('',(-1.,-1.110223024625E-16,0.));
#7311 = ADVANCED_FACE('',(#7312),#7348,.F.);
#7312 = FACE_BOUND('',#7313,.T.);
#7313 = EDGE_LOOP('',(#7314,#7324,#7333,#7341));
#7314 = ORIENTED_EDGE('',*,*,#7315,.T.);
#7315 = EDGE_CURVE('',#7316,#7318,#7320,.T.);
#7316 = VERTEX_POINT('',#7317);
#7317 = CARTESIAN_POINT('',(79.197358394717,33.909067818136,0.));
#7318 = VERTEX_POINT('',#7319);
#7319 = CARTESIAN_POINT('',(79.197358394717,33.909067818136,    9.004318008636E-02));
#7320 = LINE('',#7321,#7322);
#7321 = CARTESIAN_POINT('',(79.197358394717,33.909067818136,0.));
#7322 = VECTOR('',#7323,1.);
#7323 = DIRECTION('',(0.,0.,1.));
#7324 = ORIENTED_EDGE('',*,*,#7325,.T.);
#7325 = EDGE_CURVE('',#7318,#7326,#7328,.T.);
#7326 = VERTEX_POINT('',#7327);
#7327 = CARTESIAN_POINT('',(78.282956565913,33.909067818136,    9.004318008636E-02));
#7328 = CIRCLE('',#7329,0.457200914402);
#7329 = AXIS2_PLACEMENT_3D('',#7330,#7331,#7332);
#7330 = CARTESIAN_POINT('',(78.740157480315,33.909067818136,    9.004318008636E-02));
#7331 = DIRECTION('',(0.,0.,1.));
#7332 = DIRECTION('',(1.,1.110223024625E-16,-0.));
#7333 = ORIENTED_EDGE('',*,*,#7334,.F.);
#7334 = EDGE_CURVE('',#7335,#7326,#7337,.T.);
#7335 = VERTEX_POINT('',#7336);
#7336 = CARTESIAN_POINT('',(78.282956565913,33.909067818136,0.));
#7337 = LINE('',#7338,#7339);
#7338 = CARTESIAN_POINT('',(78.282956565913,33.909067818136,0.));
#7339 = VECTOR('',#7340,1.);
#7340 = DIRECTION('',(0.,0.,1.));
#7341 = ORIENTED_EDGE('',*,*,#7342,.F.);
#7342 = EDGE_CURVE('',#7316,#7335,#7343,.T.);
#7343 = CIRCLE('',#7344,0.457200914402);
#7344 = AXIS2_PLACEMENT_3D('',#7345,#7346,#7347);
#7345 = CARTESIAN_POINT('',(78.740157480315,33.909067818136,0.));
#7346 = DIRECTION('',(0.,0.,1.));
#7347 = DIRECTION('',(1.,1.110223024625E-16,-0.));
#7348 = CYLINDRICAL_SURFACE('',#7349,0.457200914402);
#7349 = AXIS2_PLACEMENT_3D('',#7350,#7351,#7352);
#7350 = CARTESIAN_POINT('',(78.740157480315,33.909067818136,0.));
#7351 = DIRECTION('',(-0.,-0.,-1.));
#7352 = DIRECTION('',(1.,1.110223024625E-16,-0.));
#7353 = ADVANCED_FACE('',(#7354),#7372,.F.);
#7354 = FACE_BOUND('',#7355,.T.);
#7355 = EDGE_LOOP('',(#7356,#7357,#7364,#7365));
#7356 = ORIENTED_EDGE('',*,*,#7334,.T.);
#7357 = ORIENTED_EDGE('',*,*,#7358,.T.);
#7358 = EDGE_CURVE('',#7326,#7318,#7359,.T.);
#7359 = CIRCLE('',#7360,0.457200914402);
#7360 = AXIS2_PLACEMENT_3D('',#7361,#7362,#7363);
#7361 = CARTESIAN_POINT('',(78.740157480315,33.909067818136,    9.004318008636E-02));
#7362 = DIRECTION('',(0.,0.,1.));
#7363 = DIRECTION('',(-1.,-1.110223024625E-16,0.));
#7364 = ORIENTED_EDGE('',*,*,#7315,.F.);
#7365 = ORIENTED_EDGE('',*,*,#7366,.F.);
#7366 = EDGE_CURVE('',#7335,#7316,#7367,.T.);
#7367 = CIRCLE('',#7368,0.457200914402);
#7368 = AXIS2_PLACEMENT_3D('',#7369,#7370,#7371);
#7369 = CARTESIAN_POINT('',(78.740157480315,33.909067818136,0.));
#7370 = DIRECTION('',(0.,0.,1.));
#7371 = DIRECTION('',(-1.,-1.110223024625E-16,0.));
#7372 = CYLINDRICAL_SURFACE('',#7373,0.457200914402);
#7373 = AXIS2_PLACEMENT_3D('',#7374,#7375,#7376);
#7374 = CARTESIAN_POINT('',(78.740157480315,33.909067818136,0.));
#7375 = DIRECTION('',(-0.,-0.,-1.));
#7376 = DIRECTION('',(-1.,-1.110223024625E-16,0.));
#7377 = ADVANCED_FACE('',(#7378),#7414,.F.);
#7378 = FACE_BOUND('',#7379,.T.);
#7379 = EDGE_LOOP('',(#7380,#7390,#7399,#7407));
#7380 = ORIENTED_EDGE('',*,*,#7381,.T.);
#7381 = EDGE_CURVE('',#7382,#7384,#7386,.T.);
#7382 = VERTEX_POINT('',#7383);
#7383 = CARTESIAN_POINT('',(79.197358394717,31.369062738125,0.));
#7384 = VERTEX_POINT('',#7385);
#7385 = CARTESIAN_POINT('',(79.197358394717,31.369062738125,    9.004318008636E-02));
#7386 = LINE('',#7387,#7388);
#7387 = CARTESIAN_POINT('',(79.197358394717,31.369062738125,0.));
#7388 = VECTOR('',#7389,1.);
#7389 = DIRECTION('',(0.,0.,1.));
#7390 = ORIENTED_EDGE('',*,*,#7391,.T.);
#7391 = EDGE_CURVE('',#7384,#7392,#7394,.T.);
#7392 = VERTEX_POINT('',#7393);
#7393 = CARTESIAN_POINT('',(78.282956565913,31.369062738125,    9.004318008636E-02));
#7394 = CIRCLE('',#7395,0.457200914402);
#7395 = AXIS2_PLACEMENT_3D('',#7396,#7397,#7398);
#7396 = CARTESIAN_POINT('',(78.740157480315,31.369062738125,    9.004318008636E-02));
#7397 = DIRECTION('',(0.,0.,1.));
#7398 = DIRECTION('',(1.,1.110223024625E-16,-0.));
#7399 = ORIENTED_EDGE('',*,*,#7400,.F.);
#7400 = EDGE_CURVE('',#7401,#7392,#7403,.T.);
#7401 = VERTEX_POINT('',#7402);
#7402 = CARTESIAN_POINT('',(78.282956565913,31.369062738125,0.));
#7403 = LINE('',#7404,#7405);
#7404 = CARTESIAN_POINT('',(78.282956565913,31.369062738125,0.));
#7405 = VECTOR('',#7406,1.);
#7406 = DIRECTION('',(0.,0.,1.));
#7407 = ORIENTED_EDGE('',*,*,#7408,.F.);
#7408 = EDGE_CURVE('',#7382,#7401,#7409,.T.);
#7409 = CIRCLE('',#7410,0.457200914402);
#7410 = AXIS2_PLACEMENT_3D('',#7411,#7412,#7413);
#7411 = CARTESIAN_POINT('',(78.740157480315,31.369062738125,0.));
#7412 = DIRECTION('',(0.,0.,1.));
#7413 = DIRECTION('',(1.,1.110223024625E-16,-0.));
#7414 = CYLINDRICAL_SURFACE('',#7415,0.457200914402);
#7415 = AXIS2_PLACEMENT_3D('',#7416,#7417,#7418);
#7416 = CARTESIAN_POINT('',(78.740157480315,31.369062738125,0.));
#7417 = DIRECTION('',(-0.,-0.,-1.));
#7418 = DIRECTION('',(1.,1.110223024625E-16,-0.));
#7419 = ADVANCED_FACE('',(#7420),#7438,.F.);
#7420 = FACE_BOUND('',#7421,.T.);
#7421 = EDGE_LOOP('',(#7422,#7423,#7430,#7431));
#7422 = ORIENTED_EDGE('',*,*,#7400,.T.);
#7423 = ORIENTED_EDGE('',*,*,#7424,.T.);
#7424 = EDGE_CURVE('',#7392,#7384,#7425,.T.);
#7425 = CIRCLE('',#7426,0.457200914402);
#7426 = AXIS2_PLACEMENT_3D('',#7427,#7428,#7429);
#7427 = CARTESIAN_POINT('',(78.740157480315,31.369062738125,    9.004318008636E-02));
#7428 = DIRECTION('',(0.,0.,1.));
#7429 = DIRECTION('',(-1.,-1.110223024625E-16,0.));
#7430 = ORIENTED_EDGE('',*,*,#7381,.F.);
#7431 = ORIENTED_EDGE('',*,*,#7432,.F.);
#7432 = EDGE_CURVE('',#7401,#7382,#7433,.T.);
#7433 = CIRCLE('',#7434,0.457200914402);
#7434 = AXIS2_PLACEMENT_3D('',#7435,#7436,#7437);
#7435 = CARTESIAN_POINT('',(78.740157480315,31.369062738125,0.));
#7436 = DIRECTION('',(0.,0.,1.));
#7437 = DIRECTION('',(-1.,-1.110223024625E-16,0.));
#7438 = CYLINDRICAL_SURFACE('',#7439,0.457200914402);
#7439 = AXIS2_PLACEMENT_3D('',#7440,#7441,#7442);
#7440 = CARTESIAN_POINT('',(78.740157480315,31.369062738125,0.));
#7441 = DIRECTION('',(-0.,-0.,-1.));
#7442 = DIRECTION('',(-1.,-1.110223024625E-16,0.));
#7443 = ADVANCED_FACE('',(#7444),#7480,.F.);
#7444 = FACE_BOUND('',#7445,.T.);
#7445 = EDGE_LOOP('',(#7446,#7456,#7465,#7473));
#7446 = ORIENTED_EDGE('',*,*,#7447,.T.);
#7447 = EDGE_CURVE('',#7448,#7450,#7452,.T.);
#7448 = VERTEX_POINT('',#7449);
#7449 = CARTESIAN_POINT('',(81.610363220726,64.008128016256,0.));
#7450 = VERTEX_POINT('',#7451);
#7451 = CARTESIAN_POINT('',(81.610363220726,64.008128016256,    9.004318008636E-02));
#7452 = LINE('',#7453,#7454);
#7453 = CARTESIAN_POINT('',(81.610363220726,64.008128016256,0.));
#7454 = VECTOR('',#7455,1.);
#7455 = DIRECTION('',(0.,0.,1.));
#7456 = ORIENTED_EDGE('',*,*,#7457,.T.);
#7457 = EDGE_CURVE('',#7450,#7458,#7460,.T.);
#7458 = VERTEX_POINT('',#7459);
#7459 = CARTESIAN_POINT('',(80.695961391923,64.008128016256,    9.004318008636E-02));
#7460 = CIRCLE('',#7461,0.457200914402);
#7461 = AXIS2_PLACEMENT_3D('',#7462,#7463,#7464);
#7462 = CARTESIAN_POINT('',(81.153162306325,64.008128016256,    9.004318008636E-02));
#7463 = DIRECTION('',(0.,0.,1.));
#7464 = DIRECTION('',(1.,1.110223024625E-16,-0.));
#7465 = ORIENTED_EDGE('',*,*,#7466,.F.);
#7466 = EDGE_CURVE('',#7467,#7458,#7469,.T.);
#7467 = VERTEX_POINT('',#7468);
#7468 = CARTESIAN_POINT('',(80.695961391923,64.008128016256,0.));
#7469 = LINE('',#7470,#7471);
#7470 = CARTESIAN_POINT('',(80.695961391923,64.008128016256,0.));
#7471 = VECTOR('',#7472,1.);
#7472 = DIRECTION('',(0.,0.,1.));
#7473 = ORIENTED_EDGE('',*,*,#7474,.F.);
#7474 = EDGE_CURVE('',#7448,#7467,#7475,.T.);
#7475 = CIRCLE('',#7476,0.457200914402);
#7476 = AXIS2_PLACEMENT_3D('',#7477,#7478,#7479);
#7477 = CARTESIAN_POINT('',(81.153162306325,64.008128016256,0.));
#7478 = DIRECTION('',(0.,0.,1.));
#7479 = DIRECTION('',(1.,1.110223024625E-16,-0.));
#7480 = CYLINDRICAL_SURFACE('',#7481,0.457200914402);
#7481 = AXIS2_PLACEMENT_3D('',#7482,#7483,#7484);
#7482 = CARTESIAN_POINT('',(81.153162306325,64.008128016256,0.));
#7483 = DIRECTION('',(-0.,-0.,-1.));
#7484 = DIRECTION('',(1.,1.110223024625E-16,-0.));
#7485 = ADVANCED_FACE('',(#7486),#7504,.F.);
#7486 = FACE_BOUND('',#7487,.T.);
#7487 = EDGE_LOOP('',(#7488,#7489,#7496,#7497));
#7488 = ORIENTED_EDGE('',*,*,#7466,.T.);
#7489 = ORIENTED_EDGE('',*,*,#7490,.T.);
#7490 = EDGE_CURVE('',#7458,#7450,#7491,.T.);
#7491 = CIRCLE('',#7492,0.457200914402);
#7492 = AXIS2_PLACEMENT_3D('',#7493,#7494,#7495);
#7493 = CARTESIAN_POINT('',(81.153162306325,64.008128016256,    9.004318008636E-02));
#7494 = DIRECTION('',(0.,0.,1.));
#7495 = DIRECTION('',(-1.,-1.110223024625E-16,0.));
#7496 = ORIENTED_EDGE('',*,*,#7447,.F.);
#7497 = ORIENTED_EDGE('',*,*,#7498,.F.);
#7498 = EDGE_CURVE('',#7467,#7448,#7499,.T.);
#7499 = CIRCLE('',#7500,0.457200914402);
#7500 = AXIS2_PLACEMENT_3D('',#7501,#7502,#7503);
#7501 = CARTESIAN_POINT('',(81.153162306325,64.008128016256,0.));
#7502 = DIRECTION('',(0.,0.,1.));
#7503 = DIRECTION('',(-1.,-1.110223024625E-16,0.));
#7504 = CYLINDRICAL_SURFACE('',#7505,0.457200914402);
#7505 = AXIS2_PLACEMENT_3D('',#7506,#7507,#7508);
#7506 = CARTESIAN_POINT('',(81.153162306325,64.008128016256,0.));
#7507 = DIRECTION('',(-0.,-0.,-1.));
#7508 = DIRECTION('',(-1.,-1.110223024625E-16,0.));
#7509 = ADVANCED_FACE('',(#7510),#7546,.F.);
#7510 = FACE_BOUND('',#7511,.T.);
#7511 = EDGE_LOOP('',(#7512,#7522,#7531,#7539));
#7512 = ORIENTED_EDGE('',*,*,#7513,.T.);
#7513 = EDGE_CURVE('',#7514,#7516,#7518,.T.);
#7514 = VERTEX_POINT('',#7515);
#7515 = CARTESIAN_POINT('',(81.610363220726,53.848107696215,0.));
#7516 = VERTEX_POINT('',#7517);
#7517 = CARTESIAN_POINT('',(81.610363220726,53.848107696215,    9.004318008636E-02));
#7518 = LINE('',#7519,#7520);
#7519 = CARTESIAN_POINT('',(81.610363220726,53.848107696215,0.));
#7520 = VECTOR('',#7521,1.);
#7521 = DIRECTION('',(0.,0.,1.));
#7522 = ORIENTED_EDGE('',*,*,#7523,.T.);
#7523 = EDGE_CURVE('',#7516,#7524,#7526,.T.);
#7524 = VERTEX_POINT('',#7525);
#7525 = CARTESIAN_POINT('',(80.695961391923,53.848107696215,    9.004318008636E-02));
#7526 = CIRCLE('',#7527,0.457200914402);
#7527 = AXIS2_PLACEMENT_3D('',#7528,#7529,#7530);
#7528 = CARTESIAN_POINT('',(81.153162306325,53.848107696215,    9.004318008636E-02));
#7529 = DIRECTION('',(0.,0.,1.));
#7530 = DIRECTION('',(1.,1.110223024625E-16,-0.));
#7531 = ORIENTED_EDGE('',*,*,#7532,.F.);
#7532 = EDGE_CURVE('',#7533,#7524,#7535,.T.);
#7533 = VERTEX_POINT('',#7534);
#7534 = CARTESIAN_POINT('',(80.695961391923,53.848107696215,0.));
#7535 = LINE('',#7536,#7537);
#7536 = CARTESIAN_POINT('',(80.695961391923,53.848107696215,0.));
#7537 = VECTOR('',#7538,1.);
#7538 = DIRECTION('',(0.,0.,1.));
#7539 = ORIENTED_EDGE('',*,*,#7540,.F.);
#7540 = EDGE_CURVE('',#7514,#7533,#7541,.T.);
#7541 = CIRCLE('',#7542,0.457200914402);
#7542 = AXIS2_PLACEMENT_3D('',#7543,#7544,#7545);
#7543 = CARTESIAN_POINT('',(81.153162306325,53.848107696215,0.));
#7544 = DIRECTION('',(0.,0.,1.));
#7545 = DIRECTION('',(1.,1.110223024625E-16,-0.));
#7546 = CYLINDRICAL_SURFACE('',#7547,0.457200914402);
#7547 = AXIS2_PLACEMENT_3D('',#7548,#7549,#7550);
#7548 = CARTESIAN_POINT('',(81.153162306325,53.848107696215,0.));
#7549 = DIRECTION('',(-0.,-0.,-1.));
#7550 = DIRECTION('',(1.,1.110223024625E-16,-0.));
#7551 = ADVANCED_FACE('',(#7552),#7570,.F.);
#7552 = FACE_BOUND('',#7553,.T.);
#7553 = EDGE_LOOP('',(#7554,#7555,#7562,#7563));
#7554 = ORIENTED_EDGE('',*,*,#7532,.T.);
#7555 = ORIENTED_EDGE('',*,*,#7556,.T.);
#7556 = EDGE_CURVE('',#7524,#7516,#7557,.T.);
#7557 = CIRCLE('',#7558,0.457200914402);
#7558 = AXIS2_PLACEMENT_3D('',#7559,#7560,#7561);
#7559 = CARTESIAN_POINT('',(81.153162306325,53.848107696215,    9.004318008636E-02));
#7560 = DIRECTION('',(0.,0.,1.));
#7561 = DIRECTION('',(-1.,-1.110223024625E-16,0.));
#7562 = ORIENTED_EDGE('',*,*,#7513,.F.);
#7563 = ORIENTED_EDGE('',*,*,#7564,.F.);
#7564 = EDGE_CURVE('',#7533,#7514,#7565,.T.);
#7565 = CIRCLE('',#7566,0.457200914402);
#7566 = AXIS2_PLACEMENT_3D('',#7567,#7568,#7569);
#7567 = CARTESIAN_POINT('',(81.153162306325,53.848107696215,0.));
#7568 = DIRECTION('',(0.,0.,1.));
#7569 = DIRECTION('',(-1.,-1.110223024625E-16,0.));
#7570 = CYLINDRICAL_SURFACE('',#7571,0.457200914402);
#7571 = AXIS2_PLACEMENT_3D('',#7572,#7573,#7574);
#7572 = CARTESIAN_POINT('',(81.153162306325,53.848107696215,0.));
#7573 = DIRECTION('',(-0.,-0.,-1.));
#7574 = DIRECTION('',(-1.,-1.110223024625E-16,0.));
#7575 = ADVANCED_FACE('',(#7576),#7612,.F.);
#7576 = FACE_BOUND('',#7577,.T.);
#7577 = EDGE_LOOP('',(#7578,#7588,#7597,#7605));
#7578 = ORIENTED_EDGE('',*,*,#7579,.T.);
#7579 = EDGE_CURVE('',#7580,#7582,#7584,.T.);
#7580 = VERTEX_POINT('',#7581);
#7581 = CARTESIAN_POINT('',(83.515367030734,77.47015494031,0.));
#7582 = VERTEX_POINT('',#7583);
#7583 = CARTESIAN_POINT('',(83.515367030734,77.47015494031,    9.004318008636E-02));
#7584 = LINE('',#7585,#7586);
#7585 = CARTESIAN_POINT('',(83.515367030734,77.47015494031,0.));
#7586 = VECTOR('',#7587,1.);
#7587 = DIRECTION('',(0.,0.,1.));
#7588 = ORIENTED_EDGE('',*,*,#7589,.T.);
#7589 = EDGE_CURVE('',#7582,#7590,#7592,.T.);
#7590 = VERTEX_POINT('',#7591);
#7591 = CARTESIAN_POINT('',(82.60096520193,77.47015494031,    9.004318008636E-02));
#7592 = CIRCLE('',#7593,0.457200914402);
#7593 = AXIS2_PLACEMENT_3D('',#7594,#7595,#7596);
#7594 = CARTESIAN_POINT('',(83.058166116332,77.47015494031,    9.004318008636E-02));
#7595 = DIRECTION('',(0.,0.,1.));
#7596 = DIRECTION('',(1.,1.110223024625E-16,-0.));
#7597 = ORIENTED_EDGE('',*,*,#7598,.F.);
#7598 = EDGE_CURVE('',#7599,#7590,#7601,.T.);
#7599 = VERTEX_POINT('',#7600);
#7600 = CARTESIAN_POINT('',(82.60096520193,77.47015494031,0.));
#7601 = LINE('',#7602,#7603);
#7602 = CARTESIAN_POINT('',(82.60096520193,77.47015494031,0.));
#7603 = VECTOR('',#7604,1.);
#7604 = DIRECTION('',(0.,0.,1.));
#7605 = ORIENTED_EDGE('',*,*,#7606,.F.);
#7606 = EDGE_CURVE('',#7580,#7599,#7607,.T.);
#7607 = CIRCLE('',#7608,0.457200914402);
#7608 = AXIS2_PLACEMENT_3D('',#7609,#7610,#7611);
#7609 = CARTESIAN_POINT('',(83.058166116332,77.47015494031,0.));
#7610 = DIRECTION('',(0.,0.,1.));
#7611 = DIRECTION('',(1.,1.110223024625E-16,-0.));
#7612 = CYLINDRICAL_SURFACE('',#7613,0.457200914402);
#7613 = AXIS2_PLACEMENT_3D('',#7614,#7615,#7616);
#7614 = CARTESIAN_POINT('',(83.058166116332,77.47015494031,0.));
#7615 = DIRECTION('',(-0.,-0.,-1.));
#7616 = DIRECTION('',(1.,1.110223024625E-16,-0.));
#7617 = ADVANCED_FACE('',(#7618),#7636,.F.);
#7618 = FACE_BOUND('',#7619,.T.);
#7619 = EDGE_LOOP('',(#7620,#7621,#7628,#7629));
#7620 = ORIENTED_EDGE('',*,*,#7598,.T.);
#7621 = ORIENTED_EDGE('',*,*,#7622,.T.);
#7622 = EDGE_CURVE('',#7590,#7582,#7623,.T.);
#7623 = CIRCLE('',#7624,0.457200914402);
#7624 = AXIS2_PLACEMENT_3D('',#7625,#7626,#7627);
#7625 = CARTESIAN_POINT('',(83.058166116332,77.47015494031,    9.004318008636E-02));
#7626 = DIRECTION('',(0.,0.,1.));
#7627 = DIRECTION('',(-1.,-1.110223024625E-16,0.));
#7628 = ORIENTED_EDGE('',*,*,#7579,.F.);
#7629 = ORIENTED_EDGE('',*,*,#7630,.F.);
#7630 = EDGE_CURVE('',#7599,#7580,#7631,.T.);
#7631 = CIRCLE('',#7632,0.457200914402);
#7632 = AXIS2_PLACEMENT_3D('',#7633,#7634,#7635);
#7633 = CARTESIAN_POINT('',(83.058166116332,77.47015494031,0.));
#7634 = DIRECTION('',(0.,0.,1.));
#7635 = DIRECTION('',(-1.,-1.110223024625E-16,0.));
#7636 = CYLINDRICAL_SURFACE('',#7637,0.457200914402);
#7637 = AXIS2_PLACEMENT_3D('',#7638,#7639,#7640);
#7638 = CARTESIAN_POINT('',(83.058166116332,77.47015494031,0.));
#7639 = DIRECTION('',(-0.,-0.,-1.));
#7640 = DIRECTION('',(-1.,-1.110223024625E-16,0.));
#7641 = ADVANCED_FACE('',(#7642),#7678,.F.);
#7642 = FACE_BOUND('',#7643,.T.);
#7643 = EDGE_LOOP('',(#7644,#7654,#7663,#7671));
#7644 = ORIENTED_EDGE('',*,*,#7645,.T.);
#7645 = EDGE_CURVE('',#7646,#7648,#7650,.T.);
#7646 = VERTEX_POINT('',#7647);
#7647 = CARTESIAN_POINT('',(83.515367030734,74.9301498603,0.));
#7648 = VERTEX_POINT('',#7649);
#7649 = CARTESIAN_POINT('',(83.515367030734,74.9301498603,    9.004318008636E-02));
#7650 = LINE('',#7651,#7652);
#7651 = CARTESIAN_POINT('',(83.515367030734,74.9301498603,0.));
#7652 = VECTOR('',#7653,1.);
#7653 = DIRECTION('',(0.,0.,1.));
#7654 = ORIENTED_EDGE('',*,*,#7655,.T.);
#7655 = EDGE_CURVE('',#7648,#7656,#7658,.T.);
#7656 = VERTEX_POINT('',#7657);
#7657 = CARTESIAN_POINT('',(82.60096520193,74.9301498603,    9.004318008636E-02));
#7658 = CIRCLE('',#7659,0.457200914402);
#7659 = AXIS2_PLACEMENT_3D('',#7660,#7661,#7662);
#7660 = CARTESIAN_POINT('',(83.058166116332,74.9301498603,    9.004318008636E-02));
#7661 = DIRECTION('',(0.,0.,1.));
#7662 = DIRECTION('',(1.,1.110223024625E-16,-0.));
#7663 = ORIENTED_EDGE('',*,*,#7664,.F.);
#7664 = EDGE_CURVE('',#7665,#7656,#7667,.T.);
#7665 = VERTEX_POINT('',#7666);
#7666 = CARTESIAN_POINT('',(82.60096520193,74.9301498603,0.));
#7667 = LINE('',#7668,#7669);
#7668 = CARTESIAN_POINT('',(82.60096520193,74.9301498603,0.));
#7669 = VECTOR('',#7670,1.);
#7670 = DIRECTION('',(0.,0.,1.));
#7671 = ORIENTED_EDGE('',*,*,#7672,.F.);
#7672 = EDGE_CURVE('',#7646,#7665,#7673,.T.);
#7673 = CIRCLE('',#7674,0.457200914402);
#7674 = AXIS2_PLACEMENT_3D('',#7675,#7676,#7677);
#7675 = CARTESIAN_POINT('',(83.058166116332,74.9301498603,0.));
#7676 = DIRECTION('',(0.,0.,1.));
#7677 = DIRECTION('',(1.,1.110223024625E-16,-0.));
#7678 = CYLINDRICAL_SURFACE('',#7679,0.457200914402);
#7679 = AXIS2_PLACEMENT_3D('',#7680,#7681,#7682);
#7680 = CARTESIAN_POINT('',(83.058166116332,74.9301498603,0.));
#7681 = DIRECTION('',(-0.,-0.,-1.));
#7682 = DIRECTION('',(1.,1.110223024625E-16,-0.));
#7683 = ADVANCED_FACE('',(#7684),#7702,.F.);
#7684 = FACE_BOUND('',#7685,.T.);
#7685 = EDGE_LOOP('',(#7686,#7687,#7694,#7695));
#7686 = ORIENTED_EDGE('',*,*,#7664,.T.);
#7687 = ORIENTED_EDGE('',*,*,#7688,.T.);
#7688 = EDGE_CURVE('',#7656,#7648,#7689,.T.);
#7689 = CIRCLE('',#7690,0.457200914402);
#7690 = AXIS2_PLACEMENT_3D('',#7691,#7692,#7693);
#7691 = CARTESIAN_POINT('',(83.058166116332,74.9301498603,    9.004318008636E-02));
#7692 = DIRECTION('',(0.,0.,1.));
#7693 = DIRECTION('',(-1.,-1.110223024625E-16,0.));
#7694 = ORIENTED_EDGE('',*,*,#7645,.F.);
#7695 = ORIENTED_EDGE('',*,*,#7696,.F.);
#7696 = EDGE_CURVE('',#7665,#7646,#7697,.T.);
#7697 = CIRCLE('',#7698,0.457200914402);
#7698 = AXIS2_PLACEMENT_3D('',#7699,#7700,#7701);
#7699 = CARTESIAN_POINT('',(83.058166116332,74.9301498603,0.));
#7700 = DIRECTION('',(0.,0.,1.));
#7701 = DIRECTION('',(-1.,-1.110223024625E-16,0.));
#7702 = CYLINDRICAL_SURFACE('',#7703,0.457200914402);
#7703 = AXIS2_PLACEMENT_3D('',#7704,#7705,#7706);
#7704 = CARTESIAN_POINT('',(83.058166116332,74.9301498603,0.));
#7705 = DIRECTION('',(-0.,-0.,-1.));
#7706 = DIRECTION('',(-1.,-1.110223024625E-16,0.));
#7707 = ADVANCED_FACE('',(#7708),#7744,.F.);
#7708 = FACE_BOUND('',#7709,.T.);
#7709 = EDGE_LOOP('',(#7710,#7720,#7729,#7737));
#7710 = ORIENTED_EDGE('',*,*,#7711,.T.);
#7711 = EDGE_CURVE('',#7712,#7714,#7716,.T.);
#7712 = VERTEX_POINT('',#7713);
#7713 = CARTESIAN_POINT('',(83.515367030734,72.39014478029,0.));
#7714 = VERTEX_POINT('',#7715);
#7715 = CARTESIAN_POINT('',(83.515367030734,72.39014478029,    9.004318008636E-02));
#7716 = LINE('',#7717,#7718);
#7717 = CARTESIAN_POINT('',(83.515367030734,72.39014478029,0.));
#7718 = VECTOR('',#7719,1.);
#7719 = DIRECTION('',(0.,0.,1.));
#7720 = ORIENTED_EDGE('',*,*,#7721,.T.);
#7721 = EDGE_CURVE('',#7714,#7722,#7724,.T.);
#7722 = VERTEX_POINT('',#7723);
#7723 = CARTESIAN_POINT('',(82.60096520193,72.39014478029,    9.004318008636E-02));
#7724 = CIRCLE('',#7725,0.457200914402);
#7725 = AXIS2_PLACEMENT_3D('',#7726,#7727,#7728);
#7726 = CARTESIAN_POINT('',(83.058166116332,72.39014478029,    9.004318008636E-02));
#7727 = DIRECTION('',(0.,0.,1.));
#7728 = DIRECTION('',(1.,1.110223024625E-16,-0.));
#7729 = ORIENTED_EDGE('',*,*,#7730,.F.);
#7730 = EDGE_CURVE('',#7731,#7722,#7733,.T.);
#7731 = VERTEX_POINT('',#7732);
#7732 = CARTESIAN_POINT('',(82.60096520193,72.39014478029,0.));
#7733 = LINE('',#7734,#7735);
#7734 = CARTESIAN_POINT('',(82.60096520193,72.39014478029,0.));
#7735 = VECTOR('',#7736,1.);
#7736 = DIRECTION('',(0.,0.,1.));
#7737 = ORIENTED_EDGE('',*,*,#7738,.F.);
#7738 = EDGE_CURVE('',#7712,#7731,#7739,.T.);
#7739 = CIRCLE('',#7740,0.457200914402);
#7740 = AXIS2_PLACEMENT_3D('',#7741,#7742,#7743);
#7741 = CARTESIAN_POINT('',(83.058166116332,72.39014478029,0.));
#7742 = DIRECTION('',(0.,0.,1.));
#7743 = DIRECTION('',(1.,1.110223024625E-16,-0.));
#7744 = CYLINDRICAL_SURFACE('',#7745,0.457200914402);
#7745 = AXIS2_PLACEMENT_3D('',#7746,#7747,#7748);
#7746 = CARTESIAN_POINT('',(83.058166116332,72.39014478029,0.));
#7747 = DIRECTION('',(-0.,-0.,-1.));
#7748 = DIRECTION('',(1.,1.110223024625E-16,-0.));
#7749 = ADVANCED_FACE('',(#7750),#7768,.F.);
#7750 = FACE_BOUND('',#7751,.T.);
#7751 = EDGE_LOOP('',(#7752,#7753,#7760,#7761));
#7752 = ORIENTED_EDGE('',*,*,#7730,.T.);
#7753 = ORIENTED_EDGE('',*,*,#7754,.T.);
#7754 = EDGE_CURVE('',#7722,#7714,#7755,.T.);
#7755 = CIRCLE('',#7756,0.457200914402);
#7756 = AXIS2_PLACEMENT_3D('',#7757,#7758,#7759);
#7757 = CARTESIAN_POINT('',(83.058166116332,72.39014478029,    9.004318008636E-02));
#7758 = DIRECTION('',(0.,0.,1.));
#7759 = DIRECTION('',(-1.,-1.110223024625E-16,0.));
#7760 = ORIENTED_EDGE('',*,*,#7711,.F.);
#7761 = ORIENTED_EDGE('',*,*,#7762,.F.);
#7762 = EDGE_CURVE('',#7731,#7712,#7763,.T.);
#7763 = CIRCLE('',#7764,0.457200914402);
#7764 = AXIS2_PLACEMENT_3D('',#7765,#7766,#7767);
#7765 = CARTESIAN_POINT('',(83.058166116332,72.39014478029,0.));
#7766 = DIRECTION('',(0.,0.,1.));
#7767 = DIRECTION('',(-1.,-1.110223024625E-16,0.));
#7768 = CYLINDRICAL_SURFACE('',#7769,0.457200914402);
#7769 = AXIS2_PLACEMENT_3D('',#7770,#7771,#7772);
#7770 = CARTESIAN_POINT('',(83.058166116332,72.39014478029,0.));
#7771 = DIRECTION('',(-0.,-0.,-1.));
#7772 = DIRECTION('',(-1.,-1.110223024625E-16,0.));
#7773 = ADVANCED_FACE('',(#7774),#7810,.F.);
#7774 = FACE_BOUND('',#7775,.T.);
#7775 = EDGE_LOOP('',(#7776,#7786,#7795,#7803));
#7776 = ORIENTED_EDGE('',*,*,#7777,.T.);
#7777 = EDGE_CURVE('',#7778,#7780,#7782,.T.);
#7778 = VERTEX_POINT('',#7779);
#7779 = CARTESIAN_POINT('',(86.96316992634,85.471170942342,0.));
#7780 = VERTEX_POINT('',#7781);
#7781 = CARTESIAN_POINT('',(86.96316992634,85.471170942342,    9.004318008636E-02));
#7782 = LINE('',#7783,#7784);
#7783 = CARTESIAN_POINT('',(86.96316992634,85.471170942342,0.));
#7784 = VECTOR('',#7785,1.);
#7785 = DIRECTION('',(0.,0.,1.));
#7786 = ORIENTED_EDGE('',*,*,#7787,.T.);
#7787 = EDGE_CURVE('',#7780,#7788,#7790,.T.);
#7788 = VERTEX_POINT('',#7789);
#7789 = CARTESIAN_POINT('',(82.96316992634,85.471170942342,    9.004318008636E-02));
#7790 = CIRCLE('',#7791,2.);
#7791 = AXIS2_PLACEMENT_3D('',#7792,#7793,#7794);
#7792 = CARTESIAN_POINT('',(84.96316992634,85.471170942342,    9.004318008636E-02));
#7793 = DIRECTION('',(0.,0.,1.));
#7794 = DIRECTION('',(1.,1.110223024625E-16,-0.));
#7795 = ORIENTED_EDGE('',*,*,#7796,.F.);
#7796 = EDGE_CURVE('',#7797,#7788,#7799,.T.);
#7797 = VERTEX_POINT('',#7798);
#7798 = CARTESIAN_POINT('',(82.96316992634,85.471170942342,0.));
#7799 = LINE('',#7800,#7801);
#7800 = CARTESIAN_POINT('',(82.96316992634,85.471170942342,0.));
#7801 = VECTOR('',#7802,1.);
#7802 = DIRECTION('',(0.,0.,1.));
#7803 = ORIENTED_EDGE('',*,*,#7804,.F.);
#7804 = EDGE_CURVE('',#7778,#7797,#7805,.T.);
#7805 = CIRCLE('',#7806,2.);
#7806 = AXIS2_PLACEMENT_3D('',#7807,#7808,#7809);
#7807 = CARTESIAN_POINT('',(84.96316992634,85.471170942342,0.));
#7808 = DIRECTION('',(0.,0.,1.));
#7809 = DIRECTION('',(1.,1.110223024625E-16,-0.));
#7810 = CYLINDRICAL_SURFACE('',#7811,2.);
#7811 = AXIS2_PLACEMENT_3D('',#7812,#7813,#7814);
#7812 = CARTESIAN_POINT('',(84.96316992634,85.471170942342,0.));
#7813 = DIRECTION('',(-0.,-0.,-1.));
#7814 = DIRECTION('',(1.,1.110223024625E-16,-0.));
#7815 = ADVANCED_FACE('',(#7816),#7834,.F.);
#7816 = FACE_BOUND('',#7817,.T.);
#7817 = EDGE_LOOP('',(#7818,#7819,#7826,#7827));
#7818 = ORIENTED_EDGE('',*,*,#7796,.T.);
#7819 = ORIENTED_EDGE('',*,*,#7820,.T.);
#7820 = EDGE_CURVE('',#7788,#7780,#7821,.T.);
#7821 = CIRCLE('',#7822,2.);
#7822 = AXIS2_PLACEMENT_3D('',#7823,#7824,#7825);
#7823 = CARTESIAN_POINT('',(84.96316992634,85.471170942342,    9.004318008636E-02));
#7824 = DIRECTION('',(0.,0.,1.));
#7825 = DIRECTION('',(-1.,-1.110223024625E-16,0.));
#7826 = ORIENTED_EDGE('',*,*,#7777,.F.);
#7827 = ORIENTED_EDGE('',*,*,#7828,.F.);
#7828 = EDGE_CURVE('',#7797,#7778,#7829,.T.);
#7829 = CIRCLE('',#7830,2.);
#7830 = AXIS2_PLACEMENT_3D('',#7831,#7832,#7833);
#7831 = CARTESIAN_POINT('',(84.96316992634,85.471170942342,0.));
#7832 = DIRECTION('',(0.,0.,1.));
#7833 = DIRECTION('',(-1.,-1.110223024625E-16,0.));
#7834 = CYLINDRICAL_SURFACE('',#7835,2.);
#7835 = AXIS2_PLACEMENT_3D('',#7836,#7837,#7838);
#7836 = CARTESIAN_POINT('',(84.96316992634,85.471170942342,0.));
#7837 = DIRECTION('',(-0.,-0.,-1.));
#7838 = DIRECTION('',(-1.,-1.110223024625E-16,0.));
#7839 = ADVANCED_FACE('',(#7840),#7876,.F.);
#7840 = FACE_BOUND('',#7841,.T.);
#7841 = EDGE_LOOP('',(#7842,#7852,#7861,#7869));
#7842 = ORIENTED_EDGE('',*,*,#7843,.T.);
#7843 = EDGE_CURVE('',#7844,#7846,#7848,.T.);
#7844 = VERTEX_POINT('',#7845);
#7845 = CARTESIAN_POINT('',(87.018983235967,18.489995427991,0.));
#7846 = VERTEX_POINT('',#7847);
#7847 = CARTESIAN_POINT('',(87.018983235967,18.489995427991,    9.004318008636E-02));
#7848 = LINE('',#7849,#7850);
#7849 = CARTESIAN_POINT('',(87.018983235967,18.489995427991,0.));
#7850 = VECTOR('',#7851,1.);
#7851 = DIRECTION('',(0.,0.,1.));
#7852 = ORIENTED_EDGE('',*,*,#7853,.T.);
#7853 = EDGE_CURVE('',#7846,#7854,#7856,.T.);
#7854 = VERTEX_POINT('',#7855);
#7855 = CARTESIAN_POINT('',(83.018983235967,18.489995427991,    9.004318008636E-02));
#7856 = CIRCLE('',#7857,2.);
#7857 = AXIS2_PLACEMENT_3D('',#7858,#7859,#7860);
#7858 = CARTESIAN_POINT('',(85.018983235967,18.489995427991,    9.004318008636E-02));
#7859 = DIRECTION('',(0.,0.,1.));
#7860 = DIRECTION('',(1.,1.110223024625E-16,-0.));
#7861 = ORIENTED_EDGE('',*,*,#7862,.F.);
#7862 = EDGE_CURVE('',#7863,#7854,#7865,.T.);
#7863 = VERTEX_POINT('',#7864);
#7864 = CARTESIAN_POINT('',(83.018983235967,18.489995427991,0.));
#7865 = LINE('',#7866,#7867);
#7866 = CARTESIAN_POINT('',(83.018983235967,18.489995427991,0.));
#7867 = VECTOR('',#7868,1.);
#7868 = DIRECTION('',(0.,0.,1.));
#7869 = ORIENTED_EDGE('',*,*,#7870,.F.);
#7870 = EDGE_CURVE('',#7844,#7863,#7871,.T.);
#7871 = CIRCLE('',#7872,2.);
#7872 = AXIS2_PLACEMENT_3D('',#7873,#7874,#7875);
#7873 = CARTESIAN_POINT('',(85.018983235967,18.489995427991,0.));
#7874 = DIRECTION('',(0.,0.,1.));
#7875 = DIRECTION('',(1.,1.110223024625E-16,-0.));
#7876 = CYLINDRICAL_SURFACE('',#7877,2.);
#7877 = AXIS2_PLACEMENT_3D('',#7878,#7879,#7880);
#7878 = CARTESIAN_POINT('',(85.018983235967,18.489995427991,0.));
#7879 = DIRECTION('',(-0.,-0.,-1.));
#7880 = DIRECTION('',(1.,1.110223024625E-16,-0.));
#7881 = ADVANCED_FACE('',(#7882),#7900,.F.);
#7882 = FACE_BOUND('',#7883,.T.);
#7883 = EDGE_LOOP('',(#7884,#7885,#7892,#7893));
#7884 = ORIENTED_EDGE('',*,*,#7862,.T.);
#7885 = ORIENTED_EDGE('',*,*,#7886,.T.);
#7886 = EDGE_CURVE('',#7854,#7846,#7887,.T.);
#7887 = CIRCLE('',#7888,2.);
#7888 = AXIS2_PLACEMENT_3D('',#7889,#7890,#7891);
#7889 = CARTESIAN_POINT('',(85.018983235967,18.489995427991,    9.004318008636E-02));
#7890 = DIRECTION('',(0.,0.,1.));
#7891 = DIRECTION('',(-1.,-1.110223024625E-16,0.));
#7892 = ORIENTED_EDGE('',*,*,#7843,.F.);
#7893 = ORIENTED_EDGE('',*,*,#7894,.F.);
#7894 = EDGE_CURVE('',#7863,#7844,#7895,.T.);
#7895 = CIRCLE('',#7896,2.);
#7896 = AXIS2_PLACEMENT_3D('',#7897,#7898,#7899);
#7897 = CARTESIAN_POINT('',(85.018983235967,18.489995427991,0.));
#7898 = DIRECTION('',(0.,0.,1.));
#7899 = DIRECTION('',(-1.,-1.110223024625E-16,0.));
#7900 = CYLINDRICAL_SURFACE('',#7901,2.);
#7901 = AXIS2_PLACEMENT_3D('',#7902,#7903,#7904);
#7902 = CARTESIAN_POINT('',(85.018983235967,18.489995427991,0.));
#7903 = DIRECTION('',(-0.,-0.,-1.));
#7904 = DIRECTION('',(-1.,-1.110223024625E-16,0.));
#7905 = ADVANCED_FACE('',(#7906,#7912,#7916,#7920,#7924,#7928,#7932,    #7936,#7940,#7944,#7948,#7952,#7956,#7960,#7964,#7968,#7972,#7976,    #7980,#7984,#7988,#7992,#7996,#8000,#8004,#8008,#8012,#8016,#8020,    #8024,#8028,#8032,#8036,#8040,#8044,#8048,#8052,#8056,#8060,#8064,    #8068,#8072,#8076,#8080,#8084,#8088,#8092,#8096,#8100,#8104,#8108,    #8112,#8116,#8120,#8124,#8128,#8132,#8136,#8140,#8144,#8148,#8152,    #8156,#8160,#8164,#8168,#8172,#8176,#8180,#8184,#8188,#8192,#8196,    #8200,#8204,#8208,#8212,#8216,#8220,#8224,#8228,#8232,#8236,#8240,    #8244,#8248,#8252,#8256,#8260,#8264,#8268,#8272,#8276,#8280,#8284,    #8288,#8292,#8296,#8300,#8304,#8308,#8312,#8316,#8320,#8324,#8328,    #8332,#8336,#8340,#8344,#8348,#8352,#8356,#8360,#8364,#8368,#8372,    #8376),#8380,.T.);
#7906 = FACE_BOUND('',#7907,.T.);
#7907 = EDGE_LOOP('',(#7908,#7909,#7910,#7911));
#7908 = ORIENTED_EDGE('',*,*,#89,.T.);
#7909 = ORIENTED_EDGE('',*,*,#120,.T.);
#7910 = ORIENTED_EDGE('',*,*,#151,.T.);
#7911 = ORIENTED_EDGE('',*,*,#173,.T.);
#7912 = FACE_BOUND('',#7913,.T.);
#7913 = EDGE_LOOP('',(#7914,#7915));
#7914 = ORIENTED_EDGE('',*,*,#214,.T.);
#7915 = ORIENTED_EDGE('',*,*,#238,.T.);
#7916 = FACE_BOUND('',#7917,.T.);
#7917 = EDGE_LOOP('',(#7918,#7919));
#7918 = ORIENTED_EDGE('',*,*,#280,.T.);
#7919 = ORIENTED_EDGE('',*,*,#304,.T.);
#7920 = FACE_BOUND('',#7921,.T.);
#7921 = EDGE_LOOP('',(#7922,#7923));
#7922 = ORIENTED_EDGE('',*,*,#346,.T.);
#7923 = ORIENTED_EDGE('',*,*,#370,.T.);
#7924 = FACE_BOUND('',#7925,.T.);
#7925 = EDGE_LOOP('',(#7926,#7927));
#7926 = ORIENTED_EDGE('',*,*,#412,.T.);
#7927 = ORIENTED_EDGE('',*,*,#436,.T.);
#7928 = FACE_BOUND('',#7929,.T.);
#7929 = EDGE_LOOP('',(#7930,#7931));
#7930 = ORIENTED_EDGE('',*,*,#478,.T.);
#7931 = ORIENTED_EDGE('',*,*,#502,.T.);
#7932 = FACE_BOUND('',#7933,.T.);
#7933 = EDGE_LOOP('',(#7934,#7935));
#7934 = ORIENTED_EDGE('',*,*,#544,.T.);
#7935 = ORIENTED_EDGE('',*,*,#568,.T.);
#7936 = FACE_BOUND('',#7937,.T.);
#7937 = EDGE_LOOP('',(#7938,#7939));
#7938 = ORIENTED_EDGE('',*,*,#610,.T.);
#7939 = ORIENTED_EDGE('',*,*,#634,.T.);
#7940 = FACE_BOUND('',#7941,.T.);
#7941 = EDGE_LOOP('',(#7942,#7943));
#7942 = ORIENTED_EDGE('',*,*,#676,.T.);
#7943 = ORIENTED_EDGE('',*,*,#700,.T.);
#7944 = FACE_BOUND('',#7945,.T.);
#7945 = EDGE_LOOP('',(#7946,#7947));
#7946 = ORIENTED_EDGE('',*,*,#742,.T.);
#7947 = ORIENTED_EDGE('',*,*,#766,.T.);
#7948 = FACE_BOUND('',#7949,.T.);
#7949 = EDGE_LOOP('',(#7950,#7951));
#7950 = ORIENTED_EDGE('',*,*,#808,.T.);
#7951 = ORIENTED_EDGE('',*,*,#832,.T.);
#7952 = FACE_BOUND('',#7953,.T.);
#7953 = EDGE_LOOP('',(#7954,#7955));
#7954 = ORIENTED_EDGE('',*,*,#874,.T.);
#7955 = ORIENTED_EDGE('',*,*,#898,.T.);
#7956 = FACE_BOUND('',#7957,.T.);
#7957 = EDGE_LOOP('',(#7958,#7959));
#7958 = ORIENTED_EDGE('',*,*,#940,.T.);
#7959 = ORIENTED_EDGE('',*,*,#964,.T.);
#7960 = FACE_BOUND('',#7961,.T.);
#7961 = EDGE_LOOP('',(#7962,#7963));
#7962 = ORIENTED_EDGE('',*,*,#1006,.T.);
#7963 = ORIENTED_EDGE('',*,*,#1030,.T.);
#7964 = FACE_BOUND('',#7965,.T.);
#7965 = EDGE_LOOP('',(#7966,#7967));
#7966 = ORIENTED_EDGE('',*,*,#1072,.T.);
#7967 = ORIENTED_EDGE('',*,*,#1096,.T.);
#7968 = FACE_BOUND('',#7969,.T.);
#7969 = EDGE_LOOP('',(#7970,#7971));
#7970 = ORIENTED_EDGE('',*,*,#1138,.T.);
#7971 = ORIENTED_EDGE('',*,*,#1162,.T.);
#7972 = FACE_BOUND('',#7973,.T.);
#7973 = EDGE_LOOP('',(#7974,#7975));
#7974 = ORIENTED_EDGE('',*,*,#1204,.T.);
#7975 = ORIENTED_EDGE('',*,*,#1228,.T.);
#7976 = FACE_BOUND('',#7977,.T.);
#7977 = EDGE_LOOP('',(#7978,#7979));
#7978 = ORIENTED_EDGE('',*,*,#1270,.T.);
#7979 = ORIENTED_EDGE('',*,*,#1294,.T.);
#7980 = FACE_BOUND('',#7981,.T.);
#7981 = EDGE_LOOP('',(#7982,#7983));
#7982 = ORIENTED_EDGE('',*,*,#1336,.T.);
#7983 = ORIENTED_EDGE('',*,*,#1360,.T.);
#7984 = FACE_BOUND('',#7985,.T.);
#7985 = EDGE_LOOP('',(#7986,#7987));
#7986 = ORIENTED_EDGE('',*,*,#1402,.T.);
#7987 = ORIENTED_EDGE('',*,*,#1426,.T.);
#7988 = FACE_BOUND('',#7989,.T.);
#7989 = EDGE_LOOP('',(#7990,#7991));
#7990 = ORIENTED_EDGE('',*,*,#1468,.T.);
#7991 = ORIENTED_EDGE('',*,*,#1492,.T.);
#7992 = FACE_BOUND('',#7993,.T.);
#7993 = EDGE_LOOP('',(#7994,#7995));
#7994 = ORIENTED_EDGE('',*,*,#1534,.T.);
#7995 = ORIENTED_EDGE('',*,*,#1558,.T.);
#7996 = FACE_BOUND('',#7997,.T.);
#7997 = EDGE_LOOP('',(#7998,#7999));
#7998 = ORIENTED_EDGE('',*,*,#1600,.T.);
#7999 = ORIENTED_EDGE('',*,*,#1624,.T.);
#8000 = FACE_BOUND('',#8001,.T.);
#8001 = EDGE_LOOP('',(#8002,#8003));
#8002 = ORIENTED_EDGE('',*,*,#1666,.T.);
#8003 = ORIENTED_EDGE('',*,*,#1690,.T.);
#8004 = FACE_BOUND('',#8005,.T.);
#8005 = EDGE_LOOP('',(#8006,#8007));
#8006 = ORIENTED_EDGE('',*,*,#1732,.T.);
#8007 = ORIENTED_EDGE('',*,*,#1756,.T.);
#8008 = FACE_BOUND('',#8009,.T.);
#8009 = EDGE_LOOP('',(#8010,#8011));
#8010 = ORIENTED_EDGE('',*,*,#1798,.T.);
#8011 = ORIENTED_EDGE('',*,*,#1822,.T.);
#8012 = FACE_BOUND('',#8013,.T.);
#8013 = EDGE_LOOP('',(#8014,#8015));
#8014 = ORIENTED_EDGE('',*,*,#1864,.T.);
#8015 = ORIENTED_EDGE('',*,*,#1888,.T.);
#8016 = FACE_BOUND('',#8017,.T.);
#8017 = EDGE_LOOP('',(#8018,#8019));
#8018 = ORIENTED_EDGE('',*,*,#1930,.T.);
#8019 = ORIENTED_EDGE('',*,*,#1954,.T.);
#8020 = FACE_BOUND('',#8021,.T.);
#8021 = EDGE_LOOP('',(#8022,#8023));
#8022 = ORIENTED_EDGE('',*,*,#1996,.T.);
#8023 = ORIENTED_EDGE('',*,*,#2020,.T.);
#8024 = FACE_BOUND('',#8025,.T.);
#8025 = EDGE_LOOP('',(#8026,#8027));
#8026 = ORIENTED_EDGE('',*,*,#2062,.T.);
#8027 = ORIENTED_EDGE('',*,*,#2086,.T.);
#8028 = FACE_BOUND('',#8029,.T.);
#8029 = EDGE_LOOP('',(#8030,#8031));
#8030 = ORIENTED_EDGE('',*,*,#2128,.T.);
#8031 = ORIENTED_EDGE('',*,*,#2152,.T.);
#8032 = FACE_BOUND('',#8033,.T.);
#8033 = EDGE_LOOP('',(#8034,#8035));
#8034 = ORIENTED_EDGE('',*,*,#2194,.T.);
#8035 = ORIENTED_EDGE('',*,*,#2218,.T.);
#8036 = FACE_BOUND('',#8037,.T.);
#8037 = EDGE_LOOP('',(#8038,#8039));
#8038 = ORIENTED_EDGE('',*,*,#2260,.T.);
#8039 = ORIENTED_EDGE('',*,*,#2284,.T.);
#8040 = FACE_BOUND('',#8041,.T.);
#8041 = EDGE_LOOP('',(#8042,#8043));
#8042 = ORIENTED_EDGE('',*,*,#2326,.T.);
#8043 = ORIENTED_EDGE('',*,*,#2350,.T.);
#8044 = FACE_BOUND('',#8045,.T.);
#8045 = EDGE_LOOP('',(#8046,#8047));
#8046 = ORIENTED_EDGE('',*,*,#2392,.T.);
#8047 = ORIENTED_EDGE('',*,*,#2416,.T.);
#8048 = FACE_BOUND('',#8049,.T.);
#8049 = EDGE_LOOP('',(#8050,#8051));
#8050 = ORIENTED_EDGE('',*,*,#2458,.T.);
#8051 = ORIENTED_EDGE('',*,*,#2482,.T.);
#8052 = FACE_BOUND('',#8053,.T.);
#8053 = EDGE_LOOP('',(#8054,#8055));
#8054 = ORIENTED_EDGE('',*,*,#2524,.T.);
#8055 = ORIENTED_EDGE('',*,*,#2548,.T.);
#8056 = FACE_BOUND('',#8057,.T.);
#8057 = EDGE_LOOP('',(#8058,#8059));
#8058 = ORIENTED_EDGE('',*,*,#2590,.T.);
#8059 = ORIENTED_EDGE('',*,*,#2614,.T.);
#8060 = FACE_BOUND('',#8061,.T.);
#8061 = EDGE_LOOP('',(#8062,#8063));
#8062 = ORIENTED_EDGE('',*,*,#2656,.T.);
#8063 = ORIENTED_EDGE('',*,*,#2680,.T.);
#8064 = FACE_BOUND('',#8065,.T.);
#8065 = EDGE_LOOP('',(#8066,#8067));
#8066 = ORIENTED_EDGE('',*,*,#2722,.T.);
#8067 = ORIENTED_EDGE('',*,*,#2746,.T.);
#8068 = FACE_BOUND('',#8069,.T.);
#8069 = EDGE_LOOP('',(#8070,#8071));
#8070 = ORIENTED_EDGE('',*,*,#2788,.T.);
#8071 = ORIENTED_EDGE('',*,*,#2812,.T.);
#8072 = FACE_BOUND('',#8073,.T.);
#8073 = EDGE_LOOP('',(#8074,#8075));
#8074 = ORIENTED_EDGE('',*,*,#2854,.T.);
#8075 = ORIENTED_EDGE('',*,*,#2878,.T.);
#8076 = FACE_BOUND('',#8077,.T.);
#8077 = EDGE_LOOP('',(#8078,#8079));
#8078 = ORIENTED_EDGE('',*,*,#2920,.T.);
#8079 = ORIENTED_EDGE('',*,*,#2944,.T.);
#8080 = FACE_BOUND('',#8081,.T.);
#8081 = EDGE_LOOP('',(#8082,#8083));
#8082 = ORIENTED_EDGE('',*,*,#2986,.T.);
#8083 = ORIENTED_EDGE('',*,*,#3010,.T.);
#8084 = FACE_BOUND('',#8085,.T.);
#8085 = EDGE_LOOP('',(#8086,#8087));
#8086 = ORIENTED_EDGE('',*,*,#3052,.T.);
#8087 = ORIENTED_EDGE('',*,*,#3076,.T.);
#8088 = FACE_BOUND('',#8089,.T.);
#8089 = EDGE_LOOP('',(#8090,#8091));
#8090 = ORIENTED_EDGE('',*,*,#3118,.T.);
#8091 = ORIENTED_EDGE('',*,*,#3142,.T.);
#8092 = FACE_BOUND('',#8093,.T.);
#8093 = EDGE_LOOP('',(#8094,#8095));
#8094 = ORIENTED_EDGE('',*,*,#3184,.T.);
#8095 = ORIENTED_EDGE('',*,*,#3208,.T.);
#8096 = FACE_BOUND('',#8097,.T.);
#8097 = EDGE_LOOP('',(#8098,#8099));
#8098 = ORIENTED_EDGE('',*,*,#3250,.T.);
#8099 = ORIENTED_EDGE('',*,*,#3274,.T.);
#8100 = FACE_BOUND('',#8101,.T.);
#8101 = EDGE_LOOP('',(#8102,#8103));
#8102 = ORIENTED_EDGE('',*,*,#3316,.T.);
#8103 = ORIENTED_EDGE('',*,*,#3340,.T.);
#8104 = FACE_BOUND('',#8105,.T.);
#8105 = EDGE_LOOP('',(#8106,#8107));
#8106 = ORIENTED_EDGE('',*,*,#3382,.T.);
#8107 = ORIENTED_EDGE('',*,*,#3406,.T.);
#8108 = FACE_BOUND('',#8109,.T.);
#8109 = EDGE_LOOP('',(#8110,#8111));
#8110 = ORIENTED_EDGE('',*,*,#3448,.T.);
#8111 = ORIENTED_EDGE('',*,*,#3472,.T.);
#8112 = FACE_BOUND('',#8113,.T.);
#8113 = EDGE_LOOP('',(#8114,#8115));
#8114 = ORIENTED_EDGE('',*,*,#3514,.T.);
#8115 = ORIENTED_EDGE('',*,*,#3538,.T.);
#8116 = FACE_BOUND('',#8117,.T.);
#8117 = EDGE_LOOP('',(#8118,#8119));
#8118 = ORIENTED_EDGE('',*,*,#3580,.T.);
#8119 = ORIENTED_EDGE('',*,*,#3604,.T.);
#8120 = FACE_BOUND('',#8121,.T.);
#8121 = EDGE_LOOP('',(#8122,#8123));
#8122 = ORIENTED_EDGE('',*,*,#3646,.T.);
#8123 = ORIENTED_EDGE('',*,*,#3670,.T.);
#8124 = FACE_BOUND('',#8125,.T.);
#8125 = EDGE_LOOP('',(#8126,#8127));
#8126 = ORIENTED_EDGE('',*,*,#3712,.T.);
#8127 = ORIENTED_EDGE('',*,*,#3736,.T.);
#8128 = FACE_BOUND('',#8129,.T.);
#8129 = EDGE_LOOP('',(#8130,#8131));
#8130 = ORIENTED_EDGE('',*,*,#3778,.T.);
#8131 = ORIENTED_EDGE('',*,*,#3802,.T.);
#8132 = FACE_BOUND('',#8133,.T.);
#8133 = EDGE_LOOP('',(#8134,#8135));
#8134 = ORIENTED_EDGE('',*,*,#3844,.T.);
#8135 = ORIENTED_EDGE('',*,*,#3868,.T.);
#8136 = FACE_BOUND('',#8137,.T.);
#8137 = EDGE_LOOP('',(#8138,#8139));
#8138 = ORIENTED_EDGE('',*,*,#3910,.T.);
#8139 = ORIENTED_EDGE('',*,*,#3934,.T.);
#8140 = FACE_BOUND('',#8141,.T.);
#8141 = EDGE_LOOP('',(#8142,#8143));
#8142 = ORIENTED_EDGE('',*,*,#3976,.T.);
#8143 = ORIENTED_EDGE('',*,*,#4000,.T.);
#8144 = FACE_BOUND('',#8145,.T.);
#8145 = EDGE_LOOP('',(#8146,#8147));
#8146 = ORIENTED_EDGE('',*,*,#4042,.T.);
#8147 = ORIENTED_EDGE('',*,*,#4066,.T.);
#8148 = FACE_BOUND('',#8149,.T.);
#8149 = EDGE_LOOP('',(#8150,#8151));
#8150 = ORIENTED_EDGE('',*,*,#4108,.T.);
#8151 = ORIENTED_EDGE('',*,*,#4132,.T.);
#8152 = FACE_BOUND('',#8153,.T.);
#8153 = EDGE_LOOP('',(#8154,#8155));
#8154 = ORIENTED_EDGE('',*,*,#4174,.T.);
#8155 = ORIENTED_EDGE('',*,*,#4198,.T.);
#8156 = FACE_BOUND('',#8157,.T.);
#8157 = EDGE_LOOP('',(#8158,#8159));
#8158 = ORIENTED_EDGE('',*,*,#4240,.T.);
#8159 = ORIENTED_EDGE('',*,*,#4264,.T.);
#8160 = FACE_BOUND('',#8161,.T.);
#8161 = EDGE_LOOP('',(#8162,#8163));
#8162 = ORIENTED_EDGE('',*,*,#4306,.T.);
#8163 = ORIENTED_EDGE('',*,*,#4330,.T.);
#8164 = FACE_BOUND('',#8165,.T.);
#8165 = EDGE_LOOP('',(#8166,#8167));
#8166 = ORIENTED_EDGE('',*,*,#4372,.T.);
#8167 = ORIENTED_EDGE('',*,*,#4396,.T.);
#8168 = FACE_BOUND('',#8169,.T.);
#8169 = EDGE_LOOP('',(#8170,#8171));
#8170 = ORIENTED_EDGE('',*,*,#4438,.T.);
#8171 = ORIENTED_EDGE('',*,*,#4462,.T.);
#8172 = FACE_BOUND('',#8173,.T.);
#8173 = EDGE_LOOP('',(#8174,#8175));
#8174 = ORIENTED_EDGE('',*,*,#4504,.T.);
#8175 = ORIENTED_EDGE('',*,*,#4528,.T.);
#8176 = FACE_BOUND('',#8177,.T.);
#8177 = EDGE_LOOP('',(#8178,#8179));
#8178 = ORIENTED_EDGE('',*,*,#4570,.T.);
#8179 = ORIENTED_EDGE('',*,*,#4594,.T.);
#8180 = FACE_BOUND('',#8181,.T.);
#8181 = EDGE_LOOP('',(#8182,#8183));
#8182 = ORIENTED_EDGE('',*,*,#4636,.T.);
#8183 = ORIENTED_EDGE('',*,*,#4660,.T.);
#8184 = FACE_BOUND('',#8185,.T.);
#8185 = EDGE_LOOP('',(#8186,#8187));
#8186 = ORIENTED_EDGE('',*,*,#4702,.T.);
#8187 = ORIENTED_EDGE('',*,*,#4726,.T.);
#8188 = FACE_BOUND('',#8189,.T.);
#8189 = EDGE_LOOP('',(#8190,#8191));
#8190 = ORIENTED_EDGE('',*,*,#4768,.T.);
#8191 = ORIENTED_EDGE('',*,*,#4792,.T.);
#8192 = FACE_BOUND('',#8193,.T.);
#8193 = EDGE_LOOP('',(#8194,#8195));
#8194 = ORIENTED_EDGE('',*,*,#4834,.T.);
#8195 = ORIENTED_EDGE('',*,*,#4858,.T.);
#8196 = FACE_BOUND('',#8197,.T.);
#8197 = EDGE_LOOP('',(#8198,#8199));
#8198 = ORIENTED_EDGE('',*,*,#4900,.T.);
#8199 = ORIENTED_EDGE('',*,*,#4924,.T.);
#8200 = FACE_BOUND('',#8201,.T.);
#8201 = EDGE_LOOP('',(#8202,#8203));
#8202 = ORIENTED_EDGE('',*,*,#4966,.T.);
#8203 = ORIENTED_EDGE('',*,*,#4990,.T.);
#8204 = FACE_BOUND('',#8205,.T.);
#8205 = EDGE_LOOP('',(#8206,#8207));
#8206 = ORIENTED_EDGE('',*,*,#5032,.T.);
#8207 = ORIENTED_EDGE('',*,*,#5056,.T.);
#8208 = FACE_BOUND('',#8209,.T.);
#8209 = EDGE_LOOP('',(#8210,#8211));
#8210 = ORIENTED_EDGE('',*,*,#5098,.T.);
#8211 = ORIENTED_EDGE('',*,*,#5122,.T.);
#8212 = FACE_BOUND('',#8213,.T.);
#8213 = EDGE_LOOP('',(#8214,#8215));
#8214 = ORIENTED_EDGE('',*,*,#5164,.T.);
#8215 = ORIENTED_EDGE('',*,*,#5188,.T.);
#8216 = FACE_BOUND('',#8217,.T.);
#8217 = EDGE_LOOP('',(#8218,#8219));
#8218 = ORIENTED_EDGE('',*,*,#5230,.T.);
#8219 = ORIENTED_EDGE('',*,*,#5254,.T.);
#8220 = FACE_BOUND('',#8221,.T.);
#8221 = EDGE_LOOP('',(#8222,#8223));
#8222 = ORIENTED_EDGE('',*,*,#5296,.T.);
#8223 = ORIENTED_EDGE('',*,*,#5320,.T.);
#8224 = FACE_BOUND('',#8225,.T.);
#8225 = EDGE_LOOP('',(#8226,#8227));
#8226 = ORIENTED_EDGE('',*,*,#5362,.T.);
#8227 = ORIENTED_EDGE('',*,*,#5386,.T.);
#8228 = FACE_BOUND('',#8229,.T.);
#8229 = EDGE_LOOP('',(#8230,#8231));
#8230 = ORIENTED_EDGE('',*,*,#5428,.T.);
#8231 = ORIENTED_EDGE('',*,*,#5452,.T.);
#8232 = FACE_BOUND('',#8233,.T.);
#8233 = EDGE_LOOP('',(#8234,#8235));
#8234 = ORIENTED_EDGE('',*,*,#5494,.T.);
#8235 = ORIENTED_EDGE('',*,*,#5518,.T.);
#8236 = FACE_BOUND('',#8237,.T.);
#8237 = EDGE_LOOP('',(#8238,#8239));
#8238 = ORIENTED_EDGE('',*,*,#5560,.T.);
#8239 = ORIENTED_EDGE('',*,*,#5584,.T.);
#8240 = FACE_BOUND('',#8241,.T.);
#8241 = EDGE_LOOP('',(#8242,#8243));
#8242 = ORIENTED_EDGE('',*,*,#5626,.T.);
#8243 = ORIENTED_EDGE('',*,*,#5650,.T.);
#8244 = FACE_BOUND('',#8245,.T.);
#8245 = EDGE_LOOP('',(#8246,#8247));
#8246 = ORIENTED_EDGE('',*,*,#5692,.T.);
#8247 = ORIENTED_EDGE('',*,*,#5716,.T.);
#8248 = FACE_BOUND('',#8249,.T.);
#8249 = EDGE_LOOP('',(#8250,#8251));
#8250 = ORIENTED_EDGE('',*,*,#5758,.T.);
#8251 = ORIENTED_EDGE('',*,*,#5782,.T.);
#8252 = FACE_BOUND('',#8253,.T.);
#8253 = EDGE_LOOP('',(#8254,#8255));
#8254 = ORIENTED_EDGE('',*,*,#5824,.T.);
#8255 = ORIENTED_EDGE('',*,*,#5848,.T.);
#8256 = FACE_BOUND('',#8257,.T.);
#8257 = EDGE_LOOP('',(#8258,#8259));
#8258 = ORIENTED_EDGE('',*,*,#5890,.T.);
#8259 = ORIENTED_EDGE('',*,*,#5914,.T.);
#8260 = FACE_BOUND('',#8261,.T.);
#8261 = EDGE_LOOP('',(#8262,#8263));
#8262 = ORIENTED_EDGE('',*,*,#5956,.T.);
#8263 = ORIENTED_EDGE('',*,*,#5980,.T.);
#8264 = FACE_BOUND('',#8265,.T.);
#8265 = EDGE_LOOP('',(#8266,#8267));
#8266 = ORIENTED_EDGE('',*,*,#6022,.T.);
#8267 = ORIENTED_EDGE('',*,*,#6046,.T.);
#8268 = FACE_BOUND('',#8269,.T.);
#8269 = EDGE_LOOP('',(#8270,#8271));
#8270 = ORIENTED_EDGE('',*,*,#6088,.T.);
#8271 = ORIENTED_EDGE('',*,*,#6112,.T.);
#8272 = FACE_BOUND('',#8273,.T.);
#8273 = EDGE_LOOP('',(#8274,#8275));
#8274 = ORIENTED_EDGE('',*,*,#6154,.T.);
#8275 = ORIENTED_EDGE('',*,*,#6178,.T.);
#8276 = FACE_BOUND('',#8277,.T.);
#8277 = EDGE_LOOP('',(#8278,#8279));
#8278 = ORIENTED_EDGE('',*,*,#6220,.T.);
#8279 = ORIENTED_EDGE('',*,*,#6244,.T.);
#8280 = FACE_BOUND('',#8281,.T.);
#8281 = EDGE_LOOP('',(#8282,#8283));
#8282 = ORIENTED_EDGE('',*,*,#6286,.T.);
#8283 = ORIENTED_EDGE('',*,*,#6310,.T.);
#8284 = FACE_BOUND('',#8285,.T.);
#8285 = EDGE_LOOP('',(#8286,#8287));
#8286 = ORIENTED_EDGE('',*,*,#6352,.T.);
#8287 = ORIENTED_EDGE('',*,*,#6376,.T.);
#8288 = FACE_BOUND('',#8289,.T.);
#8289 = EDGE_LOOP('',(#8290,#8291));
#8290 = ORIENTED_EDGE('',*,*,#6418,.T.);
#8291 = ORIENTED_EDGE('',*,*,#6442,.T.);
#8292 = FACE_BOUND('',#8293,.T.);
#8293 = EDGE_LOOP('',(#8294,#8295));
#8294 = ORIENTED_EDGE('',*,*,#6484,.T.);
#8295 = ORIENTED_EDGE('',*,*,#6508,.T.);
#8296 = FACE_BOUND('',#8297,.T.);
#8297 = EDGE_LOOP('',(#8298,#8299));
#8298 = ORIENTED_EDGE('',*,*,#6550,.T.);
#8299 = ORIENTED_EDGE('',*,*,#6574,.T.);
#8300 = FACE_BOUND('',#8301,.T.);
#8301 = EDGE_LOOP('',(#8302,#8303));
#8302 = ORIENTED_EDGE('',*,*,#6616,.T.);
#8303 = ORIENTED_EDGE('',*,*,#6640,.T.);
#8304 = FACE_BOUND('',#8305,.T.);
#8305 = EDGE_LOOP('',(#8306,#8307));
#8306 = ORIENTED_EDGE('',*,*,#6682,.T.);
#8307 = ORIENTED_EDGE('',*,*,#6706,.T.);
#8308 = FACE_BOUND('',#8309,.T.);
#8309 = EDGE_LOOP('',(#8310,#8311));
#8310 = ORIENTED_EDGE('',*,*,#6748,.T.);
#8311 = ORIENTED_EDGE('',*,*,#6772,.T.);
#8312 = FACE_BOUND('',#8313,.T.);
#8313 = EDGE_LOOP('',(#8314,#8315));
#8314 = ORIENTED_EDGE('',*,*,#6814,.T.);
#8315 = ORIENTED_EDGE('',*,*,#6838,.T.);
#8316 = FACE_BOUND('',#8317,.T.);
#8317 = EDGE_LOOP('',(#8318,#8319));
#8318 = ORIENTED_EDGE('',*,*,#6880,.T.);
#8319 = ORIENTED_EDGE('',*,*,#6904,.T.);
#8320 = FACE_BOUND('',#8321,.T.);
#8321 = EDGE_LOOP('',(#8322,#8323));
#8322 = ORIENTED_EDGE('',*,*,#6946,.T.);
#8323 = ORIENTED_EDGE('',*,*,#6970,.T.);
#8324 = FACE_BOUND('',#8325,.T.);
#8325 = EDGE_LOOP('',(#8326,#8327));
#8326 = ORIENTED_EDGE('',*,*,#7012,.T.);
#8327 = ORIENTED_EDGE('',*,*,#7036,.T.);
#8328 = FACE_BOUND('',#8329,.T.);
#8329 = EDGE_LOOP('',(#8330,#8331));
#8330 = ORIENTED_EDGE('',*,*,#7078,.T.);
#8331 = ORIENTED_EDGE('',*,*,#7102,.T.);
#8332 = FACE_BOUND('',#8333,.T.);
#8333 = EDGE_LOOP('',(#8334,#8335));
#8334 = ORIENTED_EDGE('',*,*,#7144,.T.);
#8335 = ORIENTED_EDGE('',*,*,#7168,.T.);
#8336 = FACE_BOUND('',#8337,.T.);
#8337 = EDGE_LOOP('',(#8338,#8339));
#8338 = ORIENTED_EDGE('',*,*,#7210,.T.);
#8339 = ORIENTED_EDGE('',*,*,#7234,.T.);
#8340 = FACE_BOUND('',#8341,.T.);
#8341 = EDGE_LOOP('',(#8342,#8343));
#8342 = ORIENTED_EDGE('',*,*,#7276,.T.);
#8343 = ORIENTED_EDGE('',*,*,#7300,.T.);
#8344 = FACE_BOUND('',#8345,.T.);
#8345 = EDGE_LOOP('',(#8346,#8347));
#8346 = ORIENTED_EDGE('',*,*,#7342,.T.);
#8347 = ORIENTED_EDGE('',*,*,#7366,.T.);
#8348 = FACE_BOUND('',#8349,.T.);
#8349 = EDGE_LOOP('',(#8350,#8351));
#8350 = ORIENTED_EDGE('',*,*,#7408,.T.);
#8351 = ORIENTED_EDGE('',*,*,#7432,.T.);
#8352 = FACE_BOUND('',#8353,.T.);
#8353 = EDGE_LOOP('',(#8354,#8355));
#8354 = ORIENTED_EDGE('',*,*,#7474,.T.);
#8355 = ORIENTED_EDGE('',*,*,#7498,.T.);
#8356 = FACE_BOUND('',#8357,.T.);
#8357 = EDGE_LOOP('',(#8358,#8359));
#8358 = ORIENTED_EDGE('',*,*,#7540,.T.);
#8359 = ORIENTED_EDGE('',*,*,#7564,.T.);
#8360 = FACE_BOUND('',#8361,.T.);
#8361 = EDGE_LOOP('',(#8362,#8363));
#8362 = ORIENTED_EDGE('',*,*,#7606,.T.);
#8363 = ORIENTED_EDGE('',*,*,#7630,.T.);
#8364 = FACE_BOUND('',#8365,.T.);
#8365 = EDGE_LOOP('',(#8366,#8367));
#8366 = ORIENTED_EDGE('',*,*,#7672,.T.);
#8367 = ORIENTED_EDGE('',*,*,#7696,.T.);
#8368 = FACE_BOUND('',#8369,.T.);
#8369 = EDGE_LOOP('',(#8370,#8371));
#8370 = ORIENTED_EDGE('',*,*,#7738,.T.);
#8371 = ORIENTED_EDGE('',*,*,#7762,.T.);
#8372 = FACE_BOUND('',#8373,.T.);
#8373 = EDGE_LOOP('',(#8374,#8375));
#8374 = ORIENTED_EDGE('',*,*,#7804,.T.);
#8375 = ORIENTED_EDGE('',*,*,#7828,.T.);
#8376 = FACE_BOUND('',#8377,.T.);
#8377 = EDGE_LOOP('',(#8378,#8379));
#8378 = ORIENTED_EDGE('',*,*,#7870,.T.);
#8379 = ORIENTED_EDGE('',*,*,#7894,.T.);
#8380 = PLANE('',#8381);
#8381 = AXIS2_PLACEMENT_3D('',#8382,#8383,#8384);
#8382 = CARTESIAN_POINT('',(42.511448385078,51.932796478437,0.));
#8383 = DIRECTION('',(-0.,-0.,-1.));
#8384 = DIRECTION('',(-1.,0.,0.));
#8385 = ADVANCED_FACE('',(#8386,#8392,#8396,#8400,#8404,#8408,#8412,    #8416,#8420,#8424,#8428,#8432,#8436,#8440,#8444,#8448,#8452,#8456,    #8460,#8464,#8468,#8472,#8476,#8480,#8484,#8488,#8492,#8496,#8500,    #8504,#8508,#8512,#8516,#8520,#8524,#8528,#8532,#8536,#8540,#8544,    #8548,#8552,#8556,#8560,#8564,#8568,#8572,#8576,#8580,#8584,#8588,    #8592,#8596,#8600,#8604,#8608,#8612,#8616,#8620,#8624,#8628,#8632,    #8636,#8640,#8644,#8648,#8652,#8656,#8660,#8664,#8668,#8672,#8676,    #8680,#8684,#8688,#8692,#8696,#8700,#8704,#8708,#8712,#8716,#8720,    #8724,#8728,#8732,#8736,#8740,#8744,#8748,#8752,#8756,#8760,#8764,    #8768,#8772,#8776,#8780,#8784,#8788,#8792,#8796,#8800,#8804,#8808,    #8812,#8816,#8820,#8824,#8828,#8832,#8836,#8840,#8844,#8848,#8852,    #8856),#8860,.F.);
#8386 = FACE_BOUND('',#8387,.F.);
#8387 = EDGE_LOOP('',(#8388,#8389,#8390,#8391));
#8388 = ORIENTED_EDGE('',*,*,#73,.T.);
#8389 = ORIENTED_EDGE('',*,*,#104,.T.);
#8390 = ORIENTED_EDGE('',*,*,#135,.T.);
#8391 = ORIENTED_EDGE('',*,*,#166,.T.);
#8392 = FACE_BOUND('',#8393,.F.);
#8393 = EDGE_LOOP('',(#8394,#8395));
#8394 = ORIENTED_EDGE('',*,*,#197,.T.);
#8395 = ORIENTED_EDGE('',*,*,#230,.T.);
#8396 = FACE_BOUND('',#8397,.F.);
#8397 = EDGE_LOOP('',(#8398,#8399));
#8398 = ORIENTED_EDGE('',*,*,#263,.T.);
#8399 = ORIENTED_EDGE('',*,*,#296,.T.);
#8400 = FACE_BOUND('',#8401,.F.);
#8401 = EDGE_LOOP('',(#8402,#8403));
#8402 = ORIENTED_EDGE('',*,*,#329,.T.);
#8403 = ORIENTED_EDGE('',*,*,#362,.T.);
#8404 = FACE_BOUND('',#8405,.F.);
#8405 = EDGE_LOOP('',(#8406,#8407));
#8406 = ORIENTED_EDGE('',*,*,#395,.T.);
#8407 = ORIENTED_EDGE('',*,*,#428,.T.);
#8408 = FACE_BOUND('',#8409,.F.);
#8409 = EDGE_LOOP('',(#8410,#8411));
#8410 = ORIENTED_EDGE('',*,*,#461,.T.);
#8411 = ORIENTED_EDGE('',*,*,#494,.T.);
#8412 = FACE_BOUND('',#8413,.F.);
#8413 = EDGE_LOOP('',(#8414,#8415));
#8414 = ORIENTED_EDGE('',*,*,#527,.T.);
#8415 = ORIENTED_EDGE('',*,*,#560,.T.);
#8416 = FACE_BOUND('',#8417,.F.);
#8417 = EDGE_LOOP('',(#8418,#8419));
#8418 = ORIENTED_EDGE('',*,*,#593,.T.);
#8419 = ORIENTED_EDGE('',*,*,#626,.T.);
#8420 = FACE_BOUND('',#8421,.F.);
#8421 = EDGE_LOOP('',(#8422,#8423));
#8422 = ORIENTED_EDGE('',*,*,#659,.T.);
#8423 = ORIENTED_EDGE('',*,*,#692,.T.);
#8424 = FACE_BOUND('',#8425,.F.);
#8425 = EDGE_LOOP('',(#8426,#8427));
#8426 = ORIENTED_EDGE('',*,*,#725,.T.);
#8427 = ORIENTED_EDGE('',*,*,#758,.T.);
#8428 = FACE_BOUND('',#8429,.F.);
#8429 = EDGE_LOOP('',(#8430,#8431));
#8430 = ORIENTED_EDGE('',*,*,#791,.T.);
#8431 = ORIENTED_EDGE('',*,*,#824,.T.);
#8432 = FACE_BOUND('',#8433,.F.);
#8433 = EDGE_LOOP('',(#8434,#8435));
#8434 = ORIENTED_EDGE('',*,*,#857,.T.);
#8435 = ORIENTED_EDGE('',*,*,#890,.T.);
#8436 = FACE_BOUND('',#8437,.F.);
#8437 = EDGE_LOOP('',(#8438,#8439));
#8438 = ORIENTED_EDGE('',*,*,#923,.T.);
#8439 = ORIENTED_EDGE('',*,*,#956,.T.);
#8440 = FACE_BOUND('',#8441,.F.);
#8441 = EDGE_LOOP('',(#8442,#8443));
#8442 = ORIENTED_EDGE('',*,*,#989,.T.);
#8443 = ORIENTED_EDGE('',*,*,#1022,.T.);
#8444 = FACE_BOUND('',#8445,.F.);
#8445 = EDGE_LOOP('',(#8446,#8447));
#8446 = ORIENTED_EDGE('',*,*,#1055,.T.);
#8447 = ORIENTED_EDGE('',*,*,#1088,.T.);
#8448 = FACE_BOUND('',#8449,.F.);
#8449 = EDGE_LOOP('',(#8450,#8451));
#8450 = ORIENTED_EDGE('',*,*,#1121,.T.);
#8451 = ORIENTED_EDGE('',*,*,#1154,.T.);
#8452 = FACE_BOUND('',#8453,.F.);
#8453 = EDGE_LOOP('',(#8454,#8455));
#8454 = ORIENTED_EDGE('',*,*,#1187,.T.);
#8455 = ORIENTED_EDGE('',*,*,#1220,.T.);
#8456 = FACE_BOUND('',#8457,.F.);
#8457 = EDGE_LOOP('',(#8458,#8459));
#8458 = ORIENTED_EDGE('',*,*,#1253,.T.);
#8459 = ORIENTED_EDGE('',*,*,#1286,.T.);
#8460 = FACE_BOUND('',#8461,.F.);
#8461 = EDGE_LOOP('',(#8462,#8463));
#8462 = ORIENTED_EDGE('',*,*,#1319,.T.);
#8463 = ORIENTED_EDGE('',*,*,#1352,.T.);
#8464 = FACE_BOUND('',#8465,.F.);
#8465 = EDGE_LOOP('',(#8466,#8467));
#8466 = ORIENTED_EDGE('',*,*,#1385,.T.);
#8467 = ORIENTED_EDGE('',*,*,#1418,.T.);
#8468 = FACE_BOUND('',#8469,.F.);
#8469 = EDGE_LOOP('',(#8470,#8471));
#8470 = ORIENTED_EDGE('',*,*,#1451,.T.);
#8471 = ORIENTED_EDGE('',*,*,#1484,.T.);
#8472 = FACE_BOUND('',#8473,.F.);
#8473 = EDGE_LOOP('',(#8474,#8475));
#8474 = ORIENTED_EDGE('',*,*,#1517,.T.);
#8475 = ORIENTED_EDGE('',*,*,#1550,.T.);
#8476 = FACE_BOUND('',#8477,.F.);
#8477 = EDGE_LOOP('',(#8478,#8479));
#8478 = ORIENTED_EDGE('',*,*,#1583,.T.);
#8479 = ORIENTED_EDGE('',*,*,#1616,.T.);
#8480 = FACE_BOUND('',#8481,.F.);
#8481 = EDGE_LOOP('',(#8482,#8483));
#8482 = ORIENTED_EDGE('',*,*,#1649,.T.);
#8483 = ORIENTED_EDGE('',*,*,#1682,.T.);
#8484 = FACE_BOUND('',#8485,.F.);
#8485 = EDGE_LOOP('',(#8486,#8487));
#8486 = ORIENTED_EDGE('',*,*,#1715,.T.);
#8487 = ORIENTED_EDGE('',*,*,#1748,.T.);
#8488 = FACE_BOUND('',#8489,.F.);
#8489 = EDGE_LOOP('',(#8490,#8491));
#8490 = ORIENTED_EDGE('',*,*,#1781,.T.);
#8491 = ORIENTED_EDGE('',*,*,#1814,.T.);
#8492 = FACE_BOUND('',#8493,.F.);
#8493 = EDGE_LOOP('',(#8494,#8495));
#8494 = ORIENTED_EDGE('',*,*,#1847,.T.);
#8495 = ORIENTED_EDGE('',*,*,#1880,.T.);
#8496 = FACE_BOUND('',#8497,.F.);
#8497 = EDGE_LOOP('',(#8498,#8499));
#8498 = ORIENTED_EDGE('',*,*,#1913,.T.);
#8499 = ORIENTED_EDGE('',*,*,#1946,.T.);
#8500 = FACE_BOUND('',#8501,.F.);
#8501 = EDGE_LOOP('',(#8502,#8503));
#8502 = ORIENTED_EDGE('',*,*,#1979,.T.);
#8503 = ORIENTED_EDGE('',*,*,#2012,.T.);
#8504 = FACE_BOUND('',#8505,.F.);
#8505 = EDGE_LOOP('',(#8506,#8507));
#8506 = ORIENTED_EDGE('',*,*,#2045,.T.);
#8507 = ORIENTED_EDGE('',*,*,#2078,.T.);
#8508 = FACE_BOUND('',#8509,.F.);
#8509 = EDGE_LOOP('',(#8510,#8511));
#8510 = ORIENTED_EDGE('',*,*,#2111,.T.);
#8511 = ORIENTED_EDGE('',*,*,#2144,.T.);
#8512 = FACE_BOUND('',#8513,.F.);
#8513 = EDGE_LOOP('',(#8514,#8515));
#8514 = ORIENTED_EDGE('',*,*,#2177,.T.);
#8515 = ORIENTED_EDGE('',*,*,#2210,.T.);
#8516 = FACE_BOUND('',#8517,.F.);
#8517 = EDGE_LOOP('',(#8518,#8519));
#8518 = ORIENTED_EDGE('',*,*,#2243,.T.);
#8519 = ORIENTED_EDGE('',*,*,#2276,.T.);
#8520 = FACE_BOUND('',#8521,.F.);
#8521 = EDGE_LOOP('',(#8522,#8523));
#8522 = ORIENTED_EDGE('',*,*,#2309,.T.);
#8523 = ORIENTED_EDGE('',*,*,#2342,.T.);
#8524 = FACE_BOUND('',#8525,.F.);
#8525 = EDGE_LOOP('',(#8526,#8527));
#8526 = ORIENTED_EDGE('',*,*,#2375,.T.);
#8527 = ORIENTED_EDGE('',*,*,#2408,.T.);
#8528 = FACE_BOUND('',#8529,.F.);
#8529 = EDGE_LOOP('',(#8530,#8531));
#8530 = ORIENTED_EDGE('',*,*,#2441,.T.);
#8531 = ORIENTED_EDGE('',*,*,#2474,.T.);
#8532 = FACE_BOUND('',#8533,.F.);
#8533 = EDGE_LOOP('',(#8534,#8535));
#8534 = ORIENTED_EDGE('',*,*,#2507,.T.);
#8535 = ORIENTED_EDGE('',*,*,#2540,.T.);
#8536 = FACE_BOUND('',#8537,.F.);
#8537 = EDGE_LOOP('',(#8538,#8539));
#8538 = ORIENTED_EDGE('',*,*,#2573,.T.);
#8539 = ORIENTED_EDGE('',*,*,#2606,.T.);
#8540 = FACE_BOUND('',#8541,.F.);
#8541 = EDGE_LOOP('',(#8542,#8543));
#8542 = ORIENTED_EDGE('',*,*,#2639,.T.);
#8543 = ORIENTED_EDGE('',*,*,#2672,.T.);
#8544 = FACE_BOUND('',#8545,.F.);
#8545 = EDGE_LOOP('',(#8546,#8547));
#8546 = ORIENTED_EDGE('',*,*,#2705,.T.);
#8547 = ORIENTED_EDGE('',*,*,#2738,.T.);
#8548 = FACE_BOUND('',#8549,.F.);
#8549 = EDGE_LOOP('',(#8550,#8551));
#8550 = ORIENTED_EDGE('',*,*,#2771,.T.);
#8551 = ORIENTED_EDGE('',*,*,#2804,.T.);
#8552 = FACE_BOUND('',#8553,.F.);
#8553 = EDGE_LOOP('',(#8554,#8555));
#8554 = ORIENTED_EDGE('',*,*,#2837,.T.);
#8555 = ORIENTED_EDGE('',*,*,#2870,.T.);
#8556 = FACE_BOUND('',#8557,.F.);
#8557 = EDGE_LOOP('',(#8558,#8559));
#8558 = ORIENTED_EDGE('',*,*,#2903,.T.);
#8559 = ORIENTED_EDGE('',*,*,#2936,.T.);
#8560 = FACE_BOUND('',#8561,.F.);
#8561 = EDGE_LOOP('',(#8562,#8563));
#8562 = ORIENTED_EDGE('',*,*,#2969,.T.);
#8563 = ORIENTED_EDGE('',*,*,#3002,.T.);
#8564 = FACE_BOUND('',#8565,.F.);
#8565 = EDGE_LOOP('',(#8566,#8567));
#8566 = ORIENTED_EDGE('',*,*,#3035,.T.);
#8567 = ORIENTED_EDGE('',*,*,#3068,.T.);
#8568 = FACE_BOUND('',#8569,.F.);
#8569 = EDGE_LOOP('',(#8570,#8571));
#8570 = ORIENTED_EDGE('',*,*,#3101,.T.);
#8571 = ORIENTED_EDGE('',*,*,#3134,.T.);
#8572 = FACE_BOUND('',#8573,.F.);
#8573 = EDGE_LOOP('',(#8574,#8575));
#8574 = ORIENTED_EDGE('',*,*,#3167,.T.);
#8575 = ORIENTED_EDGE('',*,*,#3200,.T.);
#8576 = FACE_BOUND('',#8577,.F.);
#8577 = EDGE_LOOP('',(#8578,#8579));
#8578 = ORIENTED_EDGE('',*,*,#3233,.T.);
#8579 = ORIENTED_EDGE('',*,*,#3266,.T.);
#8580 = FACE_BOUND('',#8581,.F.);
#8581 = EDGE_LOOP('',(#8582,#8583));
#8582 = ORIENTED_EDGE('',*,*,#3299,.T.);
#8583 = ORIENTED_EDGE('',*,*,#3332,.T.);
#8584 = FACE_BOUND('',#8585,.F.);
#8585 = EDGE_LOOP('',(#8586,#8587));
#8586 = ORIENTED_EDGE('',*,*,#3365,.T.);
#8587 = ORIENTED_EDGE('',*,*,#3398,.T.);
#8588 = FACE_BOUND('',#8589,.F.);
#8589 = EDGE_LOOP('',(#8590,#8591));
#8590 = ORIENTED_EDGE('',*,*,#3431,.T.);
#8591 = ORIENTED_EDGE('',*,*,#3464,.T.);
#8592 = FACE_BOUND('',#8593,.F.);
#8593 = EDGE_LOOP('',(#8594,#8595));
#8594 = ORIENTED_EDGE('',*,*,#3497,.T.);
#8595 = ORIENTED_EDGE('',*,*,#3530,.T.);
#8596 = FACE_BOUND('',#8597,.F.);
#8597 = EDGE_LOOP('',(#8598,#8599));
#8598 = ORIENTED_EDGE('',*,*,#3563,.T.);
#8599 = ORIENTED_EDGE('',*,*,#3596,.T.);
#8600 = FACE_BOUND('',#8601,.F.);
#8601 = EDGE_LOOP('',(#8602,#8603));
#8602 = ORIENTED_EDGE('',*,*,#3629,.T.);
#8603 = ORIENTED_EDGE('',*,*,#3662,.T.);
#8604 = FACE_BOUND('',#8605,.F.);
#8605 = EDGE_LOOP('',(#8606,#8607));
#8606 = ORIENTED_EDGE('',*,*,#3695,.T.);
#8607 = ORIENTED_EDGE('',*,*,#3728,.T.);
#8608 = FACE_BOUND('',#8609,.F.);
#8609 = EDGE_LOOP('',(#8610,#8611));
#8610 = ORIENTED_EDGE('',*,*,#3761,.T.);
#8611 = ORIENTED_EDGE('',*,*,#3794,.T.);
#8612 = FACE_BOUND('',#8613,.F.);
#8613 = EDGE_LOOP('',(#8614,#8615));
#8614 = ORIENTED_EDGE('',*,*,#3827,.T.);
#8615 = ORIENTED_EDGE('',*,*,#3860,.T.);
#8616 = FACE_BOUND('',#8617,.F.);
#8617 = EDGE_LOOP('',(#8618,#8619));
#8618 = ORIENTED_EDGE('',*,*,#3893,.T.);
#8619 = ORIENTED_EDGE('',*,*,#3926,.T.);
#8620 = FACE_BOUND('',#8621,.F.);
#8621 = EDGE_LOOP('',(#8622,#8623));
#8622 = ORIENTED_EDGE('',*,*,#3959,.T.);
#8623 = ORIENTED_EDGE('',*,*,#3992,.T.);
#8624 = FACE_BOUND('',#8625,.F.);
#8625 = EDGE_LOOP('',(#8626,#8627));
#8626 = ORIENTED_EDGE('',*,*,#4025,.T.);
#8627 = ORIENTED_EDGE('',*,*,#4058,.T.);
#8628 = FACE_BOUND('',#8629,.F.);
#8629 = EDGE_LOOP('',(#8630,#8631));
#8630 = ORIENTED_EDGE('',*,*,#4091,.T.);
#8631 = ORIENTED_EDGE('',*,*,#4124,.T.);
#8632 = FACE_BOUND('',#8633,.F.);
#8633 = EDGE_LOOP('',(#8634,#8635));
#8634 = ORIENTED_EDGE('',*,*,#4157,.T.);
#8635 = ORIENTED_EDGE('',*,*,#4190,.T.);
#8636 = FACE_BOUND('',#8637,.F.);
#8637 = EDGE_LOOP('',(#8638,#8639));
#8638 = ORIENTED_EDGE('',*,*,#4223,.T.);
#8639 = ORIENTED_EDGE('',*,*,#4256,.T.);
#8640 = FACE_BOUND('',#8641,.F.);
#8641 = EDGE_LOOP('',(#8642,#8643));
#8642 = ORIENTED_EDGE('',*,*,#4289,.T.);
#8643 = ORIENTED_EDGE('',*,*,#4322,.T.);
#8644 = FACE_BOUND('',#8645,.F.);
#8645 = EDGE_LOOP('',(#8646,#8647));
#8646 = ORIENTED_EDGE('',*,*,#4355,.T.);
#8647 = ORIENTED_EDGE('',*,*,#4388,.T.);
#8648 = FACE_BOUND('',#8649,.F.);
#8649 = EDGE_LOOP('',(#8650,#8651));
#8650 = ORIENTED_EDGE('',*,*,#4421,.T.);
#8651 = ORIENTED_EDGE('',*,*,#4454,.T.);
#8652 = FACE_BOUND('',#8653,.F.);
#8653 = EDGE_LOOP('',(#8654,#8655));
#8654 = ORIENTED_EDGE('',*,*,#4487,.T.);
#8655 = ORIENTED_EDGE('',*,*,#4520,.T.);
#8656 = FACE_BOUND('',#8657,.F.);
#8657 = EDGE_LOOP('',(#8658,#8659));
#8658 = ORIENTED_EDGE('',*,*,#4553,.T.);
#8659 = ORIENTED_EDGE('',*,*,#4586,.T.);
#8660 = FACE_BOUND('',#8661,.F.);
#8661 = EDGE_LOOP('',(#8662,#8663));
#8662 = ORIENTED_EDGE('',*,*,#4619,.T.);
#8663 = ORIENTED_EDGE('',*,*,#4652,.T.);
#8664 = FACE_BOUND('',#8665,.F.);
#8665 = EDGE_LOOP('',(#8666,#8667));
#8666 = ORIENTED_EDGE('',*,*,#4685,.T.);
#8667 = ORIENTED_EDGE('',*,*,#4718,.T.);
#8668 = FACE_BOUND('',#8669,.F.);
#8669 = EDGE_LOOP('',(#8670,#8671));
#8670 = ORIENTED_EDGE('',*,*,#4751,.T.);
#8671 = ORIENTED_EDGE('',*,*,#4784,.T.);
#8672 = FACE_BOUND('',#8673,.F.);
#8673 = EDGE_LOOP('',(#8674,#8675));
#8674 = ORIENTED_EDGE('',*,*,#4817,.T.);
#8675 = ORIENTED_EDGE('',*,*,#4850,.T.);
#8676 = FACE_BOUND('',#8677,.F.);
#8677 = EDGE_LOOP('',(#8678,#8679));
#8678 = ORIENTED_EDGE('',*,*,#4883,.T.);
#8679 = ORIENTED_EDGE('',*,*,#4916,.T.);
#8680 = FACE_BOUND('',#8681,.F.);
#8681 = EDGE_LOOP('',(#8682,#8683));
#8682 = ORIENTED_EDGE('',*,*,#4949,.T.);
#8683 = ORIENTED_EDGE('',*,*,#4982,.T.);
#8684 = FACE_BOUND('',#8685,.F.);
#8685 = EDGE_LOOP('',(#8686,#8687));
#8686 = ORIENTED_EDGE('',*,*,#5015,.T.);
#8687 = ORIENTED_EDGE('',*,*,#5048,.T.);
#8688 = FACE_BOUND('',#8689,.F.);
#8689 = EDGE_LOOP('',(#8690,#8691));
#8690 = ORIENTED_EDGE('',*,*,#5081,.T.);
#8691 = ORIENTED_EDGE('',*,*,#5114,.T.);
#8692 = FACE_BOUND('',#8693,.F.);
#8693 = EDGE_LOOP('',(#8694,#8695));
#8694 = ORIENTED_EDGE('',*,*,#5147,.T.);
#8695 = ORIENTED_EDGE('',*,*,#5180,.T.);
#8696 = FACE_BOUND('',#8697,.F.);
#8697 = EDGE_LOOP('',(#8698,#8699));
#8698 = ORIENTED_EDGE('',*,*,#5213,.T.);
#8699 = ORIENTED_EDGE('',*,*,#5246,.T.);
#8700 = FACE_BOUND('',#8701,.F.);
#8701 = EDGE_LOOP('',(#8702,#8703));
#8702 = ORIENTED_EDGE('',*,*,#5279,.T.);
#8703 = ORIENTED_EDGE('',*,*,#5312,.T.);
#8704 = FACE_BOUND('',#8705,.F.);
#8705 = EDGE_LOOP('',(#8706,#8707));
#8706 = ORIENTED_EDGE('',*,*,#5345,.T.);
#8707 = ORIENTED_EDGE('',*,*,#5378,.T.);
#8708 = FACE_BOUND('',#8709,.F.);
#8709 = EDGE_LOOP('',(#8710,#8711));
#8710 = ORIENTED_EDGE('',*,*,#5411,.T.);
#8711 = ORIENTED_EDGE('',*,*,#5444,.T.);
#8712 = FACE_BOUND('',#8713,.F.);
#8713 = EDGE_LOOP('',(#8714,#8715));
#8714 = ORIENTED_EDGE('',*,*,#5477,.T.);
#8715 = ORIENTED_EDGE('',*,*,#5510,.T.);
#8716 = FACE_BOUND('',#8717,.F.);
#8717 = EDGE_LOOP('',(#8718,#8719));
#8718 = ORIENTED_EDGE('',*,*,#5543,.T.);
#8719 = ORIENTED_EDGE('',*,*,#5576,.T.);
#8720 = FACE_BOUND('',#8721,.F.);
#8721 = EDGE_LOOP('',(#8722,#8723));
#8722 = ORIENTED_EDGE('',*,*,#5609,.T.);
#8723 = ORIENTED_EDGE('',*,*,#5642,.T.);
#8724 = FACE_BOUND('',#8725,.F.);
#8725 = EDGE_LOOP('',(#8726,#8727));
#8726 = ORIENTED_EDGE('',*,*,#5675,.T.);
#8727 = ORIENTED_EDGE('',*,*,#5708,.T.);
#8728 = FACE_BOUND('',#8729,.F.);
#8729 = EDGE_LOOP('',(#8730,#8731));
#8730 = ORIENTED_EDGE('',*,*,#5741,.T.);
#8731 = ORIENTED_EDGE('',*,*,#5774,.T.);
#8732 = FACE_BOUND('',#8733,.F.);
#8733 = EDGE_LOOP('',(#8734,#8735));
#8734 = ORIENTED_EDGE('',*,*,#5807,.T.);
#8735 = ORIENTED_EDGE('',*,*,#5840,.T.);
#8736 = FACE_BOUND('',#8737,.F.);
#8737 = EDGE_LOOP('',(#8738,#8739));
#8738 = ORIENTED_EDGE('',*,*,#5873,.T.);
#8739 = ORIENTED_EDGE('',*,*,#5906,.T.);
#8740 = FACE_BOUND('',#8741,.F.);
#8741 = EDGE_LOOP('',(#8742,#8743));
#8742 = ORIENTED_EDGE('',*,*,#5939,.T.);
#8743 = ORIENTED_EDGE('',*,*,#5972,.T.);
#8744 = FACE_BOUND('',#8745,.F.);
#8745 = EDGE_LOOP('',(#8746,#8747));
#8746 = ORIENTED_EDGE('',*,*,#6005,.T.);
#8747 = ORIENTED_EDGE('',*,*,#6038,.T.);
#8748 = FACE_BOUND('',#8749,.F.);
#8749 = EDGE_LOOP('',(#8750,#8751));
#8750 = ORIENTED_EDGE('',*,*,#6071,.T.);
#8751 = ORIENTED_EDGE('',*,*,#6104,.T.);
#8752 = FACE_BOUND('',#8753,.F.);
#8753 = EDGE_LOOP('',(#8754,#8755));
#8754 = ORIENTED_EDGE('',*,*,#6137,.T.);
#8755 = ORIENTED_EDGE('',*,*,#6170,.T.);
#8756 = FACE_BOUND('',#8757,.F.);
#8757 = EDGE_LOOP('',(#8758,#8759));
#8758 = ORIENTED_EDGE('',*,*,#6203,.T.);
#8759 = ORIENTED_EDGE('',*,*,#6236,.T.);
#8760 = FACE_BOUND('',#8761,.F.);
#8761 = EDGE_LOOP('',(#8762,#8763));
#8762 = ORIENTED_EDGE('',*,*,#6269,.T.);
#8763 = ORIENTED_EDGE('',*,*,#6302,.T.);
#8764 = FACE_BOUND('',#8765,.F.);
#8765 = EDGE_LOOP('',(#8766,#8767));
#8766 = ORIENTED_EDGE('',*,*,#6335,.T.);
#8767 = ORIENTED_EDGE('',*,*,#6368,.T.);
#8768 = FACE_BOUND('',#8769,.F.);
#8769 = EDGE_LOOP('',(#8770,#8771));
#8770 = ORIENTED_EDGE('',*,*,#6401,.T.);
#8771 = ORIENTED_EDGE('',*,*,#6434,.T.);
#8772 = FACE_BOUND('',#8773,.F.);
#8773 = EDGE_LOOP('',(#8774,#8775));
#8774 = ORIENTED_EDGE('',*,*,#6467,.T.);
#8775 = ORIENTED_EDGE('',*,*,#6500,.T.);
#8776 = FACE_BOUND('',#8777,.F.);
#8777 = EDGE_LOOP('',(#8778,#8779));
#8778 = ORIENTED_EDGE('',*,*,#6533,.T.);
#8779 = ORIENTED_EDGE('',*,*,#6566,.T.);
#8780 = FACE_BOUND('',#8781,.F.);
#8781 = EDGE_LOOP('',(#8782,#8783));
#8782 = ORIENTED_EDGE('',*,*,#6599,.T.);
#8783 = ORIENTED_EDGE('',*,*,#6632,.T.);
#8784 = FACE_BOUND('',#8785,.F.);
#8785 = EDGE_LOOP('',(#8786,#8787));
#8786 = ORIENTED_EDGE('',*,*,#6665,.T.);
#8787 = ORIENTED_EDGE('',*,*,#6698,.T.);
#8788 = FACE_BOUND('',#8789,.F.);
#8789 = EDGE_LOOP('',(#8790,#8791));
#8790 = ORIENTED_EDGE('',*,*,#6731,.T.);
#8791 = ORIENTED_EDGE('',*,*,#6764,.T.);
#8792 = FACE_BOUND('',#8793,.F.);
#8793 = EDGE_LOOP('',(#8794,#8795));
#8794 = ORIENTED_EDGE('',*,*,#6797,.T.);
#8795 = ORIENTED_EDGE('',*,*,#6830,.T.);
#8796 = FACE_BOUND('',#8797,.F.);
#8797 = EDGE_LOOP('',(#8798,#8799));
#8798 = ORIENTED_EDGE('',*,*,#6863,.T.);
#8799 = ORIENTED_EDGE('',*,*,#6896,.T.);
#8800 = FACE_BOUND('',#8801,.F.);
#8801 = EDGE_LOOP('',(#8802,#8803));
#8802 = ORIENTED_EDGE('',*,*,#6929,.T.);
#8803 = ORIENTED_EDGE('',*,*,#6962,.T.);
#8804 = FACE_BOUND('',#8805,.F.);
#8805 = EDGE_LOOP('',(#8806,#8807));
#8806 = ORIENTED_EDGE('',*,*,#6995,.T.);
#8807 = ORIENTED_EDGE('',*,*,#7028,.T.);
#8808 = FACE_BOUND('',#8809,.F.);
#8809 = EDGE_LOOP('',(#8810,#8811));
#8810 = ORIENTED_EDGE('',*,*,#7061,.T.);
#8811 = ORIENTED_EDGE('',*,*,#7094,.T.);
#8812 = FACE_BOUND('',#8813,.F.);
#8813 = EDGE_LOOP('',(#8814,#8815));
#8814 = ORIENTED_EDGE('',*,*,#7127,.T.);
#8815 = ORIENTED_EDGE('',*,*,#7160,.T.);
#8816 = FACE_BOUND('',#8817,.F.);
#8817 = EDGE_LOOP('',(#8818,#8819));
#8818 = ORIENTED_EDGE('',*,*,#7193,.T.);
#8819 = ORIENTED_EDGE('',*,*,#7226,.T.);
#8820 = FACE_BOUND('',#8821,.F.);
#8821 = EDGE_LOOP('',(#8822,#8823));
#8822 = ORIENTED_EDGE('',*,*,#7259,.T.);
#8823 = ORIENTED_EDGE('',*,*,#7292,.T.);
#8824 = FACE_BOUND('',#8825,.F.);
#8825 = EDGE_LOOP('',(#8826,#8827));
#8826 = ORIENTED_EDGE('',*,*,#7325,.T.);
#8827 = ORIENTED_EDGE('',*,*,#7358,.T.);
#8828 = FACE_BOUND('',#8829,.F.);
#8829 = EDGE_LOOP('',(#8830,#8831));
#8830 = ORIENTED_EDGE('',*,*,#7391,.T.);
#8831 = ORIENTED_EDGE('',*,*,#7424,.T.);
#8832 = FACE_BOUND('',#8833,.F.);
#8833 = EDGE_LOOP('',(#8834,#8835));
#8834 = ORIENTED_EDGE('',*,*,#7457,.T.);
#8835 = ORIENTED_EDGE('',*,*,#7490,.T.);
#8836 = FACE_BOUND('',#8837,.F.);
#8837 = EDGE_LOOP('',(#8838,#8839));
#8838 = ORIENTED_EDGE('',*,*,#7523,.T.);
#8839 = ORIENTED_EDGE('',*,*,#7556,.T.);
#8840 = FACE_BOUND('',#8841,.F.);
#8841 = EDGE_LOOP('',(#8842,#8843));
#8842 = ORIENTED_EDGE('',*,*,#7589,.T.);
#8843 = ORIENTED_EDGE('',*,*,#7622,.T.);
#8844 = FACE_BOUND('',#8845,.F.);
#8845 = EDGE_LOOP('',(#8846,#8847));
#8846 = ORIENTED_EDGE('',*,*,#7655,.T.);
#8847 = ORIENTED_EDGE('',*,*,#7688,.T.);
#8848 = FACE_BOUND('',#8849,.F.);
#8849 = EDGE_LOOP('',(#8850,#8851));
#8850 = ORIENTED_EDGE('',*,*,#7721,.T.);
#8851 = ORIENTED_EDGE('',*,*,#7754,.T.);
#8852 = FACE_BOUND('',#8853,.F.);
#8853 = EDGE_LOOP('',(#8854,#8855));
#8854 = ORIENTED_EDGE('',*,*,#7787,.T.);
#8855 = ORIENTED_EDGE('',*,*,#7820,.T.);
#8856 = FACE_BOUND('',#8857,.F.);
#8857 = EDGE_LOOP('',(#8858,#8859));
#8858 = ORIENTED_EDGE('',*,*,#7853,.T.);
#8859 = ORIENTED_EDGE('',*,*,#7886,.T.);
#8860 = PLANE('',#8861);
#8861 = AXIS2_PLACEMENT_3D('',#8862,#8863,#8864);
#8862 = CARTESIAN_POINT('',(42.511448385078,51.932796478437,    9.004318008636E-02));
#8863 = DIRECTION('',(-0.,-0.,-1.));
#8864 = DIRECTION('',(-1.,0.,0.));
#8865 = ( GEOMETRIC_REPRESENTATION_CONTEXT(3) GLOBAL_UNCERTAINTY_ASSIGNED_CONTEXT((#8869)) GLOBAL_UNIT_ASSIGNED_CONTEXT((#8866,#8867,#8868)) REPRESENTATION_CONTEXT('Context #1','3D Context with UNIT and UNCERTAINTY') );
#8866 = ( LENGTH_UNIT() NAMED_UNIT(*) SI_UNIT(.MILLI.,.METRE.) );
#8867 = ( NAMED_UNIT(*) PLANE_ANGLE_UNIT() SI_UNIT($,.RADIAN.) );
#8868 = ( NAMED_UNIT(*) SI_UNIT($,.STERADIAN.) SOLID_ANGLE_UNIT() );
#8869 = UNCERTAINTY_MEASURE_WITH_UNIT(LENGTH_MEASURE(1.E-07),#8866,  'distance_accuracy_value','confusion accuracy');
#8870 = CONTEXT_DEPENDENT_SHAPE_REPRESENTATION(#8871,#8873);
#8871 = ( REPRESENTATION_RELATIONSHIP('','',#56,#10) REPRESENTATION_RELATIONSHIP_WITH_TRANSFORMATION(#8872) SHAPE_REPRESENTATION_RELATIONSHIP() );
#8872 = ITEM_DEFINED_TRANSFORMATION('','',#11,#15);
#8873 = PRODUCT_DEFINITION_SHAPE('Placement','Placement of an item',  #8874);
#8874 = NEXT_ASSEMBLY_USAGE_OCCURRENCE('1','=>[0:1:1:2]','',#5,#51,$);
#8875 = PRODUCT_RELATED_PRODUCT_CATEGORY('part',$,(#53));
#8876 = SHAPE_DEFINITION_REPRESENTATION(#8877,#8883);
#8877 = PRODUCT_DEFINITION_SHAPE('','',#8878);
#8878 = PRODUCT_DEFINITION('design','',#8879,#8882);
#8879 = PRODUCT_DEFINITION_FORMATION('','',#8880);
#8880 = PRODUCT('TopCopper~ud65','TopCopper~ud65','',(#8881));
#8881 = PRODUCT_CONTEXT('',#2,'mechanical');
#8882 = PRODUCT_DEFINITION_CONTEXT('part definition',#2,'design');
#8883 = SHAPE_REPRESENTATION('',(#11),#8884);
#8884 = ( GEOMETRIC_REPRESENTATION_CONTEXT(3) GLOBAL_UNCERTAINTY_ASSIGNED_CONTEXT((#8888)) GLOBAL_UNIT_ASSIGNED_CONTEXT((#8885,#8886,#8887)) REPRESENTATION_CONTEXT('Context #1','3D Context with UNIT and UNCERTAINTY') );
#8885 = ( LENGTH_UNIT() NAMED_UNIT(*) SI_UNIT(.MILLI.,.METRE.) );
#8886 = ( NAMED_UNIT(*) PLANE_ANGLE_UNIT() SI_UNIT($,.RADIAN.) );
#8887 = ( NAMED_UNIT(*) SI_UNIT($,.STERADIAN.) SOLID_ANGLE_UNIT() );
#8888 = UNCERTAINTY_MEASURE_WITH_UNIT(LENGTH_MEASURE(1.E-07),#8885,  'distance_accuracy_value','confusion accuracy');
#8889 = CONTEXT_DEPENDENT_SHAPE_REPRESENTATION(#8890,#8892);
#8890 = ( REPRESENTATION_RELATIONSHIP('','',#8883,#10) REPRESENTATION_RELATIONSHIP_WITH_TRANSFORMATION(#8891) SHAPE_REPRESENTATION_RELATIONSHIP() );
#8891 = ITEM_DEFINED_TRANSFORMATION('','',#11,#19);
#8892 = PRODUCT_DEFINITION_SHAPE('Placement','Placement of an item',  #8893);
#8893 = NEXT_ASSEMBLY_USAGE_OCCURRENCE('2','=>[0:1:1:3]','',#5,#8878,$);
#8894 = PRODUCT_RELATED_PRODUCT_CATEGORY('part',$,(#8880));
#8895 = SHAPE_DEFINITION_REPRESENTATION(#8896,#8902);
#8896 = PRODUCT_DEFINITION_SHAPE('','',#8897);
#8897 = PRODUCT_DEFINITION('design','',#8898,#8901);
#8898 = PRODUCT_DEFINITION_FORMATION('','',#8899);
#8899 = PRODUCT('BottomCopper~ud65','BottomCopper~ud65','',(#8900));
#8900 = PRODUCT_CONTEXT('',#2,'mechanical');
#8901 = PRODUCT_DEFINITION_CONTEXT('part definition',#2,'design');
#8902 = SHAPE_REPRESENTATION('',(#11),#8903);
#8903 = ( GEOMETRIC_REPRESENTATION_CONTEXT(3) GLOBAL_UNCERTAINTY_ASSIGNED_CONTEXT((#8907)) GLOBAL_UNIT_ASSIGNED_CONTEXT((#8904,#8905,#8906)) REPRESENTATION_CONTEXT('Context #1','3D Context with UNIT and UNCERTAINTY') );
#8904 = ( LENGTH_UNIT() NAMED_UNIT(*) SI_UNIT(.MILLI.,.METRE.) );
#8905 = ( NAMED_UNIT(*) PLANE_ANGLE_UNIT() SI_UNIT($,.RADIAN.) );
#8906 = ( NAMED_UNIT(*) SI_UNIT($,.STERADIAN.) SOLID_ANGLE_UNIT() );
#8907 = UNCERTAINTY_MEASURE_WITH_UNIT(LENGTH_MEASURE(1.E-07),#8904,  'distance_accuracy_value','confusion accuracy');
#8908 = CONTEXT_DEPENDENT_SHAPE_REPRESENTATION(#8909,#8911);
#8909 = ( REPRESENTATION_RELATIONSHIP('','',#8902,#10) REPRESENTATION_RELATIONSHIP_WITH_TRANSFORMATION(#8910) SHAPE_REPRESENTATION_RELATIONSHIP() );
#8910 = ITEM_DEFINED_TRANSFORMATION('','',#11,#23);
#8911 = PRODUCT_DEFINITION_SHAPE('Placement','Placement of an item',  #8912);
#8912 = NEXT_ASSEMBLY_USAGE_OCCURRENCE('3','=>[0:1:1:4]','',#5,#8897,$);
#8913 = PRODUCT_RELATED_PRODUCT_CATEGORY('part',$,(#8899));
#8914 = SHAPE_DEFINITION_REPRESENTATION(#8915,#8921);
#8915 = PRODUCT_DEFINITION_SHAPE('','',#8916);
#8916 = PRODUCT_DEFINITION('design','',#8917,#8920);
#8917 = PRODUCT_DEFINITION_FORMATION('','',#8918);
#8918 = PRODUCT('TopSilkscreen~ud65','TopSilkscreen~ud65','',(#8919));
#8919 = PRODUCT_CONTEXT('',#2,'mechanical');
#8920 = PRODUCT_DEFINITION_CONTEXT('part definition',#2,'design');
#8921 = SHAPE_REPRESENTATION('',(#11),#8922);
#8922 = ( GEOMETRIC_REPRESENTATION_CONTEXT(3) GLOBAL_UNCERTAINTY_ASSIGNED_CONTEXT((#8926)) GLOBAL_UNIT_ASSIGNED_CONTEXT((#8923,#8924,#8925)) REPRESENTATION_CONTEXT('Context #1','3D Context with UNIT and UNCERTAINTY') );
#8923 = ( LENGTH_UNIT() NAMED_UNIT(*) SI_UNIT(.MILLI.,.METRE.) );
#8924 = ( NAMED_UNIT(*) PLANE_ANGLE_UNIT() SI_UNIT($,.RADIAN.) );
#8925 = ( NAMED_UNIT(*) SI_UNIT($,.STERADIAN.) SOLID_ANGLE_UNIT() );
#8926 = UNCERTAINTY_MEASURE_WITH_UNIT(LENGTH_MEASURE(1.E-07),#8923,  'distance_accuracy_value','confusion accuracy');
#8927 = CONTEXT_DEPENDENT_SHAPE_REPRESENTATION(#8928,#8930);
#8928 = ( REPRESENTATION_RELATIONSHIP('','',#8921,#10) REPRESENTATION_RELATIONSHIP_WITH_TRANSFORMATION(#8929) SHAPE_REPRESENTATION_RELATIONSHIP() );
#8929 = ITEM_DEFINED_TRANSFORMATION('','',#11,#27);
#8930 = PRODUCT_DEFINITION_SHAPE('Placement','Placement of an item',  #8931);
#8931 = NEXT_ASSEMBLY_USAGE_OCCURRENCE('4','=>[0:1:1:5]','',#5,#8916,$);
#8932 = PRODUCT_RELATED_PRODUCT_CATEGORY('part',$,(#8918));
#8933 = SHAPE_DEFINITION_REPRESENTATION(#8934,#8940);
#8934 = PRODUCT_DEFINITION_SHAPE('','',#8935);
#8935 = PRODUCT_DEFINITION('design','',#8936,#8939);
#8936 = PRODUCT_DEFINITION_FORMATION('','',#8937);
#8937 = PRODUCT('BottomSilkscreen~ud65','BottomSilkscreen~ud65','',(    #8938));
#8938 = PRODUCT_CONTEXT('',#2,'mechanical');
#8939 = PRODUCT_DEFINITION_CONTEXT('part definition',#2,'design');
#8940 = SHAPE_REPRESENTATION('',(#11),#8941);
#8941 = ( GEOMETRIC_REPRESENTATION_CONTEXT(3) GLOBAL_UNCERTAINTY_ASSIGNED_CONTEXT((#8945)) GLOBAL_UNIT_ASSIGNED_CONTEXT((#8942,#8943,#8944)) REPRESENTATION_CONTEXT('Context #1','3D Context with UNIT and UNCERTAINTY') );
#8942 = ( LENGTH_UNIT() NAMED_UNIT(*) SI_UNIT(.MILLI.,.METRE.) );
#8943 = ( NAMED_UNIT(*) PLANE_ANGLE_UNIT() SI_UNIT($,.RADIAN.) );
#8944 = ( NAMED_UNIT(*) SI_UNIT($,.STERADIAN.) SOLID_ANGLE_UNIT() );
#8945 = UNCERTAINTY_MEASURE_WITH_UNIT(LENGTH_MEASURE(1.E-07),#8942,  'distance_accuracy_value','confusion accuracy');
#8946 = CONTEXT_DEPENDENT_SHAPE_REPRESENTATION(#8947,#8949);
#8947 = ( REPRESENTATION_RELATIONSHIP('','',#8940,#10) REPRESENTATION_RELATIONSHIP_WITH_TRANSFORMATION(#8948) SHAPE_REPRESENTATION_RELATIONSHIP() );
#8948 = ITEM_DEFINED_TRANSFORMATION('','',#11,#31);
#8949 = PRODUCT_DEFINITION_SHAPE('Placement','Placement of an item',  #8950);
#8950 = NEXT_ASSEMBLY_USAGE_OCCURRENCE('5','=>[0:1:1:6]','',#5,#8935,$);
#8951 = PRODUCT_RELATED_PRODUCT_CATEGORY('part',$,(#8937));
#8952 = SHAPE_DEFINITION_REPRESENTATION(#8953,#8959);
#8953 = PRODUCT_DEFINITION_SHAPE('','',#8954);
#8954 = PRODUCT_DEFINITION('design','',#8955,#8958);
#8955 = PRODUCT_DEFINITION_FORMATION('','',#8956);
#8956 = PRODUCT('TopFpcStiffener~ud65','TopFpcStiffener~ud65','',(#8957)  );
#8957 = PRODUCT_CONTEXT('',#2,'mechanical');
#8958 = PRODUCT_DEFINITION_CONTEXT('part definition',#2,'design');
#8959 = SHAPE_REPRESENTATION('',(#11),#8960);
#8960 = ( GEOMETRIC_REPRESENTATION_CONTEXT(3) GLOBAL_UNCERTAINTY_ASSIGNED_CONTEXT((#8964)) GLOBAL_UNIT_ASSIGNED_CONTEXT((#8961,#8962,#8963)) REPRESENTATION_CONTEXT('Context #1','3D Context with UNIT and UNCERTAINTY') );
#8961 = ( LENGTH_UNIT() NAMED_UNIT(*) SI_UNIT(.MILLI.,.METRE.) );
#8962 = ( NAMED_UNIT(*) PLANE_ANGLE_UNIT() SI_UNIT($,.RADIAN.) );
#8963 = ( NAMED_UNIT(*) SI_UNIT($,.STERADIAN.) SOLID_ANGLE_UNIT() );
#8964 = UNCERTAINTY_MEASURE_WITH_UNIT(LENGTH_MEASURE(1.E-07),#8961,  'distance_accuracy_value','confusion accuracy');
#8965 = CONTEXT_DEPENDENT_SHAPE_REPRESENTATION(#8966,#8968);
#8966 = ( REPRESENTATION_RELATIONSHIP('','',#8959,#10) REPRESENTATION_RELATIONSHIP_WITH_TRANSFORMATION(#8967) SHAPE_REPRESENTATION_RELATIONSHIP() );
#8967 = ITEM_DEFINED_TRANSFORMATION('','',#11,#35);
#8968 = PRODUCT_DEFINITION_SHAPE('Placement','Placement of an item',  #8969);
#8969 = NEXT_ASSEMBLY_USAGE_OCCURRENCE('6','=>[0:1:1:7]','',#5,#8954,$);
#8970 = PRODUCT_RELATED_PRODUCT_CATEGORY('part',$,(#8956));
#8971 = SHAPE_DEFINITION_REPRESENTATION(#8972,#8978);
#8972 = PRODUCT_DEFINITION_SHAPE('','',#8973);
#8973 = PRODUCT_DEFINITION('design','',#8974,#8977);
#8974 = PRODUCT_DEFINITION_FORMATION('','',#8975);
#8975 = PRODUCT('BottomFpcStiffener~ud65','BottomFpcStiffener~ud65','',(    #8976));
#8976 = PRODUCT_CONTEXT('',#2,'mechanical');
#8977 = PRODUCT_DEFINITION_CONTEXT('part definition',#2,'design');
#8978 = SHAPE_REPRESENTATION('',(#11),#8979);
#8979 = ( GEOMETRIC_REPRESENTATION_CONTEXT(3) GLOBAL_UNCERTAINTY_ASSIGNED_CONTEXT((#8983)) GLOBAL_UNIT_ASSIGNED_CONTEXT((#8980,#8981,#8982)) REPRESENTATION_CONTEXT('Context #1','3D Context with UNIT and UNCERTAINTY') );
#8980 = ( LENGTH_UNIT() NAMED_UNIT(*) SI_UNIT(.MILLI.,.METRE.) );
#8981 = ( NAMED_UNIT(*) PLANE_ANGLE_UNIT() SI_UNIT($,.RADIAN.) );
#8982 = ( NAMED_UNIT(*) SI_UNIT($,.STERADIAN.) SOLID_ANGLE_UNIT() );
#8983 = UNCERTAINTY_MEASURE_WITH_UNIT(LENGTH_MEASURE(1.E-07),#8980,  'distance_accuracy_value','confusion accuracy');
#8984 = CONTEXT_DEPENDENT_SHAPE_REPRESENTATION(#8985,#8987);
#8985 = ( REPRESENTATION_RELATIONSHIP('','',#8978,#10) REPRESENTATION_RELATIONSHIP_WITH_TRANSFORMATION(#8986) SHAPE_REPRESENTATION_RELATIONSHIP() );
#8986 = ITEM_DEFINED_TRANSFORMATION('','',#11,#39);
#8987 = PRODUCT_DEFINITION_SHAPE('Placement','Placement of an item',  #8988);
#8988 = NEXT_ASSEMBLY_USAGE_OCCURRENCE('7','=>[0:1:1:8]','',#5,#8973,$);
#8989 = PRODUCT_RELATED_PRODUCT_CATEGORY('part',$,(#8975));
#8990 = MECHANICAL_DESIGN_GEOMETRIC_PRESENTATION_REPRESENTATION('',(    #8991,#9001,#9009,#9016,#9023,#9030,#9037,#9044,#9051,#9058,#9065,    #9072,#9079,#9086,#9093,#9100,#9107,#9114,#9121,#9128,#9135,#9142,    #9149,#9156,#9163,#9170,#9177,#9184,#9191,#9198,#9205,#9212,#9219,    #9226,#9233,#9240,#9247,#9254,#9261,#9268,#9275,#9282,#9289,#9296,    #9303,#9310,#9317,#9324,#9331,#9338,#9345,#9352,#9359,#9366,#9373,    #9380,#9387,#9394,#9401,#9408,#9415,#9422,#9429,#9436,#9443,#9450,    #9457,#9464,#9471,#9478,#9485,#9492,#9499,#9506,#9513,#9520,#9527,    #9534,#9541,#9548,#9555,#9562,#9569,#9576,#9583,#9590,#9597,#9604,    #9611,#9618,#9625,#9632,#9639,#9646,#9653,#9660,#9667,#9674,#9681,    #9688,#9695,#9702,#9709,#9716,#9723,#9730,#9737,#9744,#9751,#9758,    #9765,#9772,#9779,#9786,#9793,#9800,#9807,#9814,#9821,#9828,#9835,    #9842,#9849,#9856,#9863,#9870,#9877,#9884,#9891,#9898,#9905,#9912,    #9919,#9926,#9933,#9940,#9947,#9954,#9961,#9968,#9975,#9982,#9989,    #9996,#10003,#10010,#10017,#10024,#10031,#10038,#10045,#10052,#10059    ,#10066,#10073,#10080,#10087,#10094,#10101,#10108,#10115,#10122,    #10129,#10136,#10143,#10150,#10157,#10164,#10171,#10178,#10185,    #10192,#10199,#10206,#10213,#10220,#10227,#10234,#10241,#10248,    #10255,#10262,#10269,#10276,#10283,#10290,#10297,#10304,#10311,    #10318,#10325,#10332,#10339,#10346,#10353,#10360,#10367,#10374,    #10381,#10388,#10395,#10402,#10409,#10416,#10423,#10430,#10437,    #10444,#10451,#10458,#10465,#10472,#10479,#10486,#10493,#10500,    #10507,#10514,#10521,#10528,#10535,#10542,#10549,#10556,#10563,    #10570,#10577,#10584,#10591,#10598,#10605,#10612,#10619,#10626,    #10633,#10640,#10647,#10654,#10661),#8865);
#8991 = STYLED_ITEM('color',(#8992),#57);
#8992 = PRESENTATION_STYLE_ASSIGNMENT((#8993,#8999));
#8993 = SURFACE_STYLE_USAGE(.BOTH.,#8994);
#8994 = SURFACE_SIDE_STYLE('',(#8995));
#8995 = SURFACE_STYLE_FILL_AREA(#8996);
#8996 = FILL_AREA_STYLE('',(#8997));
#8997 = FILL_AREA_STYLE_COLOUR('',#8998);
#8998 = COLOUR_RGB('',0.,0.417002959305,0.637991923926);
#8999 = CURVE_STYLE('',#9000,POSITIVE_LENGTH_MEASURE(0.1),#8998);
#9000 = DRAUGHTING_PRE_DEFINED_CURVE_FONT('continuous');
#9001 = OVER_RIDING_STYLED_ITEM('overriding color',(#9002),#59,#8991);
#9002 = PRESENTATION_STYLE_ASSIGNMENT((#9003));
#9003 = SURFACE_STYLE_USAGE(.BOTH.,#9004);
#9004 = SURFACE_SIDE_STYLE('',(#9005));
#9005 = SURFACE_STYLE_FILL_AREA(#9006);
#9006 = FILL_AREA_STYLE('',(#9007));
#9007 = FILL_AREA_STYLE_COLOUR('',#9008);
#9008 = COLOUR_RGB('',0.937179583391,0.9357410338,0.649182888601);
#9009 = OVER_RIDING_STYLED_ITEM('overriding color',(#9010),#99,#8991);
#9010 = PRESENTATION_STYLE_ASSIGNMENT((#9011));
#9011 = SURFACE_STYLE_USAGE(.BOTH.,#9012);
#9012 = SURFACE_SIDE_STYLE('',(#9013));
#9013 = SURFACE_STYLE_FILL_AREA(#9014);
#9014 = FILL_AREA_STYLE('',(#9015));
#9015 = FILL_AREA_STYLE_COLOUR('',#9008);
#9016 = OVER_RIDING_STYLED_ITEM('overriding color',(#9017),#130,#8991);
#9017 = PRESENTATION_STYLE_ASSIGNMENT((#9018));
#9018 = SURFACE_STYLE_USAGE(.BOTH.,#9019);
#9019 = SURFACE_SIDE_STYLE('',(#9020));
#9020 = SURFACE_STYLE_FILL_AREA(#9021);
#9021 = FILL_AREA_STYLE('',(#9022));
#9022 = FILL_AREA_STYLE_COLOUR('',#9008);
#9023 = OVER_RIDING_STYLED_ITEM('overriding color',(#9024),#161,#8991);
#9024 = PRESENTATION_STYLE_ASSIGNMENT((#9025));
#9025 = SURFACE_STYLE_USAGE(.BOTH.,#9026);
#9026 = SURFACE_SIDE_STYLE('',(#9027));
#9027 = SURFACE_STYLE_FILL_AREA(#9028);
#9028 = FILL_AREA_STYLE('',(#9029));
#9029 = FILL_AREA_STYLE_COLOUR('',#9008);
#9030 = OVER_RIDING_STYLED_ITEM('overriding color',(#9031),#183,#8991);
#9031 = PRESENTATION_STYLE_ASSIGNMENT((#9032));
#9032 = SURFACE_STYLE_USAGE(.BOTH.,#9033);
#9033 = SURFACE_SIDE_STYLE('',(#9034));
#9034 = SURFACE_STYLE_FILL_AREA(#9035);
#9035 = FILL_AREA_STYLE('',(#9036));
#9036 = FILL_AREA_STYLE_COLOUR('',#9008);
#9037 = OVER_RIDING_STYLED_ITEM('overriding color',(#9038),#225,#8991);
#9038 = PRESENTATION_STYLE_ASSIGNMENT((#9039));
#9039 = SURFACE_STYLE_USAGE(.BOTH.,#9040);
#9040 = SURFACE_SIDE_STYLE('',(#9041));
#9041 = SURFACE_STYLE_FILL_AREA(#9042);
#9042 = FILL_AREA_STYLE('',(#9043));
#9043 = FILL_AREA_STYLE_COLOUR('',#9008);
#9044 = OVER_RIDING_STYLED_ITEM('overriding color',(#9045),#249,#8991);
#9045 = PRESENTATION_STYLE_ASSIGNMENT((#9046));
#9046 = SURFACE_STYLE_USAGE(.BOTH.,#9047);
#9047 = SURFACE_SIDE_STYLE('',(#9048));
#9048 = SURFACE_STYLE_FILL_AREA(#9049);
#9049 = FILL_AREA_STYLE('',(#9050));
#9050 = FILL_AREA_STYLE_COLOUR('',#9008);
#9051 = OVER_RIDING_STYLED_ITEM('overriding color',(#9052),#291,#8991);
#9052 = PRESENTATION_STYLE_ASSIGNMENT((#9053));
#9053 = SURFACE_STYLE_USAGE(.BOTH.,#9054);
#9054 = SURFACE_SIDE_STYLE('',(#9055));
#9055 = SURFACE_STYLE_FILL_AREA(#9056);
#9056 = FILL_AREA_STYLE('',(#9057));
#9057 = FILL_AREA_STYLE_COLOUR('',#9008);
#9058 = OVER_RIDING_STYLED_ITEM('overriding color',(#9059),#315,#8991);
#9059 = PRESENTATION_STYLE_ASSIGNMENT((#9060));
#9060 = SURFACE_STYLE_USAGE(.BOTH.,#9061);
#9061 = SURFACE_SIDE_STYLE('',(#9062));
#9062 = SURFACE_STYLE_FILL_AREA(#9063);
#9063 = FILL_AREA_STYLE('',(#9064));
#9064 = FILL_AREA_STYLE_COLOUR('',#9008);
#9065 = OVER_RIDING_STYLED_ITEM('overriding color',(#9066),#357,#8991);
#9066 = PRESENTATION_STYLE_ASSIGNMENT((#9067));
#9067 = SURFACE_STYLE_USAGE(.BOTH.,#9068);
#9068 = SURFACE_SIDE_STYLE('',(#9069));
#9069 = SURFACE_STYLE_FILL_AREA(#9070);
#9070 = FILL_AREA_STYLE('',(#9071));
#9071 = FILL_AREA_STYLE_COLOUR('',#9008);
#9072 = OVER_RIDING_STYLED_ITEM('overriding color',(#9073),#381,#8991);
#9073 = PRESENTATION_STYLE_ASSIGNMENT((#9074));
#9074 = SURFACE_STYLE_USAGE(.BOTH.,#9075);
#9075 = SURFACE_SIDE_STYLE('',(#9076));
#9076 = SURFACE_STYLE_FILL_AREA(#9077);
#9077 = FILL_AREA_STYLE('',(#9078));
#9078 = FILL_AREA_STYLE_COLOUR('',#9008);
#9079 = OVER_RIDING_STYLED_ITEM('overriding color',(#9080),#423,#8991);
#9080 = PRESENTATION_STYLE_ASSIGNMENT((#9081));
#9081 = SURFACE_STYLE_USAGE(.BOTH.,#9082);
#9082 = SURFACE_SIDE_STYLE('',(#9083));
#9083 = SURFACE_STYLE_FILL_AREA(#9084);
#9084 = FILL_AREA_STYLE('',(#9085));
#9085 = FILL_AREA_STYLE_COLOUR('',#9008);
#9086 = OVER_RIDING_STYLED_ITEM('overriding color',(#9087),#447,#8991);
#9087 = PRESENTATION_STYLE_ASSIGNMENT((#9088));
#9088 = SURFACE_STYLE_USAGE(.BOTH.,#9089);
#9089 = SURFACE_SIDE_STYLE('',(#9090));
#9090 = SURFACE_STYLE_FILL_AREA(#9091);
#9091 = FILL_AREA_STYLE('',(#9092));
#9092 = FILL_AREA_STYLE_COLOUR('',#9008);
#9093 = OVER_RIDING_STYLED_ITEM('overriding color',(#9094),#489,#8991);
#9094 = PRESENTATION_STYLE_ASSIGNMENT((#9095));
#9095 = SURFACE_STYLE_USAGE(.BOTH.,#9096);
#9096 = SURFACE_SIDE_STYLE('',(#9097));
#9097 = SURFACE_STYLE_FILL_AREA(#9098);
#9098 = FILL_AREA_STYLE('',(#9099));
#9099 = FILL_AREA_STYLE_COLOUR('',#9008);
#9100 = OVER_RIDING_STYLED_ITEM('overriding color',(#9101),#513,#8991);
#9101 = PRESENTATION_STYLE_ASSIGNMENT((#9102));
#9102 = SURFACE_STYLE_USAGE(.BOTH.,#9103);
#9103 = SURFACE_SIDE_STYLE('',(#9104));
#9104 = SURFACE_STYLE_FILL_AREA(#9105);
#9105 = FILL_AREA_STYLE('',(#9106));
#9106 = FILL_AREA_STYLE_COLOUR('',#9008);
#9107 = OVER_RIDING_STYLED_ITEM('overriding color',(#9108),#555,#8991);
#9108 = PRESENTATION_STYLE_ASSIGNMENT((#9109));
#9109 = SURFACE_STYLE_USAGE(.BOTH.,#9110);
#9110 = SURFACE_SIDE_STYLE('',(#9111));
#9111 = SURFACE_STYLE_FILL_AREA(#9112);
#9112 = FILL_AREA_STYLE('',(#9113));
#9113 = FILL_AREA_STYLE_COLOUR('',#9008);
#9114 = OVER_RIDING_STYLED_ITEM('overriding color',(#9115),#579,#8991);
#9115 = PRESENTATION_STYLE_ASSIGNMENT((#9116));
#9116 = SURFACE_STYLE_USAGE(.BOTH.,#9117);
#9117 = SURFACE_SIDE_STYLE('',(#9118));
#9118 = SURFACE_STYLE_FILL_AREA(#9119);
#9119 = FILL_AREA_STYLE('',(#9120));
#9120 = FILL_AREA_STYLE_COLOUR('',#9008);
#9121 = OVER_RIDING_STYLED_ITEM('overriding color',(#9122),#621,#8991);
#9122 = PRESENTATION_STYLE_ASSIGNMENT((#9123));
#9123 = SURFACE_STYLE_USAGE(.BOTH.,#9124);
#9124 = SURFACE_SIDE_STYLE('',(#9125));
#9125 = SURFACE_STYLE_FILL_AREA(#9126);
#9126 = FILL_AREA_STYLE('',(#9127));
#9127 = FILL_AREA_STYLE_COLOUR('',#9008);
#9128 = OVER_RIDING_STYLED_ITEM('overriding color',(#9129),#645,#8991);
#9129 = PRESENTATION_STYLE_ASSIGNMENT((#9130));
#9130 = SURFACE_STYLE_USAGE(.BOTH.,#9131);
#9131 = SURFACE_SIDE_STYLE('',(#9132));
#9132 = SURFACE_STYLE_FILL_AREA(#9133);
#9133 = FILL_AREA_STYLE('',(#9134));
#9134 = FILL_AREA_STYLE_COLOUR('',#9008);
#9135 = OVER_RIDING_STYLED_ITEM('overriding color',(#9136),#687,#8991);
#9136 = PRESENTATION_STYLE_ASSIGNMENT((#9137));
#9137 = SURFACE_STYLE_USAGE(.BOTH.,#9138);
#9138 = SURFACE_SIDE_STYLE('',(#9139));
#9139 = SURFACE_STYLE_FILL_AREA(#9140);
#9140 = FILL_AREA_STYLE('',(#9141));
#9141 = FILL_AREA_STYLE_COLOUR('',#9008);
#9142 = OVER_RIDING_STYLED_ITEM('overriding color',(#9143),#711,#8991);
#9143 = PRESENTATION_STYLE_ASSIGNMENT((#9144));
#9144 = SURFACE_STYLE_USAGE(.BOTH.,#9145);
#9145 = SURFACE_SIDE_STYLE('',(#9146));
#9146 = SURFACE_STYLE_FILL_AREA(#9147);
#9147 = FILL_AREA_STYLE('',(#9148));
#9148 = FILL_AREA_STYLE_COLOUR('',#9008);
#9149 = OVER_RIDING_STYLED_ITEM('overriding color',(#9150),#753,#8991);
#9150 = PRESENTATION_STYLE_ASSIGNMENT((#9151));
#9151 = SURFACE_STYLE_USAGE(.BOTH.,#9152);
#9152 = SURFACE_SIDE_STYLE('',(#9153));
#9153 = SURFACE_STYLE_FILL_AREA(#9154);
#9154 = FILL_AREA_STYLE('',(#9155));
#9155 = FILL_AREA_STYLE_COLOUR('',#9008);
#9156 = OVER_RIDING_STYLED_ITEM('overriding color',(#9157),#777,#8991);
#9157 = PRESENTATION_STYLE_ASSIGNMENT((#9158));
#9158 = SURFACE_STYLE_USAGE(.BOTH.,#9159);
#9159 = SURFACE_SIDE_STYLE('',(#9160));
#9160 = SURFACE_STYLE_FILL_AREA(#9161);
#9161 = FILL_AREA_STYLE('',(#9162));
#9162 = FILL_AREA_STYLE_COLOUR('',#9008);
#9163 = OVER_RIDING_STYLED_ITEM('overriding color',(#9164),#819,#8991);
#9164 = PRESENTATION_STYLE_ASSIGNMENT((#9165));
#9165 = SURFACE_STYLE_USAGE(.BOTH.,#9166);
#9166 = SURFACE_SIDE_STYLE('',(#9167));
#9167 = SURFACE_STYLE_FILL_AREA(#9168);
#9168 = FILL_AREA_STYLE('',(#9169));
#9169 = FILL_AREA_STYLE_COLOUR('',#9008);
#9170 = OVER_RIDING_STYLED_ITEM('overriding color',(#9171),#843,#8991);
#9171 = PRESENTATION_STYLE_ASSIGNMENT((#9172));
#9172 = SURFACE_STYLE_USAGE(.BOTH.,#9173);
#9173 = SURFACE_SIDE_STYLE('',(#9174));
#9174 = SURFACE_STYLE_FILL_AREA(#9175);
#9175 = FILL_AREA_STYLE('',(#9176));
#9176 = FILL_AREA_STYLE_COLOUR('',#9008);
#9177 = OVER_RIDING_STYLED_ITEM('overriding color',(#9178),#885,#8991);
#9178 = PRESENTATION_STYLE_ASSIGNMENT((#9179));
#9179 = SURFACE_STYLE_USAGE(.BOTH.,#9180);
#9180 = SURFACE_SIDE_STYLE('',(#9181));
#9181 = SURFACE_STYLE_FILL_AREA(#9182);
#9182 = FILL_AREA_STYLE('',(#9183));
#9183 = FILL_AREA_STYLE_COLOUR('',#9008);
#9184 = OVER_RIDING_STYLED_ITEM('overriding color',(#9185),#909,#8991);
#9185 = PRESENTATION_STYLE_ASSIGNMENT((#9186));
#9186 = SURFACE_STYLE_USAGE(.BOTH.,#9187);
#9187 = SURFACE_SIDE_STYLE('',(#9188));
#9188 = SURFACE_STYLE_FILL_AREA(#9189);
#9189 = FILL_AREA_STYLE('',(#9190));
#9190 = FILL_AREA_STYLE_COLOUR('',#9008);
#9191 = OVER_RIDING_STYLED_ITEM('overriding color',(#9192),#951,#8991);
#9192 = PRESENTATION_STYLE_ASSIGNMENT((#9193));
#9193 = SURFACE_STYLE_USAGE(.BOTH.,#9194);
#9194 = SURFACE_SIDE_STYLE('',(#9195));
#9195 = SURFACE_STYLE_FILL_AREA(#9196);
#9196 = FILL_AREA_STYLE('',(#9197));
#9197 = FILL_AREA_STYLE_COLOUR('',#9008);
#9198 = OVER_RIDING_STYLED_ITEM('overriding color',(#9199),#975,#8991);
#9199 = PRESENTATION_STYLE_ASSIGNMENT((#9200));
#9200 = SURFACE_STYLE_USAGE(.BOTH.,#9201);
#9201 = SURFACE_SIDE_STYLE('',(#9202));
#9202 = SURFACE_STYLE_FILL_AREA(#9203);
#9203 = FILL_AREA_STYLE('',(#9204));
#9204 = FILL_AREA_STYLE_COLOUR('',#9008);
#9205 = OVER_RIDING_STYLED_ITEM('overriding color',(#9206),#1017,#8991);
#9206 = PRESENTATION_STYLE_ASSIGNMENT((#9207));
#9207 = SURFACE_STYLE_USAGE(.BOTH.,#9208);
#9208 = SURFACE_SIDE_STYLE('',(#9209));
#9209 = SURFACE_STYLE_FILL_AREA(#9210);
#9210 = FILL_AREA_STYLE('',(#9211));
#9211 = FILL_AREA_STYLE_COLOUR('',#9008);
#9212 = OVER_RIDING_STYLED_ITEM('overriding color',(#9213),#1041,#8991);
#9213 = PRESENTATION_STYLE_ASSIGNMENT((#9214));
#9214 = SURFACE_STYLE_USAGE(.BOTH.,#9215);
#9215 = SURFACE_SIDE_STYLE('',(#9216));
#9216 = SURFACE_STYLE_FILL_AREA(#9217);
#9217 = FILL_AREA_STYLE('',(#9218));
#9218 = FILL_AREA_STYLE_COLOUR('',#9008);
#9219 = OVER_RIDING_STYLED_ITEM('overriding color',(#9220),#1083,#8991);
#9220 = PRESENTATION_STYLE_ASSIGNMENT((#9221));
#9221 = SURFACE_STYLE_USAGE(.BOTH.,#9222);
#9222 = SURFACE_SIDE_STYLE('',(#9223));
#9223 = SURFACE_STYLE_FILL_AREA(#9224);
#9224 = FILL_AREA_STYLE('',(#9225));
#9225 = FILL_AREA_STYLE_COLOUR('',#9008);
#9226 = OVER_RIDING_STYLED_ITEM('overriding color',(#9227),#1107,#8991);
#9227 = PRESENTATION_STYLE_ASSIGNMENT((#9228));
#9228 = SURFACE_STYLE_USAGE(.BOTH.,#9229);
#9229 = SURFACE_SIDE_STYLE('',(#9230));
#9230 = SURFACE_STYLE_FILL_AREA(#9231);
#9231 = FILL_AREA_STYLE('',(#9232));
#9232 = FILL_AREA_STYLE_COLOUR('',#9008);
#9233 = OVER_RIDING_STYLED_ITEM('overriding color',(#9234),#1149,#8991);
#9234 = PRESENTATION_STYLE_ASSIGNMENT((#9235));
#9235 = SURFACE_STYLE_USAGE(.BOTH.,#9236);
#9236 = SURFACE_SIDE_STYLE('',(#9237));
#9237 = SURFACE_STYLE_FILL_AREA(#9238);
#9238 = FILL_AREA_STYLE('',(#9239));
#9239 = FILL_AREA_STYLE_COLOUR('',#9008);
#9240 = OVER_RIDING_STYLED_ITEM('overriding color',(#9241),#1173,#8991);
#9241 = PRESENTATION_STYLE_ASSIGNMENT((#9242));
#9242 = SURFACE_STYLE_USAGE(.BOTH.,#9243);
#9243 = SURFACE_SIDE_STYLE('',(#9244));
#9244 = SURFACE_STYLE_FILL_AREA(#9245);
#9245 = FILL_AREA_STYLE('',(#9246));
#9246 = FILL_AREA_STYLE_COLOUR('',#9008);
#9247 = OVER_RIDING_STYLED_ITEM('overriding color',(#9248),#1215,#8991);
#9248 = PRESENTATION_STYLE_ASSIGNMENT((#9249));
#9249 = SURFACE_STYLE_USAGE(.BOTH.,#9250);
#9250 = SURFACE_SIDE_STYLE('',(#9251));
#9251 = SURFACE_STYLE_FILL_AREA(#9252);
#9252 = FILL_AREA_STYLE('',(#9253));
#9253 = FILL_AREA_STYLE_COLOUR('',#9008);
#9254 = OVER_RIDING_STYLED_ITEM('overriding color',(#9255),#1239,#8991);
#9255 = PRESENTATION_STYLE_ASSIGNMENT((#9256));
#9256 = SURFACE_STYLE_USAGE(.BOTH.,#9257);
#9257 = SURFACE_SIDE_STYLE('',(#9258));
#9258 = SURFACE_STYLE_FILL_AREA(#9259);
#9259 = FILL_AREA_STYLE('',(#9260));
#9260 = FILL_AREA_STYLE_COLOUR('',#9008);
#9261 = OVER_RIDING_STYLED_ITEM('overriding color',(#9262),#1281,#8991);
#9262 = PRESENTATION_STYLE_ASSIGNMENT((#9263));
#9263 = SURFACE_STYLE_USAGE(.BOTH.,#9264);
#9264 = SURFACE_SIDE_STYLE('',(#9265));
#9265 = SURFACE_STYLE_FILL_AREA(#9266);
#9266 = FILL_AREA_STYLE('',(#9267));
#9267 = FILL_AREA_STYLE_COLOUR('',#9008);
#9268 = OVER_RIDING_STYLED_ITEM('overriding color',(#9269),#1305,#8991);
#9269 = PRESENTATION_STYLE_ASSIGNMENT((#9270));
#9270 = SURFACE_STYLE_USAGE(.BOTH.,#9271);
#9271 = SURFACE_SIDE_STYLE('',(#9272));
#9272 = SURFACE_STYLE_FILL_AREA(#9273);
#9273 = FILL_AREA_STYLE('',(#9274));
#9274 = FILL_AREA_STYLE_COLOUR('',#9008);
#9275 = OVER_RIDING_STYLED_ITEM('overriding color',(#9276),#1347,#8991);
#9276 = PRESENTATION_STYLE_ASSIGNMENT((#9277));
#9277 = SURFACE_STYLE_USAGE(.BOTH.,#9278);
#9278 = SURFACE_SIDE_STYLE('',(#9279));
#9279 = SURFACE_STYLE_FILL_AREA(#9280);
#9280 = FILL_AREA_STYLE('',(#9281));
#9281 = FILL_AREA_STYLE_COLOUR('',#9008);
#9282 = OVER_RIDING_STYLED_ITEM('overriding color',(#9283),#1371,#8991);
#9283 = PRESENTATION_STYLE_ASSIGNMENT((#9284));
#9284 = SURFACE_STYLE_USAGE(.BOTH.,#9285);
#9285 = SURFACE_SIDE_STYLE('',(#9286));
#9286 = SURFACE_STYLE_FILL_AREA(#9287);
#9287 = FILL_AREA_STYLE('',(#9288));
#9288 = FILL_AREA_STYLE_COLOUR('',#9008);
#9289 = OVER_RIDING_STYLED_ITEM('overriding color',(#9290),#1413,#8991);
#9290 = PRESENTATION_STYLE_ASSIGNMENT((#9291));
#9291 = SURFACE_STYLE_USAGE(.BOTH.,#9292);
#9292 = SURFACE_SIDE_STYLE('',(#9293));
#9293 = SURFACE_STYLE_FILL_AREA(#9294);
#9294 = FILL_AREA_STYLE('',(#9295));
#9295 = FILL_AREA_STYLE_COLOUR('',#9008);
#9296 = OVER_RIDING_STYLED_ITEM('overriding color',(#9297),#1437,#8991);
#9297 = PRESENTATION_STYLE_ASSIGNMENT((#9298));
#9298 = SURFACE_STYLE_USAGE(.BOTH.,#9299);
#9299 = SURFACE_SIDE_STYLE('',(#9300));
#9300 = SURFACE_STYLE_FILL_AREA(#9301);
#9301 = FILL_AREA_STYLE('',(#9302));
#9302 = FILL_AREA_STYLE_COLOUR('',#9008);
#9303 = OVER_RIDING_STYLED_ITEM('overriding color',(#9304),#1479,#8991);
#9304 = PRESENTATION_STYLE_ASSIGNMENT((#9305));
#9305 = SURFACE_STYLE_USAGE(.BOTH.,#9306);
#9306 = SURFACE_SIDE_STYLE('',(#9307));
#9307 = SURFACE_STYLE_FILL_AREA(#9308);
#9308 = FILL_AREA_STYLE('',(#9309));
#9309 = FILL_AREA_STYLE_COLOUR('',#9008);
#9310 = OVER_RIDING_STYLED_ITEM('overriding color',(#9311),#1503,#8991);
#9311 = PRESENTATION_STYLE_ASSIGNMENT((#9312));
#9312 = SURFACE_STYLE_USAGE(.BOTH.,#9313);
#9313 = SURFACE_SIDE_STYLE('',(#9314));
#9314 = SURFACE_STYLE_FILL_AREA(#9315);
#9315 = FILL_AREA_STYLE('',(#9316));
#9316 = FILL_AREA_STYLE_COLOUR('',#9008);
#9317 = OVER_RIDING_STYLED_ITEM('overriding color',(#9318),#1545,#8991);
#9318 = PRESENTATION_STYLE_ASSIGNMENT((#9319));
#9319 = SURFACE_STYLE_USAGE(.BOTH.,#9320);
#9320 = SURFACE_SIDE_STYLE('',(#9321));
#9321 = SURFACE_STYLE_FILL_AREA(#9322);
#9322 = FILL_AREA_STYLE('',(#9323));
#9323 = FILL_AREA_STYLE_COLOUR('',#9008);
#9324 = OVER_RIDING_STYLED_ITEM('overriding color',(#9325),#1569,#8991);
#9325 = PRESENTATION_STYLE_ASSIGNMENT((#9326));
#9326 = SURFACE_STYLE_USAGE(.BOTH.,#9327);
#9327 = SURFACE_SIDE_STYLE('',(#9328));
#9328 = SURFACE_STYLE_FILL_AREA(#9329);
#9329 = FILL_AREA_STYLE('',(#9330));
#9330 = FILL_AREA_STYLE_COLOUR('',#9008);
#9331 = OVER_RIDING_STYLED_ITEM('overriding color',(#9332),#1611,#8991);
#9332 = PRESENTATION_STYLE_ASSIGNMENT((#9333));
#9333 = SURFACE_STYLE_USAGE(.BOTH.,#9334);
#9334 = SURFACE_SIDE_STYLE('',(#9335));
#9335 = SURFACE_STYLE_FILL_AREA(#9336);
#9336 = FILL_AREA_STYLE('',(#9337));
#9337 = FILL_AREA_STYLE_COLOUR('',#9008);
#9338 = OVER_RIDING_STYLED_ITEM('overriding color',(#9339),#1635,#8991);
#9339 = PRESENTATION_STYLE_ASSIGNMENT((#9340));
#9340 = SURFACE_STYLE_USAGE(.BOTH.,#9341);
#9341 = SURFACE_SIDE_STYLE('',(#9342));
#9342 = SURFACE_STYLE_FILL_AREA(#9343);
#9343 = FILL_AREA_STYLE('',(#9344));
#9344 = FILL_AREA_STYLE_COLOUR('',#9008);
#9345 = OVER_RIDING_STYLED_ITEM('overriding color',(#9346),#1677,#8991);
#9346 = PRESENTATION_STYLE_ASSIGNMENT((#9347));
#9347 = SURFACE_STYLE_USAGE(.BOTH.,#9348);
#9348 = SURFACE_SIDE_STYLE('',(#9349));
#9349 = SURFACE_STYLE_FILL_AREA(#9350);
#9350 = FILL_AREA_STYLE('',(#9351));
#9351 = FILL_AREA_STYLE_COLOUR('',#9008);
#9352 = OVER_RIDING_STYLED_ITEM('overriding color',(#9353),#1701,#8991);
#9353 = PRESENTATION_STYLE_ASSIGNMENT((#9354));
#9354 = SURFACE_STYLE_USAGE(.BOTH.,#9355);
#9355 = SURFACE_SIDE_STYLE('',(#9356));
#9356 = SURFACE_STYLE_FILL_AREA(#9357);
#9357 = FILL_AREA_STYLE('',(#9358));
#9358 = FILL_AREA_STYLE_COLOUR('',#9008);
#9359 = OVER_RIDING_STYLED_ITEM('overriding color',(#9360),#1743,#8991);
#9360 = PRESENTATION_STYLE_ASSIGNMENT((#9361));
#9361 = SURFACE_STYLE_USAGE(.BOTH.,#9362);
#9362 = SURFACE_SIDE_STYLE('',(#9363));
#9363 = SURFACE_STYLE_FILL_AREA(#9364);
#9364 = FILL_AREA_STYLE('',(#9365));
#9365 = FILL_AREA_STYLE_COLOUR('',#9008);
#9366 = OVER_RIDING_STYLED_ITEM('overriding color',(#9367),#1767,#8991);
#9367 = PRESENTATION_STYLE_ASSIGNMENT((#9368));
#9368 = SURFACE_STYLE_USAGE(.BOTH.,#9369);
#9369 = SURFACE_SIDE_STYLE('',(#9370));
#9370 = SURFACE_STYLE_FILL_AREA(#9371);
#9371 = FILL_AREA_STYLE('',(#9372));
#9372 = FILL_AREA_STYLE_COLOUR('',#9008);
#9373 = OVER_RIDING_STYLED_ITEM('overriding color',(#9374),#1809,#8991);
#9374 = PRESENTATION_STYLE_ASSIGNMENT((#9375));
#9375 = SURFACE_STYLE_USAGE(.BOTH.,#9376);
#9376 = SURFACE_SIDE_STYLE('',(#9377));
#9377 = SURFACE_STYLE_FILL_AREA(#9378);
#9378 = FILL_AREA_STYLE('',(#9379));
#9379 = FILL_AREA_STYLE_COLOUR('',#9008);
#9380 = OVER_RIDING_STYLED_ITEM('overriding color',(#9381),#1833,#8991);
#9381 = PRESENTATION_STYLE_ASSIGNMENT((#9382));
#9382 = SURFACE_STYLE_USAGE(.BOTH.,#9383);
#9383 = SURFACE_SIDE_STYLE('',(#9384));
#9384 = SURFACE_STYLE_FILL_AREA(#9385);
#9385 = FILL_AREA_STYLE('',(#9386));
#9386 = FILL_AREA_STYLE_COLOUR('',#9008);
#9387 = OVER_RIDING_STYLED_ITEM('overriding color',(#9388),#1875,#8991);
#9388 = PRESENTATION_STYLE_ASSIGNMENT((#9389));
#9389 = SURFACE_STYLE_USAGE(.BOTH.,#9390);
#9390 = SURFACE_SIDE_STYLE('',(#9391));
#9391 = SURFACE_STYLE_FILL_AREA(#9392);
#9392 = FILL_AREA_STYLE('',(#9393));
#9393 = FILL_AREA_STYLE_COLOUR('',#9008);
#9394 = OVER_RIDING_STYLED_ITEM('overriding color',(#9395),#1899,#8991);
#9395 = PRESENTATION_STYLE_ASSIGNMENT((#9396));
#9396 = SURFACE_STYLE_USAGE(.BOTH.,#9397);
#9397 = SURFACE_SIDE_STYLE('',(#9398));
#9398 = SURFACE_STYLE_FILL_AREA(#9399);
#9399 = FILL_AREA_STYLE('',(#9400));
#9400 = FILL_AREA_STYLE_COLOUR('',#9008);
#9401 = OVER_RIDING_STYLED_ITEM('overriding color',(#9402),#1941,#8991);
#9402 = PRESENTATION_STYLE_ASSIGNMENT((#9403));
#9403 = SURFACE_STYLE_USAGE(.BOTH.,#9404);
#9404 = SURFACE_SIDE_STYLE('',(#9405));
#9405 = SURFACE_STYLE_FILL_AREA(#9406);
#9406 = FILL_AREA_STYLE('',(#9407));
#9407 = FILL_AREA_STYLE_COLOUR('',#9008);
#9408 = OVER_RIDING_STYLED_ITEM('overriding color',(#9409),#1965,#8991);
#9409 = PRESENTATION_STYLE_ASSIGNMENT((#9410));
#9410 = SURFACE_STYLE_USAGE(.BOTH.,#9411);
#9411 = SURFACE_SIDE_STYLE('',(#9412));
#9412 = SURFACE_STYLE_FILL_AREA(#9413);
#9413 = FILL_AREA_STYLE('',(#9414));
#9414 = FILL_AREA_STYLE_COLOUR('',#9008);
#9415 = OVER_RIDING_STYLED_ITEM('overriding color',(#9416),#2007,#8991);
#9416 = PRESENTATION_STYLE_ASSIGNMENT((#9417));
#9417 = SURFACE_STYLE_USAGE(.BOTH.,#9418);
#9418 = SURFACE_SIDE_STYLE('',(#9419));
#9419 = SURFACE_STYLE_FILL_AREA(#9420);
#9420 = FILL_AREA_STYLE('',(#9421));
#9421 = FILL_AREA_STYLE_COLOUR('',#9008);
#9422 = OVER_RIDING_STYLED_ITEM('overriding color',(#9423),#2031,#8991);
#9423 = PRESENTATION_STYLE_ASSIGNMENT((#9424));
#9424 = SURFACE_STYLE_USAGE(.BOTH.,#9425);
#9425 = SURFACE_SIDE_STYLE('',(#9426));
#9426 = SURFACE_STYLE_FILL_AREA(#9427);
#9427 = FILL_AREA_STYLE('',(#9428));
#9428 = FILL_AREA_STYLE_COLOUR('',#9008);
#9429 = OVER_RIDING_STYLED_ITEM('overriding color',(#9430),#2073,#8991);
#9430 = PRESENTATION_STYLE_ASSIGNMENT((#9431));
#9431 = SURFACE_STYLE_USAGE(.BOTH.,#9432);
#9432 = SURFACE_SIDE_STYLE('',(#9433));
#9433 = SURFACE_STYLE_FILL_AREA(#9434);
#9434 = FILL_AREA_STYLE('',(#9435));
#9435 = FILL_AREA_STYLE_COLOUR('',#9008);
#9436 = OVER_RIDING_STYLED_ITEM('overriding color',(#9437),#2097,#8991);
#9437 = PRESENTATION_STYLE_ASSIGNMENT((#9438));
#9438 = SURFACE_STYLE_USAGE(.BOTH.,#9439);
#9439 = SURFACE_SIDE_STYLE('',(#9440));
#9440 = SURFACE_STYLE_FILL_AREA(#9441);
#9441 = FILL_AREA_STYLE('',(#9442));
#9442 = FILL_AREA_STYLE_COLOUR('',#9008);
#9443 = OVER_RIDING_STYLED_ITEM('overriding color',(#9444),#2139,#8991);
#9444 = PRESENTATION_STYLE_ASSIGNMENT((#9445));
#9445 = SURFACE_STYLE_USAGE(.BOTH.,#9446);
#9446 = SURFACE_SIDE_STYLE('',(#9447));
#9447 = SURFACE_STYLE_FILL_AREA(#9448);
#9448 = FILL_AREA_STYLE('',(#9449));
#9449 = FILL_AREA_STYLE_COLOUR('',#9008);
#9450 = OVER_RIDING_STYLED_ITEM('overriding color',(#9451),#2163,#8991);
#9451 = PRESENTATION_STYLE_ASSIGNMENT((#9452));
#9452 = SURFACE_STYLE_USAGE(.BOTH.,#9453);
#9453 = SURFACE_SIDE_STYLE('',(#9454));
#9454 = SURFACE_STYLE_FILL_AREA(#9455);
#9455 = FILL_AREA_STYLE('',(#9456));
#9456 = FILL_AREA_STYLE_COLOUR('',#9008);
#9457 = OVER_RIDING_STYLED_ITEM('overriding color',(#9458),#2205,#8991);
#9458 = PRESENTATION_STYLE_ASSIGNMENT((#9459));
#9459 = SURFACE_STYLE_USAGE(.BOTH.,#9460);
#9460 = SURFACE_SIDE_STYLE('',(#9461));
#9461 = SURFACE_STYLE_FILL_AREA(#9462);
#9462 = FILL_AREA_STYLE('',(#9463));
#9463 = FILL_AREA_STYLE_COLOUR('',#9008);
#9464 = OVER_RIDING_STYLED_ITEM('overriding color',(#9465),#2229,#8991);
#9465 = PRESENTATION_STYLE_ASSIGNMENT((#9466));
#9466 = SURFACE_STYLE_USAGE(.BOTH.,#9467);
#9467 = SURFACE_SIDE_STYLE('',(#9468));
#9468 = SURFACE_STYLE_FILL_AREA(#9469);
#9469 = FILL_AREA_STYLE('',(#9470));
#9470 = FILL_AREA_STYLE_COLOUR('',#9008);
#9471 = OVER_RIDING_STYLED_ITEM('overriding color',(#9472),#2271,#8991);
#9472 = PRESENTATION_STYLE_ASSIGNMENT((#9473));
#9473 = SURFACE_STYLE_USAGE(.BOTH.,#9474);
#9474 = SURFACE_SIDE_STYLE('',(#9475));
#9475 = SURFACE_STYLE_FILL_AREA(#9476);
#9476 = FILL_AREA_STYLE('',(#9477));
#9477 = FILL_AREA_STYLE_COLOUR('',#9008);
#9478 = OVER_RIDING_STYLED_ITEM('overriding color',(#9479),#2295,#8991);
#9479 = PRESENTATION_STYLE_ASSIGNMENT((#9480));
#9480 = SURFACE_STYLE_USAGE(.BOTH.,#9481);
#9481 = SURFACE_SIDE_STYLE('',(#9482));
#9482 = SURFACE_STYLE_FILL_AREA(#9483);
#9483 = FILL_AREA_STYLE('',(#9484));
#9484 = FILL_AREA_STYLE_COLOUR('',#9008);
#9485 = OVER_RIDING_STYLED_ITEM('overriding color',(#9486),#2337,#8991);
#9486 = PRESENTATION_STYLE_ASSIGNMENT((#9487));
#9487 = SURFACE_STYLE_USAGE(.BOTH.,#9488);
#9488 = SURFACE_SIDE_STYLE('',(#9489));
#9489 = SURFACE_STYLE_FILL_AREA(#9490);
#9490 = FILL_AREA_STYLE('',(#9491));
#9491 = FILL_AREA_STYLE_COLOUR('',#9008);
#9492 = OVER_RIDING_STYLED_ITEM('overriding color',(#9493),#2361,#8991);
#9493 = PRESENTATION_STYLE_ASSIGNMENT((#9494));
#9494 = SURFACE_STYLE_USAGE(.BOTH.,#9495);
#9495 = SURFACE_SIDE_STYLE('',(#9496));
#9496 = SURFACE_STYLE_FILL_AREA(#9497);
#9497 = FILL_AREA_STYLE('',(#9498));
#9498 = FILL_AREA_STYLE_COLOUR('',#9008);
#9499 = OVER_RIDING_STYLED_ITEM('overriding color',(#9500),#2403,#8991);
#9500 = PRESENTATION_STYLE_ASSIGNMENT((#9501));
#9501 = SURFACE_STYLE_USAGE(.BOTH.,#9502);
#9502 = SURFACE_SIDE_STYLE('',(#9503));
#9503 = SURFACE_STYLE_FILL_AREA(#9504);
#9504 = FILL_AREA_STYLE('',(#9505));
#9505 = FILL_AREA_STYLE_COLOUR('',#9008);
#9506 = OVER_RIDING_STYLED_ITEM('overriding color',(#9507),#2427,#8991);
#9507 = PRESENTATION_STYLE_ASSIGNMENT((#9508));
#9508 = SURFACE_STYLE_USAGE(.BOTH.,#9509);
#9509 = SURFACE_SIDE_STYLE('',(#9510));
#9510 = SURFACE_STYLE_FILL_AREA(#9511);
#9511 = FILL_AREA_STYLE('',(#9512));
#9512 = FILL_AREA_STYLE_COLOUR('',#9008);
#9513 = OVER_RIDING_STYLED_ITEM('overriding color',(#9514),#2469,#8991);
#9514 = PRESENTATION_STYLE_ASSIGNMENT((#9515));
#9515 = SURFACE_STYLE_USAGE(.BOTH.,#9516);
#9516 = SURFACE_SIDE_STYLE('',(#9517));
#9517 = SURFACE_STYLE_FILL_AREA(#9518);
#9518 = FILL_AREA_STYLE('',(#9519));
#9519 = FILL_AREA_STYLE_COLOUR('',#9008);
#9520 = OVER_RIDING_STYLED_ITEM('overriding color',(#9521),#2493,#8991);
#9521 = PRESENTATION_STYLE_ASSIGNMENT((#9522));
#9522 = SURFACE_STYLE_USAGE(.BOTH.,#9523);
#9523 = SURFACE_SIDE_STYLE('',(#9524));
#9524 = SURFACE_STYLE_FILL_AREA(#9525);
#9525 = FILL_AREA_STYLE('',(#9526));
#9526 = FILL_AREA_STYLE_COLOUR('',#9008);
#9527 = OVER_RIDING_STYLED_ITEM('overriding color',(#9528),#2535,#8991);
#9528 = PRESENTATION_STYLE_ASSIGNMENT((#9529));
#9529 = SURFACE_STYLE_USAGE(.BOTH.,#9530);
#9530 = SURFACE_SIDE_STYLE('',(#9531));
#9531 = SURFACE_STYLE_FILL_AREA(#9532);
#9532 = FILL_AREA_STYLE('',(#9533));
#9533 = FILL_AREA_STYLE_COLOUR('',#9008);
#9534 = OVER_RIDING_STYLED_ITEM('overriding color',(#9535),#2559,#8991);
#9535 = PRESENTATION_STYLE_ASSIGNMENT((#9536));
#9536 = SURFACE_STYLE_USAGE(.BOTH.,#9537);
#9537 = SURFACE_SIDE_STYLE('',(#9538));
#9538 = SURFACE_STYLE_FILL_AREA(#9539);
#9539 = FILL_AREA_STYLE('',(#9540));
#9540 = FILL_AREA_STYLE_COLOUR('',#9008);
#9541 = OVER_RIDING_STYLED_ITEM('overriding color',(#9542),#2601,#8991);
#9542 = PRESENTATION_STYLE_ASSIGNMENT((#9543));
#9543 = SURFACE_STYLE_USAGE(.BOTH.,#9544);
#9544 = SURFACE_SIDE_STYLE('',(#9545));
#9545 = SURFACE_STYLE_FILL_AREA(#9546);
#9546 = FILL_AREA_STYLE('',(#9547));
#9547 = FILL_AREA_STYLE_COLOUR('',#9008);
#9548 = OVER_RIDING_STYLED_ITEM('overriding color',(#9549),#2625,#8991);
#9549 = PRESENTATION_STYLE_ASSIGNMENT((#9550));
#9550 = SURFACE_STYLE_USAGE(.BOTH.,#9551);
#9551 = SURFACE_SIDE_STYLE('',(#9552));
#9552 = SURFACE_STYLE_FILL_AREA(#9553);
#9553 = FILL_AREA_STYLE('',(#9554));
#9554 = FILL_AREA_STYLE_COLOUR('',#9008);
#9555 = OVER_RIDING_STYLED_ITEM('overriding color',(#9556),#2667,#8991);
#9556 = PRESENTATION_STYLE_ASSIGNMENT((#9557));
#9557 = SURFACE_STYLE_USAGE(.BOTH.,#9558);
#9558 = SURFACE_SIDE_STYLE('',(#9559));
#9559 = SURFACE_STYLE_FILL_AREA(#9560);
#9560 = FILL_AREA_STYLE('',(#9561));
#9561 = FILL_AREA_STYLE_COLOUR('',#9008);
#9562 = OVER_RIDING_STYLED_ITEM('overriding color',(#9563),#2691,#8991);
#9563 = PRESENTATION_STYLE_ASSIGNMENT((#9564));
#9564 = SURFACE_STYLE_USAGE(.BOTH.,#9565);
#9565 = SURFACE_SIDE_STYLE('',(#9566));
#9566 = SURFACE_STYLE_FILL_AREA(#9567);
#9567 = FILL_AREA_STYLE('',(#9568));
#9568 = FILL_AREA_STYLE_COLOUR('',#9008);
#9569 = OVER_RIDING_STYLED_ITEM('overriding color',(#9570),#2733,#8991);
#9570 = PRESENTATION_STYLE_ASSIGNMENT((#9571));
#9571 = SURFACE_STYLE_USAGE(.BOTH.,#9572);
#9572 = SURFACE_SIDE_STYLE('',(#9573));
#9573 = SURFACE_STYLE_FILL_AREA(#9574);
#9574 = FILL_AREA_STYLE('',(#9575));
#9575 = FILL_AREA_STYLE_COLOUR('',#9008);
#9576 = OVER_RIDING_STYLED_ITEM('overriding color',(#9577),#2757,#8991);
#9577 = PRESENTATION_STYLE_ASSIGNMENT((#9578));
#9578 = SURFACE_STYLE_USAGE(.BOTH.,#9579);
#9579 = SURFACE_SIDE_STYLE('',(#9580));
#9580 = SURFACE_STYLE_FILL_AREA(#9581);
#9581 = FILL_AREA_STYLE('',(#9582));
#9582 = FILL_AREA_STYLE_COLOUR('',#9008);
#9583 = OVER_RIDING_STYLED_ITEM('overriding color',(#9584),#2799,#8991);
#9584 = PRESENTATION_STYLE_ASSIGNMENT((#9585));
#9585 = SURFACE_STYLE_USAGE(.BOTH.,#9586);
#9586 = SURFACE_SIDE_STYLE('',(#9587));
#9587 = SURFACE_STYLE_FILL_AREA(#9588);
#9588 = FILL_AREA_STYLE('',(#9589));
#9589 = FILL_AREA_STYLE_COLOUR('',#9008);
#9590 = OVER_RIDING_STYLED_ITEM('overriding color',(#9591),#2823,#8991);
#9591 = PRESENTATION_STYLE_ASSIGNMENT((#9592));
#9592 = SURFACE_STYLE_USAGE(.BOTH.,#9593);
#9593 = SURFACE_SIDE_STYLE('',(#9594));
#9594 = SURFACE_STYLE_FILL_AREA(#9595);
#9595 = FILL_AREA_STYLE('',(#9596));
#9596 = FILL_AREA_STYLE_COLOUR('',#9008);
#9597 = OVER_RIDING_STYLED_ITEM('overriding color',(#9598),#2865,#8991);
#9598 = PRESENTATION_STYLE_ASSIGNMENT((#9599));
#9599 = SURFACE_STYLE_USAGE(.BOTH.,#9600);
#9600 = SURFACE_SIDE_STYLE('',(#9601));
#9601 = SURFACE_STYLE_FILL_AREA(#9602);
#9602 = FILL_AREA_STYLE('',(#9603));
#9603 = FILL_AREA_STYLE_COLOUR('',#9008);
#9604 = OVER_RIDING_STYLED_ITEM('overriding color',(#9605),#2889,#8991);
#9605 = PRESENTATION_STYLE_ASSIGNMENT((#9606));
#9606 = SURFACE_STYLE_USAGE(.BOTH.,#9607);
#9607 = SURFACE_SIDE_STYLE('',(#9608));
#9608 = SURFACE_STYLE_FILL_AREA(#9609);
#9609 = FILL_AREA_STYLE('',(#9610));
#9610 = FILL_AREA_STYLE_COLOUR('',#9008);
#9611 = OVER_RIDING_STYLED_ITEM('overriding color',(#9612),#2931,#8991);
#9612 = PRESENTATION_STYLE_ASSIGNMENT((#9613));
#9613 = SURFACE_STYLE_USAGE(.BOTH.,#9614);
#9614 = SURFACE_SIDE_STYLE('',(#9615));
#9615 = SURFACE_STYLE_FILL_AREA(#9616);
#9616 = FILL_AREA_STYLE('',(#9617));
#9617 = FILL_AREA_STYLE_COLOUR('',#9008);
#9618 = OVER_RIDING_STYLED_ITEM('overriding color',(#9619),#2955,#8991);
#9619 = PRESENTATION_STYLE_ASSIGNMENT((#9620));
#9620 = SURFACE_STYLE_USAGE(.BOTH.,#9621);
#9621 = SURFACE_SIDE_STYLE('',(#9622));
#9622 = SURFACE_STYLE_FILL_AREA(#9623);
#9623 = FILL_AREA_STYLE('',(#9624));
#9624 = FILL_AREA_STYLE_COLOUR('',#9008);
#9625 = OVER_RIDING_STYLED_ITEM('overriding color',(#9626),#2997,#8991);
#9626 = PRESENTATION_STYLE_ASSIGNMENT((#9627));
#9627 = SURFACE_STYLE_USAGE(.BOTH.,#9628);
#9628 = SURFACE_SIDE_STYLE('',(#9629));
#9629 = SURFACE_STYLE_FILL_AREA(#9630);
#9630 = FILL_AREA_STYLE('',(#9631));
#9631 = FILL_AREA_STYLE_COLOUR('',#9008);
#9632 = OVER_RIDING_STYLED_ITEM('overriding color',(#9633),#3021,#8991);
#9633 = PRESENTATION_STYLE_ASSIGNMENT((#9634));
#9634 = SURFACE_STYLE_USAGE(.BOTH.,#9635);
#9635 = SURFACE_SIDE_STYLE('',(#9636));
#9636 = SURFACE_STYLE_FILL_AREA(#9637);
#9637 = FILL_AREA_STYLE('',(#9638));
#9638 = FILL_AREA_STYLE_COLOUR('',#9008);
#9639 = OVER_RIDING_STYLED_ITEM('overriding color',(#9640),#3063,#8991);
#9640 = PRESENTATION_STYLE_ASSIGNMENT((#9641));
#9641 = SURFACE_STYLE_USAGE(.BOTH.,#9642);
#9642 = SURFACE_SIDE_STYLE('',(#9643));
#9643 = SURFACE_STYLE_FILL_AREA(#9644);
#9644 = FILL_AREA_STYLE('',(#9645));
#9645 = FILL_AREA_STYLE_COLOUR('',#9008);
#9646 = OVER_RIDING_STYLED_ITEM('overriding color',(#9647),#3087,#8991);
#9647 = PRESENTATION_STYLE_ASSIGNMENT((#9648));
#9648 = SURFACE_STYLE_USAGE(.BOTH.,#9649);
#9649 = SURFACE_SIDE_STYLE('',(#9650));
#9650 = SURFACE_STYLE_FILL_AREA(#9651);
#9651 = FILL_AREA_STYLE('',(#9652));
#9652 = FILL_AREA_STYLE_COLOUR('',#9008);
#9653 = OVER_RIDING_STYLED_ITEM('overriding color',(#9654),#3129,#8991);
#9654 = PRESENTATION_STYLE_ASSIGNMENT((#9655));
#9655 = SURFACE_STYLE_USAGE(.BOTH.,#9656);
#9656 = SURFACE_SIDE_STYLE('',(#9657));
#9657 = SURFACE_STYLE_FILL_AREA(#9658);
#9658 = FILL_AREA_STYLE('',(#9659));
#9659 = FILL_AREA_STYLE_COLOUR('',#9008);
#9660 = OVER_RIDING_STYLED_ITEM('overriding color',(#9661),#3153,#8991);
#9661 = PRESENTATION_STYLE_ASSIGNMENT((#9662));
#9662 = SURFACE_STYLE_USAGE(.BOTH.,#9663);
#9663 = SURFACE_SIDE_STYLE('',(#9664));
#9664 = SURFACE_STYLE_FILL_AREA(#9665);
#9665 = FILL_AREA_STYLE('',(#9666));
#9666 = FILL_AREA_STYLE_COLOUR('',#9008);
#9667 = OVER_RIDING_STYLED_ITEM('overriding color',(#9668),#3195,#8991);
#9668 = PRESENTATION_STYLE_ASSIGNMENT((#9669));
#9669 = SURFACE_STYLE_USAGE(.BOTH.,#9670);
#9670 = SURFACE_SIDE_STYLE('',(#9671));
#9671 = SURFACE_STYLE_FILL_AREA(#9672);
#9672 = FILL_AREA_STYLE('',(#9673));
#9673 = FILL_AREA_STYLE_COLOUR('',#9008);
#9674 = OVER_RIDING_STYLED_ITEM('overriding color',(#9675),#3219,#8991);
#9675 = PRESENTATION_STYLE_ASSIGNMENT((#9676));
#9676 = SURFACE_STYLE_USAGE(.BOTH.,#9677);
#9677 = SURFACE_SIDE_STYLE('',(#9678));
#9678 = SURFACE_STYLE_FILL_AREA(#9679);
#9679 = FILL_AREA_STYLE('',(#9680));
#9680 = FILL_AREA_STYLE_COLOUR('',#9008);
#9681 = OVER_RIDING_STYLED_ITEM('overriding color',(#9682),#3261,#8991);
#9682 = PRESENTATION_STYLE_ASSIGNMENT((#9683));
#9683 = SURFACE_STYLE_USAGE(.BOTH.,#9684);
#9684 = SURFACE_SIDE_STYLE('',(#9685));
#9685 = SURFACE_STYLE_FILL_AREA(#9686);
#9686 = FILL_AREA_STYLE('',(#9687));
#9687 = FILL_AREA_STYLE_COLOUR('',#9008);
#9688 = OVER_RIDING_STYLED_ITEM('overriding color',(#9689),#3285,#8991);
#9689 = PRESENTATION_STYLE_ASSIGNMENT((#9690));
#9690 = SURFACE_STYLE_USAGE(.BOTH.,#9691);
#9691 = SURFACE_SIDE_STYLE('',(#9692));
#9692 = SURFACE_STYLE_FILL_AREA(#9693);
#9693 = FILL_AREA_STYLE('',(#9694));
#9694 = FILL_AREA_STYLE_COLOUR('',#9008);
#9695 = OVER_RIDING_STYLED_ITEM('overriding color',(#9696),#3327,#8991);
#9696 = PRESENTATION_STYLE_ASSIGNMENT((#9697));
#9697 = SURFACE_STYLE_USAGE(.BOTH.,#9698);
#9698 = SURFACE_SIDE_STYLE('',(#9699));
#9699 = SURFACE_STYLE_FILL_AREA(#9700);
#9700 = FILL_AREA_STYLE('',(#9701));
#9701 = FILL_AREA_STYLE_COLOUR('',#9008);
#9702 = OVER_RIDING_STYLED_ITEM('overriding color',(#9703),#3351,#8991);
#9703 = PRESENTATION_STYLE_ASSIGNMENT((#9704));
#9704 = SURFACE_STYLE_USAGE(.BOTH.,#9705);
#9705 = SURFACE_SIDE_STYLE('',(#9706));
#9706 = SURFACE_STYLE_FILL_AREA(#9707);
#9707 = FILL_AREA_STYLE('',(#9708));
#9708 = FILL_AREA_STYLE_COLOUR('',#9008);
#9709 = OVER_RIDING_STYLED_ITEM('overriding color',(#9710),#3393,#8991);
#9710 = PRESENTATION_STYLE_ASSIGNMENT((#9711));
#9711 = SURFACE_STYLE_USAGE(.BOTH.,#9712);
#9712 = SURFACE_SIDE_STYLE('',(#9713));
#9713 = SURFACE_STYLE_FILL_AREA(#9714);
#9714 = FILL_AREA_STYLE('',(#9715));
#9715 = FILL_AREA_STYLE_COLOUR('',#9008);
#9716 = OVER_RIDING_STYLED_ITEM('overriding color',(#9717),#3417,#8991);
#9717 = PRESENTATION_STYLE_ASSIGNMENT((#9718));
#9718 = SURFACE_STYLE_USAGE(.BOTH.,#9719);
#9719 = SURFACE_SIDE_STYLE('',(#9720));
#9720 = SURFACE_STYLE_FILL_AREA(#9721);
#9721 = FILL_AREA_STYLE('',(#9722));
#9722 = FILL_AREA_STYLE_COLOUR('',#9008);
#9723 = OVER_RIDING_STYLED_ITEM('overriding color',(#9724),#3459,#8991);
#9724 = PRESENTATION_STYLE_ASSIGNMENT((#9725));
#9725 = SURFACE_STYLE_USAGE(.BOTH.,#9726);
#9726 = SURFACE_SIDE_STYLE('',(#9727));
#9727 = SURFACE_STYLE_FILL_AREA(#9728);
#9728 = FILL_AREA_STYLE('',(#9729));
#9729 = FILL_AREA_STYLE_COLOUR('',#9008);
#9730 = OVER_RIDING_STYLED_ITEM('overriding color',(#9731),#3483,#8991);
#9731 = PRESENTATION_STYLE_ASSIGNMENT((#9732));
#9732 = SURFACE_STYLE_USAGE(.BOTH.,#9733);
#9733 = SURFACE_SIDE_STYLE('',(#9734));
#9734 = SURFACE_STYLE_FILL_AREA(#9735);
#9735 = FILL_AREA_STYLE('',(#9736));
#9736 = FILL_AREA_STYLE_COLOUR('',#9008);
#9737 = OVER_RIDING_STYLED_ITEM('overriding color',(#9738),#3525,#8991);
#9738 = PRESENTATION_STYLE_ASSIGNMENT((#9739));
#9739 = SURFACE_STYLE_USAGE(.BOTH.,#9740);
#9740 = SURFACE_SIDE_STYLE('',(#9741));
#9741 = SURFACE_STYLE_FILL_AREA(#9742);
#9742 = FILL_AREA_STYLE('',(#9743));
#9743 = FILL_AREA_STYLE_COLOUR('',#9008);
#9744 = OVER_RIDING_STYLED_ITEM('overriding color',(#9745),#3549,#8991);
#9745 = PRESENTATION_STYLE_ASSIGNMENT((#9746));
#9746 = SURFACE_STYLE_USAGE(.BOTH.,#9747);
#9747 = SURFACE_SIDE_STYLE('',(#9748));
#9748 = SURFACE_STYLE_FILL_AREA(#9749);
#9749 = FILL_AREA_STYLE('',(#9750));
#9750 = FILL_AREA_STYLE_COLOUR('',#9008);
#9751 = OVER_RIDING_STYLED_ITEM('overriding color',(#9752),#3591,#8991);
#9752 = PRESENTATION_STYLE_ASSIGNMENT((#9753));
#9753 = SURFACE_STYLE_USAGE(.BOTH.,#9754);
#9754 = SURFACE_SIDE_STYLE('',(#9755));
#9755 = SURFACE_STYLE_FILL_AREA(#9756);
#9756 = FILL_AREA_STYLE('',(#9757));
#9757 = FILL_AREA_STYLE_COLOUR('',#9008);
#9758 = OVER_RIDING_STYLED_ITEM('overriding color',(#9759),#3615,#8991);
#9759 = PRESENTATION_STYLE_ASSIGNMENT((#9760));
#9760 = SURFACE_STYLE_USAGE(.BOTH.,#9761);
#9761 = SURFACE_SIDE_STYLE('',(#9762));
#9762 = SURFACE_STYLE_FILL_AREA(#9763);
#9763 = FILL_AREA_STYLE('',(#9764));
#9764 = FILL_AREA_STYLE_COLOUR('',#9008);
#9765 = OVER_RIDING_STYLED_ITEM('overriding color',(#9766),#3657,#8991);
#9766 = PRESENTATION_STYLE_ASSIGNMENT((#9767));
#9767 = SURFACE_STYLE_USAGE(.BOTH.,#9768);
#9768 = SURFACE_SIDE_STYLE('',(#9769));
#9769 = SURFACE_STYLE_FILL_AREA(#9770);
#9770 = FILL_AREA_STYLE('',(#9771));
#9771 = FILL_AREA_STYLE_COLOUR('',#9008);
#9772 = OVER_RIDING_STYLED_ITEM('overriding color',(#9773),#3681,#8991);
#9773 = PRESENTATION_STYLE_ASSIGNMENT((#9774));
#9774 = SURFACE_STYLE_USAGE(.BOTH.,#9775);
#9775 = SURFACE_SIDE_STYLE('',(#9776));
#9776 = SURFACE_STYLE_FILL_AREA(#9777);
#9777 = FILL_AREA_STYLE('',(#9778));
#9778 = FILL_AREA_STYLE_COLOUR('',#9008);
#9779 = OVER_RIDING_STYLED_ITEM('overriding color',(#9780),#3723,#8991);
#9780 = PRESENTATION_STYLE_ASSIGNMENT((#9781));
#9781 = SURFACE_STYLE_USAGE(.BOTH.,#9782);
#9782 = SURFACE_SIDE_STYLE('',(#9783));
#9783 = SURFACE_STYLE_FILL_AREA(#9784);
#9784 = FILL_AREA_STYLE('',(#9785));
#9785 = FILL_AREA_STYLE_COLOUR('',#9008);
#9786 = OVER_RIDING_STYLED_ITEM('overriding color',(#9787),#3747,#8991);
#9787 = PRESENTATION_STYLE_ASSIGNMENT((#9788));
#9788 = SURFACE_STYLE_USAGE(.BOTH.,#9789);
#9789 = SURFACE_SIDE_STYLE('',(#9790));
#9790 = SURFACE_STYLE_FILL_AREA(#9791);
#9791 = FILL_AREA_STYLE('',(#9792));
#9792 = FILL_AREA_STYLE_COLOUR('',#9008);
#9793 = OVER_RIDING_STYLED_ITEM('overriding color',(#9794),#3789,#8991);
#9794 = PRESENTATION_STYLE_ASSIGNMENT((#9795));
#9795 = SURFACE_STYLE_USAGE(.BOTH.,#9796);
#9796 = SURFACE_SIDE_STYLE('',(#9797));
#9797 = SURFACE_STYLE_FILL_AREA(#9798);
#9798 = FILL_AREA_STYLE('',(#9799));
#9799 = FILL_AREA_STYLE_COLOUR('',#9008);
#9800 = OVER_RIDING_STYLED_ITEM('overriding color',(#9801),#3813,#8991);
#9801 = PRESENTATION_STYLE_ASSIGNMENT((#9802));
#9802 = SURFACE_STYLE_USAGE(.BOTH.,#9803);
#9803 = SURFACE_SIDE_STYLE('',(#9804));
#9804 = SURFACE_STYLE_FILL_AREA(#9805);
#9805 = FILL_AREA_STYLE('',(#9806));
#9806 = FILL_AREA_STYLE_COLOUR('',#9008);
#9807 = OVER_RIDING_STYLED_ITEM('overriding color',(#9808),#3855,#8991);
#9808 = PRESENTATION_STYLE_ASSIGNMENT((#9809));
#9809 = SURFACE_STYLE_USAGE(.BOTH.,#9810);
#9810 = SURFACE_SIDE_STYLE('',(#9811));
#9811 = SURFACE_STYLE_FILL_AREA(#9812);
#9812 = FILL_AREA_STYLE('',(#9813));
#9813 = FILL_AREA_STYLE_COLOUR('',#9008);
#9814 = OVER_RIDING_STYLED_ITEM('overriding color',(#9815),#3879,#8991);
#9815 = PRESENTATION_STYLE_ASSIGNMENT((#9816));
#9816 = SURFACE_STYLE_USAGE(.BOTH.,#9817);
#9817 = SURFACE_SIDE_STYLE('',(#9818));
#9818 = SURFACE_STYLE_FILL_AREA(#9819);
#9819 = FILL_AREA_STYLE('',(#9820));
#9820 = FILL_AREA_STYLE_COLOUR('',#9008);
#9821 = OVER_RIDING_STYLED_ITEM('overriding color',(#9822),#3921,#8991);
#9822 = PRESENTATION_STYLE_ASSIGNMENT((#9823));
#9823 = SURFACE_STYLE_USAGE(.BOTH.,#9824);
#9824 = SURFACE_SIDE_STYLE('',(#9825));
#9825 = SURFACE_STYLE_FILL_AREA(#9826);
#9826 = FILL_AREA_STYLE('',(#9827));
#9827 = FILL_AREA_STYLE_COLOUR('',#9008);
#9828 = OVER_RIDING_STYLED_ITEM('overriding color',(#9829),#3945,#8991);
#9829 = PRESENTATION_STYLE_ASSIGNMENT((#9830));
#9830 = SURFACE_STYLE_USAGE(.BOTH.,#9831);
#9831 = SURFACE_SIDE_STYLE('',(#9832));
#9832 = SURFACE_STYLE_FILL_AREA(#9833);
#9833 = FILL_AREA_STYLE('',(#9834));
#9834 = FILL_AREA_STYLE_COLOUR('',#9008);
#9835 = OVER_RIDING_STYLED_ITEM('overriding color',(#9836),#3987,#8991);
#9836 = PRESENTATION_STYLE_ASSIGNMENT((#9837));
#9837 = SURFACE_STYLE_USAGE(.BOTH.,#9838);
#9838 = SURFACE_SIDE_STYLE('',(#9839));
#9839 = SURFACE_STYLE_FILL_AREA(#9840);
#9840 = FILL_AREA_STYLE('',(#9841));
#9841 = FILL_AREA_STYLE_COLOUR('',#9008);
#9842 = OVER_RIDING_STYLED_ITEM('overriding color',(#9843),#4011,#8991);
#9843 = PRESENTATION_STYLE_ASSIGNMENT((#9844));
#9844 = SURFACE_STYLE_USAGE(.BOTH.,#9845);
#9845 = SURFACE_SIDE_STYLE('',(#9846));
#9846 = SURFACE_STYLE_FILL_AREA(#9847);
#9847 = FILL_AREA_STYLE('',(#9848));
#9848 = FILL_AREA_STYLE_COLOUR('',#9008);
#9849 = OVER_RIDING_STYLED_ITEM('overriding color',(#9850),#4053,#8991);
#9850 = PRESENTATION_STYLE_ASSIGNMENT((#9851));
#9851 = SURFACE_STYLE_USAGE(.BOTH.,#9852);
#9852 = SURFACE_SIDE_STYLE('',(#9853));
#9853 = SURFACE_STYLE_FILL_AREA(#9854);
#9854 = FILL_AREA_STYLE('',(#9855));
#9855 = FILL_AREA_STYLE_COLOUR('',#9008);
#9856 = OVER_RIDING_STYLED_ITEM('overriding color',(#9857),#4077,#8991);
#9857 = PRESENTATION_STYLE_ASSIGNMENT((#9858));
#9858 = SURFACE_STYLE_USAGE(.BOTH.,#9859);
#9859 = SURFACE_SIDE_STYLE('',(#9860));
#9860 = SURFACE_STYLE_FILL_AREA(#9861);
#9861 = FILL_AREA_STYLE('',(#9862));
#9862 = FILL_AREA_STYLE_COLOUR('',#9008);
#9863 = OVER_RIDING_STYLED_ITEM('overriding color',(#9864),#4119,#8991);
#9864 = PRESENTATION_STYLE_ASSIGNMENT((#9865));
#9865 = SURFACE_STYLE_USAGE(.BOTH.,#9866);
#9866 = SURFACE_SIDE_STYLE('',(#9867));
#9867 = SURFACE_STYLE_FILL_AREA(#9868);
#9868 = FILL_AREA_STYLE('',(#9869));
#9869 = FILL_AREA_STYLE_COLOUR('',#9008);
#9870 = OVER_RIDING_STYLED_ITEM('overriding color',(#9871),#4143,#8991);
#9871 = PRESENTATION_STYLE_ASSIGNMENT((#9872));
#9872 = SURFACE_STYLE_USAGE(.BOTH.,#9873);
#9873 = SURFACE_SIDE_STYLE('',(#9874));
#9874 = SURFACE_STYLE_FILL_AREA(#9875);
#9875 = FILL_AREA_STYLE('',(#9876));
#9876 = FILL_AREA_STYLE_COLOUR('',#9008);
#9877 = OVER_RIDING_STYLED_ITEM('overriding color',(#9878),#4185,#8991);
#9878 = PRESENTATION_STYLE_ASSIGNMENT((#9879));
#9879 = SURFACE_STYLE_USAGE(.BOTH.,#9880);
#9880 = SURFACE_SIDE_STYLE('',(#9881));
#9881 = SURFACE_STYLE_FILL_AREA(#9882);
#9882 = FILL_AREA_STYLE('',(#9883));
#9883 = FILL_AREA_STYLE_COLOUR('',#9008);
#9884 = OVER_RIDING_STYLED_ITEM('overriding color',(#9885),#4209,#8991);
#9885 = PRESENTATION_STYLE_ASSIGNMENT((#9886));
#9886 = SURFACE_STYLE_USAGE(.BOTH.,#9887);
#9887 = SURFACE_SIDE_STYLE('',(#9888));
#9888 = SURFACE_STYLE_FILL_AREA(#9889);
#9889 = FILL_AREA_STYLE('',(#9890));
#9890 = FILL_AREA_STYLE_COLOUR('',#9008);
#9891 = OVER_RIDING_STYLED_ITEM('overriding color',(#9892),#4251,#8991);
#9892 = PRESENTATION_STYLE_ASSIGNMENT((#9893));
#9893 = SURFACE_STYLE_USAGE(.BOTH.,#9894);
#9894 = SURFACE_SIDE_STYLE('',(#9895));
#9895 = SURFACE_STYLE_FILL_AREA(#9896);
#9896 = FILL_AREA_STYLE('',(#9897));
#9897 = FILL_AREA_STYLE_COLOUR('',#9008);
#9898 = OVER_RIDING_STYLED_ITEM('overriding color',(#9899),#4275,#8991);
#9899 = PRESENTATION_STYLE_ASSIGNMENT((#9900));
#9900 = SURFACE_STYLE_USAGE(.BOTH.,#9901);
#9901 = SURFACE_SIDE_STYLE('',(#9902));
#9902 = SURFACE_STYLE_FILL_AREA(#9903);
#9903 = FILL_AREA_STYLE('',(#9904));
#9904 = FILL_AREA_STYLE_COLOUR('',#9008);
#9905 = OVER_RIDING_STYLED_ITEM('overriding color',(#9906),#4317,#8991);
#9906 = PRESENTATION_STYLE_ASSIGNMENT((#9907));
#9907 = SURFACE_STYLE_USAGE(.BOTH.,#9908);
#9908 = SURFACE_SIDE_STYLE('',(#9909));
#9909 = SURFACE_STYLE_FILL_AREA(#9910);
#9910 = FILL_AREA_STYLE('',(#9911));
#9911 = FILL_AREA_STYLE_COLOUR('',#9008);
#9912 = OVER_RIDING_STYLED_ITEM('overriding color',(#9913),#4341,#8991);
#9913 = PRESENTATION_STYLE_ASSIGNMENT((#9914));
#9914 = SURFACE_STYLE_USAGE(.BOTH.,#9915);
#9915 = SURFACE_SIDE_STYLE('',(#9916));
#9916 = SURFACE_STYLE_FILL_AREA(#9917);
#9917 = FILL_AREA_STYLE('',(#9918));
#9918 = FILL_AREA_STYLE_COLOUR('',#9008);
#9919 = OVER_RIDING_STYLED_ITEM('overriding color',(#9920),#4383,#8991);
#9920 = PRESENTATION_STYLE_ASSIGNMENT((#9921));
#9921 = SURFACE_STYLE_USAGE(.BOTH.,#9922);
#9922 = SURFACE_SIDE_STYLE('',(#9923));
#9923 = SURFACE_STYLE_FILL_AREA(#9924);
#9924 = FILL_AREA_STYLE('',(#9925));
#9925 = FILL_AREA_STYLE_COLOUR('',#9008);
#9926 = OVER_RIDING_STYLED_ITEM('overriding color',(#9927),#4407,#8991);
#9927 = PRESENTATION_STYLE_ASSIGNMENT((#9928));
#9928 = SURFACE_STYLE_USAGE(.BOTH.,#9929);
#9929 = SURFACE_SIDE_STYLE('',(#9930));
#9930 = SURFACE_STYLE_FILL_AREA(#9931);
#9931 = FILL_AREA_STYLE('',(#9932));
#9932 = FILL_AREA_STYLE_COLOUR('',#9008);
#9933 = OVER_RIDING_STYLED_ITEM('overriding color',(#9934),#4449,#8991);
#9934 = PRESENTATION_STYLE_ASSIGNMENT((#9935));
#9935 = SURFACE_STYLE_USAGE(.BOTH.,#9936);
#9936 = SURFACE_SIDE_STYLE('',(#9937));
#9937 = SURFACE_STYLE_FILL_AREA(#9938);
#9938 = FILL_AREA_STYLE('',(#9939));
#9939 = FILL_AREA_STYLE_COLOUR('',#9008);
#9940 = OVER_RIDING_STYLED_ITEM('overriding color',(#9941),#4473,#8991);
#9941 = PRESENTATION_STYLE_ASSIGNMENT((#9942));
#9942 = SURFACE_STYLE_USAGE(.BOTH.,#9943);
#9943 = SURFACE_SIDE_STYLE('',(#9944));
#9944 = SURFACE_STYLE_FILL_AREA(#9945);
#9945 = FILL_AREA_STYLE('',(#9946));
#9946 = FILL_AREA_STYLE_COLOUR('',#9008);
#9947 = OVER_RIDING_STYLED_ITEM('overriding color',(#9948),#4515,#8991);
#9948 = PRESENTATION_STYLE_ASSIGNMENT((#9949));
#9949 = SURFACE_STYLE_USAGE(.BOTH.,#9950);
#9950 = SURFACE_SIDE_STYLE('',(#9951));
#9951 = SURFACE_STYLE_FILL_AREA(#9952);
#9952 = FILL_AREA_STYLE('',(#9953));
#9953 = FILL_AREA_STYLE_COLOUR('',#9008);
#9954 = OVER_RIDING_STYLED_ITEM('overriding color',(#9955),#4539,#8991);
#9955 = PRESENTATION_STYLE_ASSIGNMENT((#9956));
#9956 = SURFACE_STYLE_USAGE(.BOTH.,#9957);
#9957 = SURFACE_SIDE_STYLE('',(#9958));
#9958 = SURFACE_STYLE_FILL_AREA(#9959);
#9959 = FILL_AREA_STYLE('',(#9960));
#9960 = FILL_AREA_STYLE_COLOUR('',#9008);
#9961 = OVER_RIDING_STYLED_ITEM('overriding color',(#9962),#4581,#8991);
#9962 = PRESENTATION_STYLE_ASSIGNMENT((#9963));
#9963 = SURFACE_STYLE_USAGE(.BOTH.,#9964);
#9964 = SURFACE_SIDE_STYLE('',(#9965));
#9965 = SURFACE_STYLE_FILL_AREA(#9966);
#9966 = FILL_AREA_STYLE('',(#9967));
#9967 = FILL_AREA_STYLE_COLOUR('',#9008);
#9968 = OVER_RIDING_STYLED_ITEM('overriding color',(#9969),#4605,#8991);
#9969 = PRESENTATION_STYLE_ASSIGNMENT((#9970));
#9970 = SURFACE_STYLE_USAGE(.BOTH.,#9971);
#9971 = SURFACE_SIDE_STYLE('',(#9972));
#9972 = SURFACE_STYLE_FILL_AREA(#9973);
#9973 = FILL_AREA_STYLE('',(#9974));
#9974 = FILL_AREA_STYLE_COLOUR('',#9008);
#9975 = OVER_RIDING_STYLED_ITEM('overriding color',(#9976),#4647,#8991);
#9976 = PRESENTATION_STYLE_ASSIGNMENT((#9977));
#9977 = SURFACE_STYLE_USAGE(.BOTH.,#9978);
#9978 = SURFACE_SIDE_STYLE('',(#9979));
#9979 = SURFACE_STYLE_FILL_AREA(#9980);
#9980 = FILL_AREA_STYLE('',(#9981));
#9981 = FILL_AREA_STYLE_COLOUR('',#9008);
#9982 = OVER_RIDING_STYLED_ITEM('overriding color',(#9983),#4671,#8991);
#9983 = PRESENTATION_STYLE_ASSIGNMENT((#9984));
#9984 = SURFACE_STYLE_USAGE(.BOTH.,#9985);
#9985 = SURFACE_SIDE_STYLE('',(#9986));
#9986 = SURFACE_STYLE_FILL_AREA(#9987);
#9987 = FILL_AREA_STYLE('',(#9988));
#9988 = FILL_AREA_STYLE_COLOUR('',#9008);
#9989 = OVER_RIDING_STYLED_ITEM('overriding color',(#9990),#4713,#8991);
#9990 = PRESENTATION_STYLE_ASSIGNMENT((#9991));
#9991 = SURFACE_STYLE_USAGE(.BOTH.,#9992);
#9992 = SURFACE_SIDE_STYLE('',(#9993));
#9993 = SURFACE_STYLE_FILL_AREA(#9994);
#9994 = FILL_AREA_STYLE('',(#9995));
#9995 = FILL_AREA_STYLE_COLOUR('',#9008);
#9996 = OVER_RIDING_STYLED_ITEM('overriding color',(#9997),#4737,#8991);
#9997 = PRESENTATION_STYLE_ASSIGNMENT((#9998));
#9998 = SURFACE_STYLE_USAGE(.BOTH.,#9999);
#9999 = SURFACE_SIDE_STYLE('',(#10000));
#10000 = SURFACE_STYLE_FILL_AREA(#10001);
#10001 = FILL_AREA_STYLE('',(#10002));
#10002 = FILL_AREA_STYLE_COLOUR('',#9008);
#10003 = OVER_RIDING_STYLED_ITEM('overriding color',(#10004),#4779,#8991  );
#10004 = PRESENTATION_STYLE_ASSIGNMENT((#10005));
#10005 = SURFACE_STYLE_USAGE(.BOTH.,#10006);
#10006 = SURFACE_SIDE_STYLE('',(#10007));
#10007 = SURFACE_STYLE_FILL_AREA(#10008);
#10008 = FILL_AREA_STYLE('',(#10009));
#10009 = FILL_AREA_STYLE_COLOUR('',#9008);
#10010 = OVER_RIDING_STYLED_ITEM('overriding color',(#10011),#4803,#8991  );
#10011 = PRESENTATION_STYLE_ASSIGNMENT((#10012));
#10012 = SURFACE_STYLE_USAGE(.BOTH.,#10013);
#10013 = SURFACE_SIDE_STYLE('',(#10014));
#10014 = SURFACE_STYLE_FILL_AREA(#10015);
#10015 = FILL_AREA_STYLE('',(#10016));
#10016 = FILL_AREA_STYLE_COLOUR('',#9008);
#10017 = OVER_RIDING_STYLED_ITEM('overriding color',(#10018),#4845,#8991  );
#10018 = PRESENTATION_STYLE_ASSIGNMENT((#10019));
#10019 = SURFACE_STYLE_USAGE(.BOTH.,#10020);
#10020 = SURFACE_SIDE_STYLE('',(#10021));
#10021 = SURFACE_STYLE_FILL_AREA(#10022);
#10022 = FILL_AREA_STYLE('',(#10023));
#10023 = FILL_AREA_STYLE_COLOUR('',#9008);
#10024 = OVER_RIDING_STYLED_ITEM('overriding color',(#10025),#4869,#8991  );
#10025 = PRESENTATION_STYLE_ASSIGNMENT((#10026));
#10026 = SURFACE_STYLE_USAGE(.BOTH.,#10027);
#10027 = SURFACE_SIDE_STYLE('',(#10028));
#10028 = SURFACE_STYLE_FILL_AREA(#10029);
#10029 = FILL_AREA_STYLE('',(#10030));
#10030 = FILL_AREA_STYLE_COLOUR('',#9008);
#10031 = OVER_RIDING_STYLED_ITEM('overriding color',(#10032),#4911,#8991  );
#10032 = PRESENTATION_STYLE_ASSIGNMENT((#10033));
#10033 = SURFACE_STYLE_USAGE(.BOTH.,#10034);
#10034 = SURFACE_SIDE_STYLE('',(#10035));
#10035 = SURFACE_STYLE_FILL_AREA(#10036);
#10036 = FILL_AREA_STYLE('',(#10037));
#10037 = FILL_AREA_STYLE_COLOUR('',#9008);
#10038 = OVER_RIDING_STYLED_ITEM('overriding color',(#10039),#4935,#8991  );
#10039 = PRESENTATION_STYLE_ASSIGNMENT((#10040));
#10040 = SURFACE_STYLE_USAGE(.BOTH.,#10041);
#10041 = SURFACE_SIDE_STYLE('',(#10042));
#10042 = SURFACE_STYLE_FILL_AREA(#10043);
#10043 = FILL_AREA_STYLE('',(#10044));
#10044 = FILL_AREA_STYLE_COLOUR('',#9008);
#10045 = OVER_RIDING_STYLED_ITEM('overriding color',(#10046),#4977,#8991  );
#10046 = PRESENTATION_STYLE_ASSIGNMENT((#10047));
#10047 = SURFACE_STYLE_USAGE(.BOTH.,#10048);
#10048 = SURFACE_SIDE_STYLE('',(#10049));
#10049 = SURFACE_STYLE_FILL_AREA(#10050);
#10050 = FILL_AREA_STYLE('',(#10051));
#10051 = FILL_AREA_STYLE_COLOUR('',#9008);
#10052 = OVER_RIDING_STYLED_ITEM('overriding color',(#10053),#5001,#8991  );
#10053 = PRESENTATION_STYLE_ASSIGNMENT((#10054));
#10054 = SURFACE_STYLE_USAGE(.BOTH.,#10055);
#10055 = SURFACE_SIDE_STYLE('',(#10056));
#10056 = SURFACE_STYLE_FILL_AREA(#10057);
#10057 = FILL_AREA_STYLE('',(#10058));
#10058 = FILL_AREA_STYLE_COLOUR('',#9008);
#10059 = OVER_RIDING_STYLED_ITEM('overriding color',(#10060),#5043,#8991  );
#10060 = PRESENTATION_STYLE_ASSIGNMENT((#10061));
#10061 = SURFACE_STYLE_USAGE(.BOTH.,#10062);
#10062 = SURFACE_SIDE_STYLE('',(#10063));
#10063 = SURFACE_STYLE_FILL_AREA(#10064);
#10064 = FILL_AREA_STYLE('',(#10065));
#10065 = FILL_AREA_STYLE_COLOUR('',#9008);
#10066 = OVER_RIDING_STYLED_ITEM('overriding color',(#10067),#5067,#8991  );
#10067 = PRESENTATION_STYLE_ASSIGNMENT((#10068));
#10068 = SURFACE_STYLE_USAGE(.BOTH.,#10069);
#10069 = SURFACE_SIDE_STYLE('',(#10070));
#10070 = SURFACE_STYLE_FILL_AREA(#10071);
#10071 = FILL_AREA_STYLE('',(#10072));
#10072 = FILL_AREA_STYLE_COLOUR('',#9008);
#10073 = OVER_RIDING_STYLED_ITEM('overriding color',(#10074),#5109,#8991  );
#10074 = PRESENTATION_STYLE_ASSIGNMENT((#10075));
#10075 = SURFACE_STYLE_USAGE(.BOTH.,#10076);
#10076 = SURFACE_SIDE_STYLE('',(#10077));
#10077 = SURFACE_STYLE_FILL_AREA(#10078);
#10078 = FILL_AREA_STYLE('',(#10079));
#10079 = FILL_AREA_STYLE_COLOUR('',#9008);
#10080 = OVER_RIDING_STYLED_ITEM('overriding color',(#10081),#5133,#8991  );
#10081 = PRESENTATION_STYLE_ASSIGNMENT((#10082));
#10082 = SURFACE_STYLE_USAGE(.BOTH.,#10083);
#10083 = SURFACE_SIDE_STYLE('',(#10084));
#10084 = SURFACE_STYLE_FILL_AREA(#10085);
#10085 = FILL_AREA_STYLE('',(#10086));
#10086 = FILL_AREA_STYLE_COLOUR('',#9008);
#10087 = OVER_RIDING_STYLED_ITEM('overriding color',(#10088),#5175,#8991  );
#10088 = PRESENTATION_STYLE_ASSIGNMENT((#10089));
#10089 = SURFACE_STYLE_USAGE(.BOTH.,#10090);
#10090 = SURFACE_SIDE_STYLE('',(#10091));
#10091 = SURFACE_STYLE_FILL_AREA(#10092);
#10092 = FILL_AREA_STYLE('',(#10093));
#10093 = FILL_AREA_STYLE_COLOUR('',#9008);
#10094 = OVER_RIDING_STYLED_ITEM('overriding color',(#10095),#5199,#8991  );
#10095 = PRESENTATION_STYLE_ASSIGNMENT((#10096));
#10096 = SURFACE_STYLE_USAGE(.BOTH.,#10097);
#10097 = SURFACE_SIDE_STYLE('',(#10098));
#10098 = SURFACE_STYLE_FILL_AREA(#10099);
#10099 = FILL_AREA_STYLE('',(#10100));
#10100 = FILL_AREA_STYLE_COLOUR('',#9008);
#10101 = OVER_RIDING_STYLED_ITEM('overriding color',(#10102),#5241,#8991  );
#10102 = PRESENTATION_STYLE_ASSIGNMENT((#10103));
#10103 = SURFACE_STYLE_USAGE(.BOTH.,#10104);
#10104 = SURFACE_SIDE_STYLE('',(#10105));
#10105 = SURFACE_STYLE_FILL_AREA(#10106);
#10106 = FILL_AREA_STYLE('',(#10107));
#10107 = FILL_AREA_STYLE_COLOUR('',#9008);
#10108 = OVER_RIDING_STYLED_ITEM('overriding color',(#10109),#5265,#8991  );
#10109 = PRESENTATION_STYLE_ASSIGNMENT((#10110));
#10110 = SURFACE_STYLE_USAGE(.BOTH.,#10111);
#10111 = SURFACE_SIDE_STYLE('',(#10112));
#10112 = SURFACE_STYLE_FILL_AREA(#10113);
#10113 = FILL_AREA_STYLE('',(#10114));
#10114 = FILL_AREA_STYLE_COLOUR('',#9008);
#10115 = OVER_RIDING_STYLED_ITEM('overriding color',(#10116),#5307,#8991  );
#10116 = PRESENTATION_STYLE_ASSIGNMENT((#10117));
#10117 = SURFACE_STYLE_USAGE(.BOTH.,#10118);
#10118 = SURFACE_SIDE_STYLE('',(#10119));
#10119 = SURFACE_STYLE_FILL_AREA(#10120);
#10120 = FILL_AREA_STYLE('',(#10121));
#10121 = FILL_AREA_STYLE_COLOUR('',#9008);
#10122 = OVER_RIDING_STYLED_ITEM('overriding color',(#10123),#5331,#8991  );
#10123 = PRESENTATION_STYLE_ASSIGNMENT((#10124));
#10124 = SURFACE_STYLE_USAGE(.BOTH.,#10125);
#10125 = SURFACE_SIDE_STYLE('',(#10126));
#10126 = SURFACE_STYLE_FILL_AREA(#10127);
#10127 = FILL_AREA_STYLE('',(#10128));
#10128 = FILL_AREA_STYLE_COLOUR('',#9008);
#10129 = OVER_RIDING_STYLED_ITEM('overriding color',(#10130),#5373,#8991  );
#10130 = PRESENTATION_STYLE_ASSIGNMENT((#10131));
#10131 = SURFACE_STYLE_USAGE(.BOTH.,#10132);
#10132 = SURFACE_SIDE_STYLE('',(#10133));
#10133 = SURFACE_STYLE_FILL_AREA(#10134);
#10134 = FILL_AREA_STYLE('',(#10135));
#10135 = FILL_AREA_STYLE_COLOUR('',#9008);
#10136 = OVER_RIDING_STYLED_ITEM('overriding color',(#10137),#5397,#8991  );
#10137 = PRESENTATION_STYLE_ASSIGNMENT((#10138));
#10138 = SURFACE_STYLE_USAGE(.BOTH.,#10139);
#10139 = SURFACE_SIDE_STYLE('',(#10140));
#10140 = SURFACE_STYLE_FILL_AREA(#10141);
#10141 = FILL_AREA_STYLE('',(#10142));
#10142 = FILL_AREA_STYLE_COLOUR('',#9008);
#10143 = OVER_RIDING_STYLED_ITEM('overriding color',(#10144),#5439,#8991  );
#10144 = PRESENTATION_STYLE_ASSIGNMENT((#10145));
#10145 = SURFACE_STYLE_USAGE(.BOTH.,#10146);
#10146 = SURFACE_SIDE_STYLE('',(#10147));
#10147 = SURFACE_STYLE_FILL_AREA(#10148);
#10148 = FILL_AREA_STYLE('',(#10149));
#10149 = FILL_AREA_STYLE_COLOUR('',#9008);
#10150 = OVER_RIDING_STYLED_ITEM('overriding color',(#10151),#5463,#8991  );
#10151 = PRESENTATION_STYLE_ASSIGNMENT((#10152));
#10152 = SURFACE_STYLE_USAGE(.BOTH.,#10153);
#10153 = SURFACE_SIDE_STYLE('',(#10154));
#10154 = SURFACE_STYLE_FILL_AREA(#10155);
#10155 = FILL_AREA_STYLE('',(#10156));
#10156 = FILL_AREA_STYLE_COLOUR('',#9008);
#10157 = OVER_RIDING_STYLED_ITEM('overriding color',(#10158),#5505,#8991  );
#10158 = PRESENTATION_STYLE_ASSIGNMENT((#10159));
#10159 = SURFACE_STYLE_USAGE(.BOTH.,#10160);
#10160 = SURFACE_SIDE_STYLE('',(#10161));
#10161 = SURFACE_STYLE_FILL_AREA(#10162);
#10162 = FILL_AREA_STYLE('',(#10163));
#10163 = FILL_AREA_STYLE_COLOUR('',#9008);
#10164 = OVER_RIDING_STYLED_ITEM('overriding color',(#10165),#5529,#8991  );
#10165 = PRESENTATION_STYLE_ASSIGNMENT((#10166));
#10166 = SURFACE_STYLE_USAGE(.BOTH.,#10167);
#10167 = SURFACE_SIDE_STYLE('',(#10168));
#10168 = SURFACE_STYLE_FILL_AREA(#10169);
#10169 = FILL_AREA_STYLE('',(#10170));
#10170 = FILL_AREA_STYLE_COLOUR('',#9008);
#10171 = OVER_RIDING_STYLED_ITEM('overriding color',(#10172),#5571,#8991  );
#10172 = PRESENTATION_STYLE_ASSIGNMENT((#10173));
#10173 = SURFACE_STYLE_USAGE(.BOTH.,#10174);
#10174 = SURFACE_SIDE_STYLE('',(#10175));
#10175 = SURFACE_STYLE_FILL_AREA(#10176);
#10176 = FILL_AREA_STYLE('',(#10177));
#10177 = FILL_AREA_STYLE_COLOUR('',#9008);
#10178 = OVER_RIDING_STYLED_ITEM('overriding color',(#10179),#5595,#8991  );
#10179 = PRESENTATION_STYLE_ASSIGNMENT((#10180));
#10180 = SURFACE_STYLE_USAGE(.BOTH.,#10181);
#10181 = SURFACE_SIDE_STYLE('',(#10182));
#10182 = SURFACE_STYLE_FILL_AREA(#10183);
#10183 = FILL_AREA_STYLE('',(#10184));
#10184 = FILL_AREA_STYLE_COLOUR('',#9008);
#10185 = OVER_RIDING_STYLED_ITEM('overriding color',(#10186),#5637,#8991  );
#10186 = PRESENTATION_STYLE_ASSIGNMENT((#10187));
#10187 = SURFACE_STYLE_USAGE(.BOTH.,#10188);
#10188 = SURFACE_SIDE_STYLE('',(#10189));
#10189 = SURFACE_STYLE_FILL_AREA(#10190);
#10190 = FILL_AREA_STYLE('',(#10191));
#10191 = FILL_AREA_STYLE_COLOUR('',#9008);
#10192 = OVER_RIDING_STYLED_ITEM('overriding color',(#10193),#5661,#8991  );
#10193 = PRESENTATION_STYLE_ASSIGNMENT((#10194));
#10194 = SURFACE_STYLE_USAGE(.BOTH.,#10195);
#10195 = SURFACE_SIDE_STYLE('',(#10196));
#10196 = SURFACE_STYLE_FILL_AREA(#10197);
#10197 = FILL_AREA_STYLE('',(#10198));
#10198 = FILL_AREA_STYLE_COLOUR('',#9008);
#10199 = OVER_RIDING_STYLED_ITEM('overriding color',(#10200),#5703,#8991  );
#10200 = PRESENTATION_STYLE_ASSIGNMENT((#10201));
#10201 = SURFACE_STYLE_USAGE(.BOTH.,#10202);
#10202 = SURFACE_SIDE_STYLE('',(#10203));
#10203 = SURFACE_STYLE_FILL_AREA(#10204);
#10204 = FILL_AREA_STYLE('',(#10205));
#10205 = FILL_AREA_STYLE_COLOUR('',#9008);
#10206 = OVER_RIDING_STYLED_ITEM('overriding color',(#10207),#5727,#8991  );
#10207 = PRESENTATION_STYLE_ASSIGNMENT((#10208));
#10208 = SURFACE_STYLE_USAGE(.BOTH.,#10209);
#10209 = SURFACE_SIDE_STYLE('',(#10210));
#10210 = SURFACE_STYLE_FILL_AREA(#10211);
#10211 = FILL_AREA_STYLE('',(#10212));
#10212 = FILL_AREA_STYLE_COLOUR('',#9008);
#10213 = OVER_RIDING_STYLED_ITEM('overriding color',(#10214),#5769,#8991  );
#10214 = PRESENTATION_STYLE_ASSIGNMENT((#10215));
#10215 = SURFACE_STYLE_USAGE(.BOTH.,#10216);
#10216 = SURFACE_SIDE_STYLE('',(#10217));
#10217 = SURFACE_STYLE_FILL_AREA(#10218);
#10218 = FILL_AREA_STYLE('',(#10219));
#10219 = FILL_AREA_STYLE_COLOUR('',#9008);
#10220 = OVER_RIDING_STYLED_ITEM('overriding color',(#10221),#5793,#8991  );
#10221 = PRESENTATION_STYLE_ASSIGNMENT((#10222));
#10222 = SURFACE_STYLE_USAGE(.BOTH.,#10223);
#10223 = SURFACE_SIDE_STYLE('',(#10224));
#10224 = SURFACE_STYLE_FILL_AREA(#10225);
#10225 = FILL_AREA_STYLE('',(#10226));
#10226 = FILL_AREA_STYLE_COLOUR('',#9008);
#10227 = OVER_RIDING_STYLED_ITEM('overriding color',(#10228),#5835,#8991  );
#10228 = PRESENTATION_STYLE_ASSIGNMENT((#10229));
#10229 = SURFACE_STYLE_USAGE(.BOTH.,#10230);
#10230 = SURFACE_SIDE_STYLE('',(#10231));
#10231 = SURFACE_STYLE_FILL_AREA(#10232);
#10232 = FILL_AREA_STYLE('',(#10233));
#10233 = FILL_AREA_STYLE_COLOUR('',#9008);
#10234 = OVER_RIDING_STYLED_ITEM('overriding color',(#10235),#5859,#8991  );
#10235 = PRESENTATION_STYLE_ASSIGNMENT((#10236));
#10236 = SURFACE_STYLE_USAGE(.BOTH.,#10237);
#10237 = SURFACE_SIDE_STYLE('',(#10238));
#10238 = SURFACE_STYLE_FILL_AREA(#10239);
#10239 = FILL_AREA_STYLE('',(#10240));
#10240 = FILL_AREA_STYLE_COLOUR('',#9008);
#10241 = OVER_RIDING_STYLED_ITEM('overriding color',(#10242),#5901,#8991  );
#10242 = PRESENTATION_STYLE_ASSIGNMENT((#10243));
#10243 = SURFACE_STYLE_USAGE(.BOTH.,#10244);
#10244 = SURFACE_SIDE_STYLE('',(#10245));
#10245 = SURFACE_STYLE_FILL_AREA(#10246);
#10246 = FILL_AREA_STYLE('',(#10247));
#10247 = FILL_AREA_STYLE_COLOUR('',#9008);
#10248 = OVER_RIDING_STYLED_ITEM('overriding color',(#10249),#5925,#8991  );
#10249 = PRESENTATION_STYLE_ASSIGNMENT((#10250));
#10250 = SURFACE_STYLE_USAGE(.BOTH.,#10251);
#10251 = SURFACE_SIDE_STYLE('',(#10252));
#10252 = SURFACE_STYLE_FILL_AREA(#10253);
#10253 = FILL_AREA_STYLE('',(#10254));
#10254 = FILL_AREA_STYLE_COLOUR('',#9008);
#10255 = OVER_RIDING_STYLED_ITEM('overriding color',(#10256),#5967,#8991  );
#10256 = PRESENTATION_STYLE_ASSIGNMENT((#10257));
#10257 = SURFACE_STYLE_USAGE(.BOTH.,#10258);
#10258 = SURFACE_SIDE_STYLE('',(#10259));
#10259 = SURFACE_STYLE_FILL_AREA(#10260);
#10260 = FILL_AREA_STYLE('',(#10261));
#10261 = FILL_AREA_STYLE_COLOUR('',#9008);
#10262 = OVER_RIDING_STYLED_ITEM('overriding color',(#10263),#5991,#8991  );
#10263 = PRESENTATION_STYLE_ASSIGNMENT((#10264));
#10264 = SURFACE_STYLE_USAGE(.BOTH.,#10265);
#10265 = SURFACE_SIDE_STYLE('',(#10266));
#10266 = SURFACE_STYLE_FILL_AREA(#10267);
#10267 = FILL_AREA_STYLE('',(#10268));
#10268 = FILL_AREA_STYLE_COLOUR('',#9008);
#10269 = OVER_RIDING_STYLED_ITEM('overriding color',(#10270),#6033,#8991  );
#10270 = PRESENTATION_STYLE_ASSIGNMENT((#10271));
#10271 = SURFACE_STYLE_USAGE(.BOTH.,#10272);
#10272 = SURFACE_SIDE_STYLE('',(#10273));
#10273 = SURFACE_STYLE_FILL_AREA(#10274);
#10274 = FILL_AREA_STYLE('',(#10275));
#10275 = FILL_AREA_STYLE_COLOUR('',#9008);
#10276 = OVER_RIDING_STYLED_ITEM('overriding color',(#10277),#6057,#8991  );
#10277 = PRESENTATION_STYLE_ASSIGNMENT((#10278));
#10278 = SURFACE_STYLE_USAGE(.BOTH.,#10279);
#10279 = SURFACE_SIDE_STYLE('',(#10280));
#10280 = SURFACE_STYLE_FILL_AREA(#10281);
#10281 = FILL_AREA_STYLE('',(#10282));
#10282 = FILL_AREA_STYLE_COLOUR('',#9008);
#10283 = OVER_RIDING_STYLED_ITEM('overriding color',(#10284),#6099,#8991  );
#10284 = PRESENTATION_STYLE_ASSIGNMENT((#10285));
#10285 = SURFACE_STYLE_USAGE(.BOTH.,#10286);
#10286 = SURFACE_SIDE_STYLE('',(#10287));
#10287 = SURFACE_STYLE_FILL_AREA(#10288);
#10288 = FILL_AREA_STYLE('',(#10289));
#10289 = FILL_AREA_STYLE_COLOUR('',#9008);
#10290 = OVER_RIDING_STYLED_ITEM('overriding color',(#10291),#6123,#8991  );
#10291 = PRESENTATION_STYLE_ASSIGNMENT((#10292));
#10292 = SURFACE_STYLE_USAGE(.BOTH.,#10293);
#10293 = SURFACE_SIDE_STYLE('',(#10294));
#10294 = SURFACE_STYLE_FILL_AREA(#10295);
#10295 = FILL_AREA_STYLE('',(#10296));
#10296 = FILL_AREA_STYLE_COLOUR('',#9008);
#10297 = OVER_RIDING_STYLED_ITEM('overriding color',(#10298),#6165,#8991  );
#10298 = PRESENTATION_STYLE_ASSIGNMENT((#10299));
#10299 = SURFACE_STYLE_USAGE(.BOTH.,#10300);
#10300 = SURFACE_SIDE_STYLE('',(#10301));
#10301 = SURFACE_STYLE_FILL_AREA(#10302);
#10302 = FILL_AREA_STYLE('',(#10303));
#10303 = FILL_AREA_STYLE_COLOUR('',#9008);
#10304 = OVER_RIDING_STYLED_ITEM('overriding color',(#10305),#6189,#8991  );
#10305 = PRESENTATION_STYLE_ASSIGNMENT((#10306));
#10306 = SURFACE_STYLE_USAGE(.BOTH.,#10307);
#10307 = SURFACE_SIDE_STYLE('',(#10308));
#10308 = SURFACE_STYLE_FILL_AREA(#10309);
#10309 = FILL_AREA_STYLE('',(#10310));
#10310 = FILL_AREA_STYLE_COLOUR('',#9008);
#10311 = OVER_RIDING_STYLED_ITEM('overriding color',(#10312),#6231,#8991  );
#10312 = PRESENTATION_STYLE_ASSIGNMENT((#10313));
#10313 = SURFACE_STYLE_USAGE(.BOTH.,#10314);
#10314 = SURFACE_SIDE_STYLE('',(#10315));
#10315 = SURFACE_STYLE_FILL_AREA(#10316);
#10316 = FILL_AREA_STYLE('',(#10317));
#10317 = FILL_AREA_STYLE_COLOUR('',#9008);
#10318 = OVER_RIDING_STYLED_ITEM('overriding color',(#10319),#6255,#8991  );
#10319 = PRESENTATION_STYLE_ASSIGNMENT((#10320));
#10320 = SURFACE_STYLE_USAGE(.BOTH.,#10321);
#10321 = SURFACE_SIDE_STYLE('',(#10322));
#10322 = SURFACE_STYLE_FILL_AREA(#10323);
#10323 = FILL_AREA_STYLE('',(#10324));
#10324 = FILL_AREA_STYLE_COLOUR('',#9008);
#10325 = OVER_RIDING_STYLED_ITEM('overriding color',(#10326),#6297,#8991  );
#10326 = PRESENTATION_STYLE_ASSIGNMENT((#10327));
#10327 = SURFACE_STYLE_USAGE(.BOTH.,#10328);
#10328 = SURFACE_SIDE_STYLE('',(#10329));
#10329 = SURFACE_STYLE_FILL_AREA(#10330);
#10330 = FILL_AREA_STYLE('',(#10331));
#10331 = FILL_AREA_STYLE_COLOUR('',#9008);
#10332 = OVER_RIDING_STYLED_ITEM('overriding color',(#10333),#6321,#8991  );
#10333 = PRESENTATION_STYLE_ASSIGNMENT((#10334));
#10334 = SURFACE_STYLE_USAGE(.BOTH.,#10335);
#10335 = SURFACE_SIDE_STYLE('',(#10336));
#10336 = SURFACE_STYLE_FILL_AREA(#10337);
#10337 = FILL_AREA_STYLE('',(#10338));
#10338 = FILL_AREA_STYLE_COLOUR('',#9008);
#10339 = OVER_RIDING_STYLED_ITEM('overriding color',(#10340),#6363,#8991  );
#10340 = PRESENTATION_STYLE_ASSIGNMENT((#10341));
#10341 = SURFACE_STYLE_USAGE(.BOTH.,#10342);
#10342 = SURFACE_SIDE_STYLE('',(#10343));
#10343 = SURFACE_STYLE_FILL_AREA(#10344);
#10344 = FILL_AREA_STYLE('',(#10345));
#10345 = FILL_AREA_STYLE_COLOUR('',#9008);
#10346 = OVER_RIDING_STYLED_ITEM('overriding color',(#10347),#6387,#8991  );
#10347 = PRESENTATION_STYLE_ASSIGNMENT((#10348));
#10348 = SURFACE_STYLE_USAGE(.BOTH.,#10349);
#10349 = SURFACE_SIDE_STYLE('',(#10350));
#10350 = SURFACE_STYLE_FILL_AREA(#10351);
#10351 = FILL_AREA_STYLE('',(#10352));
#10352 = FILL_AREA_STYLE_COLOUR('',#9008);
#10353 = OVER_RIDING_STYLED_ITEM('overriding color',(#10354),#6429,#8991  );
#10354 = PRESENTATION_STYLE_ASSIGNMENT((#10355));
#10355 = SURFACE_STYLE_USAGE(.BOTH.,#10356);
#10356 = SURFACE_SIDE_STYLE('',(#10357));
#10357 = SURFACE_STYLE_FILL_AREA(#10358);
#10358 = FILL_AREA_STYLE('',(#10359));
#10359 = FILL_AREA_STYLE_COLOUR('',#9008);
#10360 = OVER_RIDING_STYLED_ITEM('overriding color',(#10361),#6453,#8991  );
#10361 = PRESENTATION_STYLE_ASSIGNMENT((#10362));
#10362 = SURFACE_STYLE_USAGE(.BOTH.,#10363);
#10363 = SURFACE_SIDE_STYLE('',(#10364));
#10364 = SURFACE_STYLE_FILL_AREA(#10365);
#10365 = FILL_AREA_STYLE('',(#10366));
#10366 = FILL_AREA_STYLE_COLOUR('',#9008);
#10367 = OVER_RIDING_STYLED_ITEM('overriding color',(#10368),#6495,#8991  );
#10368 = PRESENTATION_STYLE_ASSIGNMENT((#10369));
#10369 = SURFACE_STYLE_USAGE(.BOTH.,#10370);
#10370 = SURFACE_SIDE_STYLE('',(#10371));
#10371 = SURFACE_STYLE_FILL_AREA(#10372);
#10372 = FILL_AREA_STYLE('',(#10373));
#10373 = FILL_AREA_STYLE_COLOUR('',#9008);
#10374 = OVER_RIDING_STYLED_ITEM('overriding color',(#10375),#6519,#8991  );
#10375 = PRESENTATION_STYLE_ASSIGNMENT((#10376));
#10376 = SURFACE_STYLE_USAGE(.BOTH.,#10377);
#10377 = SURFACE_SIDE_STYLE('',(#10378));
#10378 = SURFACE_STYLE_FILL_AREA(#10379);
#10379 = FILL_AREA_STYLE('',(#10380));
#10380 = FILL_AREA_STYLE_COLOUR('',#9008);
#10381 = OVER_RIDING_STYLED_ITEM('overriding color',(#10382),#6561,#8991  );
#10382 = PRESENTATION_STYLE_ASSIGNMENT((#10383));
#10383 = SURFACE_STYLE_USAGE(.BOTH.,#10384);
#10384 = SURFACE_SIDE_STYLE('',(#10385));
#10385 = SURFACE_STYLE_FILL_AREA(#10386);
#10386 = FILL_AREA_STYLE('',(#10387));
#10387 = FILL_AREA_STYLE_COLOUR('',#9008);
#10388 = OVER_RIDING_STYLED_ITEM('overriding color',(#10389),#6585,#8991  );
#10389 = PRESENTATION_STYLE_ASSIGNMENT((#10390));
#10390 = SURFACE_STYLE_USAGE(.BOTH.,#10391);
#10391 = SURFACE_SIDE_STYLE('',(#10392));
#10392 = SURFACE_STYLE_FILL_AREA(#10393);
#10393 = FILL_AREA_STYLE('',(#10394));
#10394 = FILL_AREA_STYLE_COLOUR('',#9008);
#10395 = OVER_RIDING_STYLED_ITEM('overriding color',(#10396),#6627,#8991  );
#10396 = PRESENTATION_STYLE_ASSIGNMENT((#10397));
#10397 = SURFACE_STYLE_USAGE(.BOTH.,#10398);
#10398 = SURFACE_SIDE_STYLE('',(#10399));
#10399 = SURFACE_STYLE_FILL_AREA(#10400);
#10400 = FILL_AREA_STYLE('',(#10401));
#10401 = FILL_AREA_STYLE_COLOUR('',#9008);
#10402 = OVER_RIDING_STYLED_ITEM('overriding color',(#10403),#6651,#8991  );
#10403 = PRESENTATION_STYLE_ASSIGNMENT((#10404));
#10404 = SURFACE_STYLE_USAGE(.BOTH.,#10405);
#10405 = SURFACE_SIDE_STYLE('',(#10406));
#10406 = SURFACE_STYLE_FILL_AREA(#10407);
#10407 = FILL_AREA_STYLE('',(#10408));
#10408 = FILL_AREA_STYLE_COLOUR('',#9008);
#10409 = OVER_RIDING_STYLED_ITEM('overriding color',(#10410),#6693,#8991  );
#10410 = PRESENTATION_STYLE_ASSIGNMENT((#10411));
#10411 = SURFACE_STYLE_USAGE(.BOTH.,#10412);
#10412 = SURFACE_SIDE_STYLE('',(#10413));
#10413 = SURFACE_STYLE_FILL_AREA(#10414);
#10414 = FILL_AREA_STYLE('',(#10415));
#10415 = FILL_AREA_STYLE_COLOUR('',#9008);
#10416 = OVER_RIDING_STYLED_ITEM('overriding color',(#10417),#6717,#8991  );
#10417 = PRESENTATION_STYLE_ASSIGNMENT((#10418));
#10418 = SURFACE_STYLE_USAGE(.BOTH.,#10419);
#10419 = SURFACE_SIDE_STYLE('',(#10420));
#10420 = SURFACE_STYLE_FILL_AREA(#10421);
#10421 = FILL_AREA_STYLE('',(#10422));
#10422 = FILL_AREA_STYLE_COLOUR('',#9008);
#10423 = OVER_RIDING_STYLED_ITEM('overriding color',(#10424),#6759,#8991  );
#10424 = PRESENTATION_STYLE_ASSIGNMENT((#10425));
#10425 = SURFACE_STYLE_USAGE(.BOTH.,#10426);
#10426 = SURFACE_SIDE_STYLE('',(#10427));
#10427 = SURFACE_STYLE_FILL_AREA(#10428);
#10428 = FILL_AREA_STYLE('',(#10429));
#10429 = FILL_AREA_STYLE_COLOUR('',#9008);
#10430 = OVER_RIDING_STYLED_ITEM('overriding color',(#10431),#6783,#8991  );
#10431 = PRESENTATION_STYLE_ASSIGNMENT((#10432));
#10432 = SURFACE_STYLE_USAGE(.BOTH.,#10433);
#10433 = SURFACE_SIDE_STYLE('',(#10434));
#10434 = SURFACE_STYLE_FILL_AREA(#10435);
#10435 = FILL_AREA_STYLE('',(#10436));
#10436 = FILL_AREA_STYLE_COLOUR('',#9008);
#10437 = OVER_RIDING_STYLED_ITEM('overriding color',(#10438),#6825,#8991  );
#10438 = PRESENTATION_STYLE_ASSIGNMENT((#10439));
#10439 = SURFACE_STYLE_USAGE(.BOTH.,#10440);
#10440 = SURFACE_SIDE_STYLE('',(#10441));
#10441 = SURFACE_STYLE_FILL_AREA(#10442);
#10442 = FILL_AREA_STYLE('',(#10443));
#10443 = FILL_AREA_STYLE_COLOUR('',#9008);
#10444 = OVER_RIDING_STYLED_ITEM('overriding color',(#10445),#6849,#8991  );
#10445 = PRESENTATION_STYLE_ASSIGNMENT((#10446));
#10446 = SURFACE_STYLE_USAGE(.BOTH.,#10447);
#10447 = SURFACE_SIDE_STYLE('',(#10448));
#10448 = SURFACE_STYLE_FILL_AREA(#10449);
#10449 = FILL_AREA_STYLE('',(#10450));
#10450 = FILL_AREA_STYLE_COLOUR('',#9008);
#10451 = OVER_RIDING_STYLED_ITEM('overriding color',(#10452),#6891,#8991  );
#10452 = PRESENTATION_STYLE_ASSIGNMENT((#10453));
#10453 = SURFACE_STYLE_USAGE(.BOTH.,#10454);
#10454 = SURFACE_SIDE_STYLE('',(#10455));
#10455 = SURFACE_STYLE_FILL_AREA(#10456);
#10456 = FILL_AREA_STYLE('',(#10457));
#10457 = FILL_AREA_STYLE_COLOUR('',#9008);
#10458 = OVER_RIDING_STYLED_ITEM('overriding color',(#10459),#6915,#8991  );
#10459 = PRESENTATION_STYLE_ASSIGNMENT((#10460));
#10460 = SURFACE_STYLE_USAGE(.BOTH.,#10461);
#10461 = SURFACE_SIDE_STYLE('',(#10462));
#10462 = SURFACE_STYLE_FILL_AREA(#10463);
#10463 = FILL_AREA_STYLE('',(#10464));
#10464 = FILL_AREA_STYLE_COLOUR('',#9008);
#10465 = OVER_RIDING_STYLED_ITEM('overriding color',(#10466),#6957,#8991  );
#10466 = PRESENTATION_STYLE_ASSIGNMENT((#10467));
#10467 = SURFACE_STYLE_USAGE(.BOTH.,#10468);
#10468 = SURFACE_SIDE_STYLE('',(#10469));
#10469 = SURFACE_STYLE_FILL_AREA(#10470);
#10470 = FILL_AREA_STYLE('',(#10471));
#10471 = FILL_AREA_STYLE_COLOUR('',#9008);
#10472 = OVER_RIDING_STYLED_ITEM('overriding color',(#10473),#6981,#8991  );
#10473 = PRESENTATION_STYLE_ASSIGNMENT((#10474));
#10474 = SURFACE_STYLE_USAGE(.BOTH.,#10475);
#10475 = SURFACE_SIDE_STYLE('',(#10476));
#10476 = SURFACE_STYLE_FILL_AREA(#10477);
#10477 = FILL_AREA_STYLE('',(#10478));
#10478 = FILL_AREA_STYLE_COLOUR('',#9008);
#10479 = OVER_RIDING_STYLED_ITEM('overriding color',(#10480),#7023,#8991  );
#10480 = PRESENTATION_STYLE_ASSIGNMENT((#10481));
#10481 = SURFACE_STYLE_USAGE(.BOTH.,#10482);
#10482 = SURFACE_SIDE_STYLE('',(#10483));
#10483 = SURFACE_STYLE_FILL_AREA(#10484);
#10484 = FILL_AREA_STYLE('',(#10485));
#10485 = FILL_AREA_STYLE_COLOUR('',#9008);
#10486 = OVER_RIDING_STYLED_ITEM('overriding color',(#10487),#7047,#8991  );
#10487 = PRESENTATION_STYLE_ASSIGNMENT((#10488));
#10488 = SURFACE_STYLE_USAGE(.BOTH.,#10489);
#10489 = SURFACE_SIDE_STYLE('',(#10490));
#10490 = SURFACE_STYLE_FILL_AREA(#10491);
#10491 = FILL_AREA_STYLE('',(#10492));
#10492 = FILL_AREA_STYLE_COLOUR('',#9008);
#10493 = OVER_RIDING_STYLED_ITEM('overriding color',(#10494),#7089,#8991  );
#10494 = PRESENTATION_STYLE_ASSIGNMENT((#10495));
#10495 = SURFACE_STYLE_USAGE(.BOTH.,#10496);
#10496 = SURFACE_SIDE_STYLE('',(#10497));
#10497 = SURFACE_STYLE_FILL_AREA(#10498);
#10498 = FILL_AREA_STYLE('',(#10499));
#10499 = FILL_AREA_STYLE_COLOUR('',#9008);
#10500 = OVER_RIDING_STYLED_ITEM('overriding color',(#10501),#7113,#8991  );
#10501 = PRESENTATION_STYLE_ASSIGNMENT((#10502));
#10502 = SURFACE_STYLE_USAGE(.BOTH.,#10503);
#10503 = SURFACE_SIDE_STYLE('',(#10504));
#10504 = SURFACE_STYLE_FILL_AREA(#10505);
#10505 = FILL_AREA_STYLE('',(#10506));
#10506 = FILL_AREA_STYLE_COLOUR('',#9008);
#10507 = OVER_RIDING_STYLED_ITEM('overriding color',(#10508),#7155,#8991  );
#10508 = PRESENTATION_STYLE_ASSIGNMENT((#10509));
#10509 = SURFACE_STYLE_USAGE(.BOTH.,#10510);
#10510 = SURFACE_SIDE_STYLE('',(#10511));
#10511 = SURFACE_STYLE_FILL_AREA(#10512);
#10512 = FILL_AREA_STYLE('',(#10513));
#10513 = FILL_AREA_STYLE_COLOUR('',#9008);
#10514 = OVER_RIDING_STYLED_ITEM('overriding color',(#10515),#7179,#8991  );
#10515 = PRESENTATION_STYLE_ASSIGNMENT((#10516));
#10516 = SURFACE_STYLE_USAGE(.BOTH.,#10517);
#10517 = SURFACE_SIDE_STYLE('',(#10518));
#10518 = SURFACE_STYLE_FILL_AREA(#10519);
#10519 = FILL_AREA_STYLE('',(#10520));
#10520 = FILL_AREA_STYLE_COLOUR('',#9008);
#10521 = OVER_RIDING_STYLED_ITEM('overriding color',(#10522),#7221,#8991  );
#10522 = PRESENTATION_STYLE_ASSIGNMENT((#10523));
#10523 = SURFACE_STYLE_USAGE(.BOTH.,#10524);
#10524 = SURFACE_SIDE_STYLE('',(#10525));
#10525 = SURFACE_STYLE_FILL_AREA(#10526);
#10526 = FILL_AREA_STYLE('',(#10527));
#10527 = FILL_AREA_STYLE_COLOUR('',#9008);
#10528 = OVER_RIDING_STYLED_ITEM('overriding color',(#10529),#7245,#8991  );
#10529 = PRESENTATION_STYLE_ASSIGNMENT((#10530));
#10530 = SURFACE_STYLE_USAGE(.BOTH.,#10531);
#10531 = SURFACE_SIDE_STYLE('',(#10532));
#10532 = SURFACE_STYLE_FILL_AREA(#10533);
#10533 = FILL_AREA_STYLE('',(#10534));
#10534 = FILL_AREA_STYLE_COLOUR('',#9008);
#10535 = OVER_RIDING_STYLED_ITEM('overriding color',(#10536),#7287,#8991  );
#10536 = PRESENTATION_STYLE_ASSIGNMENT((#10537));
#10537 = SURFACE_STYLE_USAGE(.BOTH.,#10538);
#10538 = SURFACE_SIDE_STYLE('',(#10539));
#10539 = SURFACE_STYLE_FILL_AREA(#10540);
#10540 = FILL_AREA_STYLE('',(#10541));
#10541 = FILL_AREA_STYLE_COLOUR('',#9008);
#10542 = OVER_RIDING_STYLED_ITEM('overriding color',(#10543),#7311,#8991  );
#10543 = PRESENTATION_STYLE_ASSIGNMENT((#10544));
#10544 = SURFACE_STYLE_USAGE(.BOTH.,#10545);
#10545 = SURFACE_SIDE_STYLE('',(#10546));
#10546 = SURFACE_STYLE_FILL_AREA(#10547);
#10547 = FILL_AREA_STYLE('',(#10548));
#10548 = FILL_AREA_STYLE_COLOUR('',#9008);
#10549 = OVER_RIDING_STYLED_ITEM('overriding color',(#10550),#7353,#8991  );
#10550 = PRESENTATION_STYLE_ASSIGNMENT((#10551));
#10551 = SURFACE_STYLE_USAGE(.BOTH.,#10552);
#10552 = SURFACE_SIDE_STYLE('',(#10553));
#10553 = SURFACE_STYLE_FILL_AREA(#10554);
#10554 = FILL_AREA_STYLE('',(#10555));
#10555 = FILL_AREA_STYLE_COLOUR('',#9008);
#10556 = OVER_RIDING_STYLED_ITEM('overriding color',(#10557),#7377,#8991  );
#10557 = PRESENTATION_STYLE_ASSIGNMENT((#10558));
#10558 = SURFACE_STYLE_USAGE(.BOTH.,#10559);
#10559 = SURFACE_SIDE_STYLE('',(#10560));
#10560 = SURFACE_STYLE_FILL_AREA(#10561);
#10561 = FILL_AREA_STYLE('',(#10562));
#10562 = FILL_AREA_STYLE_COLOUR('',#9008);
#10563 = OVER_RIDING_STYLED_ITEM('overriding color',(#10564),#7419,#8991  );
#10564 = PRESENTATION_STYLE_ASSIGNMENT((#10565));
#10565 = SURFACE_STYLE_USAGE(.BOTH.,#10566);
#10566 = SURFACE_SIDE_STYLE('',(#10567));
#10567 = SURFACE_STYLE_FILL_AREA(#10568);
#10568 = FILL_AREA_STYLE('',(#10569));
#10569 = FILL_AREA_STYLE_COLOUR('',#9008);
#10570 = OVER_RIDING_STYLED_ITEM('overriding color',(#10571),#7443,#8991  );
#10571 = PRESENTATION_STYLE_ASSIGNMENT((#10572));
#10572 = SURFACE_STYLE_USAGE(.BOTH.,#10573);
#10573 = SURFACE_SIDE_STYLE('',(#10574));
#10574 = SURFACE_STYLE_FILL_AREA(#10575);
#10575 = FILL_AREA_STYLE('',(#10576));
#10576 = FILL_AREA_STYLE_COLOUR('',#9008);
#10577 = OVER_RIDING_STYLED_ITEM('overriding color',(#10578),#7485,#8991  );
#10578 = PRESENTATION_STYLE_ASSIGNMENT((#10579));
#10579 = SURFACE_STYLE_USAGE(.BOTH.,#10580);
#10580 = SURFACE_SIDE_STYLE('',(#10581));
#10581 = SURFACE_STYLE_FILL_AREA(#10582);
#10582 = FILL_AREA_STYLE('',(#10583));
#10583 = FILL_AREA_STYLE_COLOUR('',#9008);
#10584 = OVER_RIDING_STYLED_ITEM('overriding color',(#10585),#7509,#8991  );
#10585 = PRESENTATION_STYLE_ASSIGNMENT((#10586));
#10586 = SURFACE_STYLE_USAGE(.BOTH.,#10587);
#10587 = SURFACE_SIDE_STYLE('',(#10588));
#10588 = SURFACE_STYLE_FILL_AREA(#10589);
#10589 = FILL_AREA_STYLE('',(#10590));
#10590 = FILL_AREA_STYLE_COLOUR('',#9008);
#10591 = OVER_RIDING_STYLED_ITEM('overriding color',(#10592),#7551,#8991  );
#10592 = PRESENTATION_STYLE_ASSIGNMENT((#10593));
#10593 = SURFACE_STYLE_USAGE(.BOTH.,#10594);
#10594 = SURFACE_SIDE_STYLE('',(#10595));
#10595 = SURFACE_STYLE_FILL_AREA(#10596);
#10596 = FILL_AREA_STYLE('',(#10597));
#10597 = FILL_AREA_STYLE_COLOUR('',#9008);
#10598 = OVER_RIDING_STYLED_ITEM('overriding color',(#10599),#7575,#8991  );
#10599 = PRESENTATION_STYLE_ASSIGNMENT((#10600));
#10600 = SURFACE_STYLE_USAGE(.BOTH.,#10601);
#10601 = SURFACE_SIDE_STYLE('',(#10602));
#10602 = SURFACE_STYLE_FILL_AREA(#10603);
#10603 = FILL_AREA_STYLE('',(#10604));
#10604 = FILL_AREA_STYLE_COLOUR('',#9008);
#10605 = OVER_RIDING_STYLED_ITEM('overriding color',(#10606),#7617,#8991  );
#10606 = PRESENTATION_STYLE_ASSIGNMENT((#10607));
#10607 = SURFACE_STYLE_USAGE(.BOTH.,#10608);
#10608 = SURFACE_SIDE_STYLE('',(#10609));
#10609 = SURFACE_STYLE_FILL_AREA(#10610);
#10610 = FILL_AREA_STYLE('',(#10611));
#10611 = FILL_AREA_STYLE_COLOUR('',#9008);
#10612 = OVER_RIDING_STYLED_ITEM('overriding color',(#10613),#7641,#8991  );
#10613 = PRESENTATION_STYLE_ASSIGNMENT((#10614));
#10614 = SURFACE_STYLE_USAGE(.BOTH.,#10615);
#10615 = SURFACE_SIDE_STYLE('',(#10616));
#10616 = SURFACE_STYLE_FILL_AREA(#10617);
#10617 = FILL_AREA_STYLE('',(#10618));
#10618 = FILL_AREA_STYLE_COLOUR('',#9008);
#10619 = OVER_RIDING_STYLED_ITEM('overriding color',(#10620),#7683,#8991  );
#10620 = PRESENTATION_STYLE_ASSIGNMENT((#10621));
#10621 = SURFACE_STYLE_USAGE(.BOTH.,#10622);
#10622 = SURFACE_SIDE_STYLE('',(#10623));
#10623 = SURFACE_STYLE_FILL_AREA(#10624);
#10624 = FILL_AREA_STYLE('',(#10625));
#10625 = FILL_AREA_STYLE_COLOUR('',#9008);
#10626 = OVER_RIDING_STYLED_ITEM('overriding color',(#10627),#7707,#8991  );
#10627 = PRESENTATION_STYLE_ASSIGNMENT((#10628));
#10628 = SURFACE_STYLE_USAGE(.BOTH.,#10629);
#10629 = SURFACE_SIDE_STYLE('',(#10630));
#10630 = SURFACE_STYLE_FILL_AREA(#10631);
#10631 = FILL_AREA_STYLE('',(#10632));
#10632 = FILL_AREA_STYLE_COLOUR('',#9008);
#10633 = OVER_RIDING_STYLED_ITEM('overriding color',(#10634),#7749,#8991  );
#10634 = PRESENTATION_STYLE_ASSIGNMENT((#10635));
#10635 = SURFACE_STYLE_USAGE(.BOTH.,#10636);
#10636 = SURFACE_SIDE_STYLE('',(#10637));
#10637 = SURFACE_STYLE_FILL_AREA(#10638);
#10638 = FILL_AREA_STYLE('',(#10639));
#10639 = FILL_AREA_STYLE_COLOUR('',#9008);
#10640 = OVER_RIDING_STYLED_ITEM('overriding color',(#10641),#7773,#8991  );
#10641 = PRESENTATION_STYLE_ASSIGNMENT((#10642));
#10642 = SURFACE_STYLE_USAGE(.BOTH.,#10643);
#10643 = SURFACE_SIDE_STYLE('',(#10644));
#10644 = SURFACE_STYLE_FILL_AREA(#10645);
#10645 = FILL_AREA_STYLE('',(#10646));
#10646 = FILL_AREA_STYLE_COLOUR('',#9008);
#10647 = OVER_RIDING_STYLED_ITEM('overriding color',(#10648),#7815,#8991  );
#10648 = PRESENTATION_STYLE_ASSIGNMENT((#10649));
#10649 = SURFACE_STYLE_USAGE(.BOTH.,#10650);
#10650 = SURFACE_SIDE_STYLE('',(#10651));
#10651 = SURFACE_STYLE_FILL_AREA(#10652);
#10652 = FILL_AREA_STYLE('',(#10653));
#10653 = FILL_AREA_STYLE_COLOUR('',#9008);
#10654 = OVER_RIDING_STYLED_ITEM('overriding color',(#10655),#7839,#8991  );
#10655 = PRESENTATION_STYLE_ASSIGNMENT((#10656));
#10656 = SURFACE_STYLE_USAGE(.BOTH.,#10657);
#10657 = SURFACE_SIDE_STYLE('',(#10658));
#10658 = SURFACE_STYLE_FILL_AREA(#10659);
#10659 = FILL_AREA_STYLE('',(#10660));
#10660 = FILL_AREA_STYLE_COLOUR('',#9008);
#10661 = OVER_RIDING_STYLED_ITEM('overriding color',(#10662),#7881,#8991  );
#10662 = PRESENTATION_STYLE_ASSIGNMENT((#10663));
#10663 = SURFACE_STYLE_USAGE(.BOTH.,#10664);
#10664 = SURFACE_SIDE_STYLE('',(#10665));
#10665 = SURFACE_STYLE_FILL_AREA(#10666);
#10666 = FILL_AREA_STYLE('',(#10667));
#10667 = FILL_AREA_STYLE_COLOUR('',#9008);


ENDSEC;
END-ISO-10303-21;